title,year,doi,openalex_id,cited_by,is_oa,pdf_url,landing_url,venue,pipeline_stage_reached
High-quality bulk hybrid perovskite single crystals within minutes by inverse temperature crystallization,2015,10.1038/ncomms8586,https://openalex.org/W773815729,1843,True,https://www.nature.com/articles/ncomms8586.pdf,https://doi.org/10.1038/ncomms8586,Nature Communications,pdf_downloaded
Van der Waals integration before and beyond two-dimensional materials,2019,10.1038/s41586-019-1013-x,https://openalex.org/W2925217409,1442,True,https://www.nature.com/articles/s41586-019-1013-x.pdf,https://doi.org/10.1038/s41586-019-1013-x,Nature,pdf_downloaded
Perovskite Materials for Light‐Emitting Diodes and Lasers,2016,10.1002/adma.201600669,https://openalex.org/W2396261957,1429,True,https://onlinelibrary.wiley.com/doi/pdfdirect/10.1002/adma.201600669,https://doi.org/10.1002/adma.201600669,Advanced Materials,candidate
High efficiency planar-type perovskite solar cells with negligible hysteresis using EDTA-complexed SnO2,2018,10.1038/s41467-018-05760-x,https://openalex.org/W2885088646,1367,True,https://www.nature.com/articles/s41467-018-05760-x.pdf,https://doi.org/10.1038/s41467-018-05760-x,Nature Communications,pdf_downloaded
Highly efficient planar perovskite solar cells through band alignment engineering,2015,10.1039/c5ee02608c,https://openalex.org/W1941396097,1234,True,https://pubs.rsc.org/en/content/articlepdf/2015/ee/c5ee02608c,https://doi.org/10.1039/c5ee02608c,Energy & Environmental Science,pdf_downloaded
"Humidity Sensors Principle, Mechanism, and Fabrication Technologies: A Comprehensive Review",2014,10.3390/s140507881,https://openalex.org/W2001086979,1218,True,https://www.mdpi.com/1424-8220/14/5/7881/pdf?version=1403353770,https://doi.org/10.3390/s140507881,Sensors,candidate
Recent progress in metal–organic complexes for optoelectronic applications,2014,10.1039/c3cs60449g,https://openalex.org/W2171635616,1126,True,https://pubs.rsc.org/en/content/articlepdf/2014/cs/c3cs60449g,https://doi.org/10.1039/c3cs60449g,Chemical Society Reviews,pdf_downloaded
End-to-end design of wearable sensors,2022,10.1038/s41578-022-00460-x,https://openalex.org/W4286560842,1034,True,https://www.nature.com/articles/s41578-022-00460-x.pdf,https://doi.org/10.1038/s41578-022-00460-x,Nature Reviews Materials,pdf_downloaded
Metal oxide nanoparticles and their applications in nanotechnology,2019,10.1007/s42452-019-0592-3,https://openalex.org/W2944906172,1001,True,https://link.springer.com/content/pdf/10.1007/s42452-019-0592-3.pdf,https://doi.org/10.1007/s42452-019-0592-3,SN Applied Sciences,pdf_downloaded
Efficient green light-emitting diodes based on quasi-two-dimensional composition and phase engineered perovskite with surface passivation,2018,10.1038/s41467-018-02978-7,https://openalex.org/W2800279715,979,True,https://www.nature.com/articles/s41467-018-02978-7.pdf,https://doi.org/10.1038/s41467-018-02978-7,Nature Communications,pdf_downloaded
Covalent organic frameworks: an ideal platform for designing ordered materials and advanced applications,2020,10.1039/d0cs00620c,https://openalex.org/W3111457036,978,True,https://pubs.rsc.org/en/content/articlepdf/2021/cs/d0cs00620c,https://doi.org/10.1039/d0cs00620c,Chemical Society Reviews,pdf_downloaded
Strain engineering in perovskite solar cells and its impacts on carrier dynamics,2019,10.1038/s41467-019-08507-4,https://openalex.org/W2912153941,974,True,https://www.nature.com/articles/s41467-019-08507-4.pdf,https://doi.org/10.1038/s41467-019-08507-4,Nature Communications,pdf_downloaded
Machine learning in materials science,2019,10.1002/inf2.12028,https://openalex.org/W2972418846,944,True,https://onlinelibrary.wiley.com/doi/pdfdirect/10.1002/inf2.12028,https://doi.org/10.1002/inf2.12028,InfoMat,candidate
Highly Reproducible Sn‐Based Hybrid Perovskite Solar Cells with 9% Efficiency,2017,10.1002/aenm.201702019,https://openalex.org/W2760629443,883,True,https://onlinelibrary.wiley.com/doi/pdfdirect/10.1002/aenm.201702019,https://doi.org/10.1002/aenm.201702019,Advanced Energy Materials,candidate
Ultra-bright and highly efficient inorganic based perovskite light-emitting diodes,2017,10.1038/ncomms15640,https://openalex.org/W2623955189,843,True,https://www.nature.com/articles/ncomms15640.pdf,https://doi.org/10.1038/ncomms15640,Nature Communications,pdf_downloaded
Chiral-perovskite optoelectronics,2020,10.1038/s41578-020-0181-5,https://openalex.org/W3011088795,821,True,https://www.nature.com/articles/s41578-020-0181-5.pdf,https://doi.org/10.1038/s41578-020-0181-5,Nature Reviews Materials,pdf_downloaded
Universal passivation strategy to slot-die printed SnO2 for hysteresis-free efficient flexible perovskite solar module,2018,10.1038/s41467-018-07099-9,https://openalex.org/W2898941509,804,True,https://www.nature.com/articles/s41467-018-07099-9.pdf,https://doi.org/10.1038/s41467-018-07099-9,Nature Communications,pdf_downloaded
Accelerating the discovery of materials for clean energy in the era of smart automation,2018,10.1038/s41578-018-0005-z,https://openalex.org/W2799915630,745,True,https://www.nature.com/articles/s41578-018-0005-z.pdf,https://doi.org/10.1038/s41578-018-0005-z,Nature Reviews Materials,pdf_downloaded
"Indoor Air Pollution, Related Human Diseases, and Recent Trends in the Control and Improvement of Indoor Air Quality",2020,10.3390/ijerph17082927,https://openalex.org/W3020484714,736,True,https://www.mdpi.com/1660-4601/17/8/2927/pdf?version=1587738024,https://doi.org/10.3390/ijerph17082927,International Journal of Environmental Research and Public Health,candidate
Color-stable highly luminescent sky-blue perovskite light-emitting diodes,2018,10.1038/s41467-018-05909-8,https://openalex.org/W2888115472,711,True,https://www.nature.com/articles/s41467-018-05909-8.pdf,https://doi.org/10.1038/s41467-018-05909-8,Nature Communications,pdf_downloaded
"Recycling of Lithium‐Ion Batteries—Current State of the Art, Circular Economy, and Next Generation Recycling",2022,10.1002/aenm.202102917,https://openalex.org/W4205771230,690,True,https://onlinelibrary.wiley.com/doi/pdfdirect/10.1002/aenm.202102917,https://doi.org/10.1002/aenm.202102917,Advanced Energy Materials,candidate
Reduced graphene oxide today,2019,10.1039/c9tc04916a,https://openalex.org/W2997981563,669,True,https://pubs.rsc.org/en/content/articlepdf/2020/tc/c9tc04916a,https://doi.org/10.1039/c9tc04916a,Journal of Materials Chemistry C,candidate
Electrode Materials for Supercapacitors: A Review of Recent Advances,2020,10.3390/catal10090969,https://openalex.org/W3082954565,658,True,https://www.mdpi.com/2073-4344/10/9/969/pdf?version=1598493922,https://doi.org/10.3390/catal10090969,Catalysts,candidate
A polymer scaffold for self-healing perovskite solar cells,2016,10.1038/ncomms10228,https://openalex.org/W2397919288,658,True,https://www.nature.com/articles/ncomms10228.pdf,https://doi.org/10.1038/ncomms10228,Nature Communications,pdf_downloaded
Surface passivation engineering strategy to fully-inorganic cubic CsPbI3 perovskites for high-performance solar cells,2018,10.1038/s41467-018-03169-0,https://openalex.org/W2789697021,656,True,https://www.nature.com/articles/s41467-018-03169-0.pdf,https://doi.org/10.1038/s41467-018-03169-0,Nature Communications,pdf_downloaded
A Review on Metasurface: From Principle to Smart Metadevices,2021,10.3389/fphy.2020.586087,https://openalex.org/W3128209717,645,True,https://www.frontiersin.org/articles/10.3389/fphy.2020.586087/pdf,https://doi.org/10.3389/fphy.2020.586087,Frontiers in Physics,pdf_downloaded
Highly efficient all-inorganic perovskite solar cells with suppressed non-radiative recombination by a Lewis base,2020,10.1038/s41467-019-13909-5,https://openalex.org/W2999691245,632,True,https://www.nature.com/articles/s41467-019-13909-5.pdf,https://doi.org/10.1038/s41467-019-13909-5,Nature Communications,pdf_downloaded
Solvent-controlled growth of inorganic perovskite films in dry environment for efficient and stable solar cells,2018,10.1038/s41467-018-04636-4,https://openalex.org/W2806673750,628,True,https://www.nature.com/articles/s41467-018-04636-4.pdf,https://doi.org/10.1038/s41467-018-04636-4,Nature Communications,pdf_downloaded
A molecular nematic liquid crystalline material for high-performance organic photovoltaics,2015,10.1038/ncomms7013,https://openalex.org/W2085915663,617,True,https://www.nature.com/articles/ncomms7013.pdf,https://doi.org/10.1038/ncomms7013,Nature Communications,pdf_downloaded
Progress in understanding structure and transport properties of PEDOT-based materials: A critical review,2019,10.1016/j.pmatsci.2019.100616,https://openalex.org/W2984074512,617,True,https://www.sciencedirect.com/science/article/am/pii/S0079642519300982?via%3Dihub,https://doi.org/10.1016/j.pmatsci.2019.100616,Progress in Materials Science,candidate
Flexible Perovskite Photovoltaic Modules and Solar Cells Based on Atomic Layer Deposited Compact Layers and UV‐Irradiated TiO<sub>2</sub> Scaffolds on Plastic Substrates,2015,10.1002/aenm.201401808,https://openalex.org/W2150690597,586,True,https://onlinelibrary.wiley.com/doi/pdfdirect/10.1002/aenm.201401808,https://doi.org/10.1002/aenm.201401808,Advanced Energy Materials,candidate
"Preparations, Properties, and Applications of Polyaniline and Polyaniline Thin Films—A Review",2021,10.3390/polym13122003,https://openalex.org/W3175137827,581,True,https://www.mdpi.com/2073-4360/13/12/2003/pdf?version=1624351148,https://doi.org/10.3390/polym13122003,Polymers,candidate
Perovskite-polymer composite cross-linker approach for highly-stable and efficient perovskite solar cells,2019,10.1038/s41467-019-08455-z,https://openalex.org/W2914692117,562,True,https://www.nature.com/articles/s41467-019-08455-z.pdf,https://doi.org/10.1038/s41467-019-08455-z,Nature Communications,pdf_downloaded
Modulation of recombination zone position for quasi-two-dimensional blue perovskite light-emitting diodes with efficiency exceeding 5%,2019,10.1038/s41467-019-09011-5,https://openalex.org/W2919782722,558,True,https://www.nature.com/articles/s41467-019-09011-5.pdf,https://doi.org/10.1038/s41467-019-09011-5,Nature Communications,pdf_downloaded
Recent advances in organic light-emitting diodes: toward smart lighting and displays,2019,10.1039/c9qm00716d,https://openalex.org/W2996329972,556,True,https://pubs.rsc.org/en/content/articlepdf/2020/qm/c9qm00716d,https://doi.org/10.1039/c9qm00716d,Materials Chemistry Frontiers,pdf_downloaded
Circularly polarized light detection using chiral hybrid perovskite,2019,10.1038/s41467-019-09942-z,https://openalex.org/W2941942848,552,True,https://www.nature.com/articles/s41467-019-09942-z.pdf,https://doi.org/10.1038/s41467-019-09942-z,Nature Communications,pdf_downloaded
Types of Solar Cells and Application,2015,10.11648/j.ajop.20150305.17,https://openalex.org/W1529571442,548,True,http://article.sciencepublishinggroup.com/pdf/10.11648.j.ajop.20150305.17.pdf,https://doi.org/10.11648/j.ajop.20150305.17,American Journal of Optics and Photonics,pdf_downloaded
Metal halide perovskite light emitters,2016,10.1073/pnas.1607471113,https://openalex.org/W2525292295,538,True,https://www.pnas.org/content/pnas/113/42/11694.full.pdf,https://doi.org/10.1073/pnas.1607471113,Proceedings of the National Academy of Sciences,pdf_downloaded
Recent Progress on Piezoelectric and Triboelectric Energy Harvesters in Biomedical Systems,2017,10.1002/advs.201700029,https://openalex.org/W2603913268,537,True,https://onlinelibrary.wiley.com/doi/pdfdirect/10.1002/advs.201700029,https://doi.org/10.1002/advs.201700029,Advanced Science,candidate
Facile fabrication of large-grain CH3NH3PbI3−xBrx films for high-efficiency solar cells via CH3NH3Br-selective Ostwald ripening,2016,10.1038/ncomms12305,https://openalex.org/W2478184717,526,True,https://www.nature.com/articles/ncomms12305.pdf,https://doi.org/10.1038/ncomms12305,Nature Communications,pdf_downloaded
New frontiers for the materials genome initiative,2019,10.1038/s41524-019-0173-4,https://openalex.org/W2929465105,525,True,https://www.nature.com/articles/s41524-019-0173-4.pdf,https://doi.org/10.1038/s41524-019-0173-4,npj Computational Materials,pdf_downloaded
Defects engineering for high-performance perovskite solar cells,2018,10.1038/s41528-018-0035-z,https://openalex.org/W2883938439,518,True,https://www.nature.com/articles/s41528-018-0035-z.pdf,https://doi.org/10.1038/s41528-018-0035-z,npj Flexible Electronics,pdf_downloaded
Large guanidinium cation mixed with methylammonium in lead iodide perovskites for 19% efficient solar cells,2017,10.1038/s41560-017-0054-3,https://openalex.org/W2771319237,515,True,https://www.nature.com/articles/s41560-017-0054-3.pdf,https://doi.org/10.1038/s41560-017-0054-3,Nature Energy,pdf_downloaded
"Zinc Anode for Mild Aqueous Zinc-Ion Batteries: Challenges, Strategies, and Perspectives",2022,10.1007/s40820-021-00782-5,https://openalex.org/W4206321081,510,True,https://link.springer.com/content/pdf/10.1007/s40820-021-00782-5.pdf,https://doi.org/10.1007/s40820-021-00782-5,Nano-Micro Letters,pdf_downloaded
"Synthesis, optoelectronic properties and applications of halide perovskites",2020,10.1039/c9cs00848a,https://openalex.org/W3020144358,506,True,https://pubs.rsc.org/en/content/articlepdf/2020/cs/c9cs00848a,https://doi.org/10.1039/c9cs00848a,Chemical Society Reviews,candidate
Dye-sensitized solar cells strike back,2021,10.1039/d0cs01336f,https://openalex.org/W3203019058,499,True,https://pubs.rsc.org/en/content/articlepdf/2021/cs/d0cs01336f,https://doi.org/10.1039/d0cs01336f,Chemical Society Reviews,pdf_downloaded
Conversion of invisible metal-organic frameworks to luminescent perovskite nanocrystals for confidential information encryption and decryption,2017,10.1038/s41467-017-01248-2,https://openalex.org/W2766836967,499,True,https://www.nature.com/articles/s41467-017-01248-2.pdf,https://doi.org/10.1038/s41467-017-01248-2,Nature Communications,pdf_downloaded
Piezoelectric Nano‐Biomaterials for Biomedicine and Tissue Regeneration,2020,10.1002/adfm.201909045,https://openalex.org/W3008594216,497,True,https://onlinelibrary.wiley.com/doi/pdfdirect/10.1002/adfm.201909045,https://doi.org/10.1002/adfm.201909045,Advanced Functional Materials,candidate
Nucleation-controlled growth of superior lead-free perovskite Cs3Bi2I9 single-crystals for high-performance X-ray detection,2020,10.1038/s41467-020-16034-w,https://openalex.org/W3022329226,495,True,https://www.nature.com/articles/s41467-020-16034-w.pdf,https://doi.org/10.1038/s41467-020-16034-w,Nature Communications,pdf_downloaded
Monolithic Perovskite Tandem Solar Cells: A Review of the Present Status and Advanced Characterization Methods Toward 30% Efficiency,2020,10.1002/aenm.201904102,https://openalex.org/W3023269376,492,True,https://onlinelibrary.wiley.com/doi/pdfdirect/10.1002/aenm.201904102,https://doi.org/10.1002/aenm.201904102,Advanced Energy Materials,candidate
Trifluoroacetate induced small-grained CsPbBr3 perovskite films result in efficient and stable light-emitting devices,2019,10.1038/s41467-019-08425-5,https://openalex.org/W2914440772,488,True,https://www.nature.com/articles/s41467-019-08425-5.pdf,https://doi.org/10.1038/s41467-019-08425-5,Nature Communications,pdf_downloaded
Advances in flexible organic field-effect transistors and their applications for flexible electronics,2022,10.1038/s41528-022-00133-3,https://openalex.org/W4205740463,486,True,https://www.nature.com/articles/s41528-022-00133-3.pdf,https://doi.org/10.1038/s41528-022-00133-3,npj Flexible Electronics,pdf_downloaded
Mixed‐Organic‐Cation Tin Iodide for Lead‐Free Perovskite Solar Cells with an Efficiency of 8.12%,2017,10.1002/advs.201700204,https://openalex.org/W2734778715,486,True,https://onlinelibrary.wiley.com/doi/pdfdirect/10.1002/advs.201700204,https://doi.org/10.1002/advs.201700204,Advanced Science,candidate
Lattice strain causes non-radiative losses in halide perovskites,2019,10.1039/c8ee02751j,https://openalex.org/W2911095050,486,True,https://pubs.rsc.org/en/content/articlepdf/2019/ee/c8ee02751j,https://doi.org/10.1039/c8ee02751j,Energy & Environmental Science,pdf_downloaded
All-inorganic cesium lead iodide perovskite solar cells with stabilized efficiency beyond 15%,2018,10.1038/s41467-018-06915-6,https://openalex.org/W2898318364,486,True,https://www.nature.com/articles/s41467-018-06915-6.pdf,https://doi.org/10.1038/s41467-018-06915-6,Nature Communications,pdf_downloaded
"The versatile biomedical applications of bismuth-based nanoparticles and composites: therapeutic, diagnostic, biosensing, and regenerative properties",2020,10.1039/c9cs00283a,https://openalex.org/W3003821136,483,True,https://pubs.rsc.org/en/content/articlepdf/2020/cs/c9cs00283a,https://doi.org/10.1039/c9cs00283a,Chemical Society Reviews,pdf_downloaded
Solution-processed perovskite light emitting diodes with efficiency exceeding 15% through additive-controlled nanostructure tailoring,2018,10.1038/s41467-018-06425-5,https://openalex.org/W2891879216,482,True,https://www.nature.com/articles/s41467-018-06425-5.pdf,https://doi.org/10.1038/s41467-018-06425-5,Nature Communications,pdf_downloaded
"Colloidal lead halide perovskite nanocrystals: synthesis, optical properties and applications",2016,10.1038/am.2016.167,https://openalex.org/W2555716431,479,True,https://www.nature.com/articles/am2016167.pdf,https://doi.org/10.1038/am.2016.167,NPG Asia Materials,pdf_downloaded
High-performance quasi-2D perovskite light-emitting diodes: from materials to devices,2021,10.1038/s41377-021-00501-0,https://openalex.org/W3138583285,477,True,https://www.nature.com/articles/s41377-021-00501-0.pdf,https://doi.org/10.1038/s41377-021-00501-0,Light Science & Applications,pdf_downloaded
Recent Progresses in Electrocatalysts for Water Electrolysis,2018,10.1007/s41918-018-0014-z,https://openalex.org/W2883757223,475,True,https://link.springer.com/content/pdf/10.1007/s41918-018-0014-z.pdf,https://doi.org/10.1007/s41918-018-0014-z,Electrochemical Energy Reviews,pdf_downloaded
Spectra stable blue perovskite light-emitting diodes,2019,10.1038/s41467-019-09794-7,https://openalex.org/W2940595295,471,True,https://www.nature.com/articles/s41467-019-09794-7.pdf,https://doi.org/10.1038/s41467-019-09794-7,Nature Communications,pdf_downloaded
Interfacial Materials for Organic Solar Cells: Recent Advances and Perspectives,2016,10.1002/advs.201500362,https://openalex.org/W2281370366,463,True,https://onlinelibrary.wiley.com/doi/pdfdirect/10.1002/advs.201500362,https://doi.org/10.1002/advs.201500362,Advanced Science,candidate
Mixed halide perovskites for spectrally stable and high-efficiency blue light-emitting diodes,2021,10.1038/s41467-020-20582-6,https://openalex.org/W3120423813,460,True,https://www.nature.com/articles/s41467-020-20582-6.pdf,https://doi.org/10.1038/s41467-020-20582-6,Nature Communications,pdf_downloaded
Impact of H<sub>2</sub>O on organic–inorganic hybrid perovskite solar cells,2017,10.1039/c7ee01674c,https://openalex.org/W2758692133,459,True,https://pubs.rsc.org/en/content/articlepdf/2017/ee/c7ee01674c,https://doi.org/10.1039/c7ee01674c,Energy & Environmental Science,pdf_downloaded
The rise of self-driving labs in chemical and materials sciences,2023,10.1038/s44160-022-00231-0,https://openalex.org/W4318486595,457,True,https://www.nature.com/articles/s44160-022-00231-0.pdf,https://doi.org/10.1038/s44160-022-00231-0,Nature Synthesis,pdf_downloaded
Emerging electrochemical energy conversion and storage technologies,2014,10.3389/fchem.2014.00079,https://openalex.org/W2161867954,456,True,https://www.frontiersin.org/articles/10.3389/fchem.2014.00079/pdf,https://doi.org/10.3389/fchem.2014.00079,Frontiers in Chemistry,pdf_downloaded
Aqueous dye-sensitized solar cells,2015,10.1039/c4cs00456f,https://openalex.org/W2163203770,453,True,https://pubs.rsc.org/en/content/articlepdf/2015/cs/c4cs00456f,https://doi.org/10.1039/c4cs00456f,Chemical Society Reviews,pdf_downloaded
Degradation mechanism of hybrid tin-based perovskite solar cells and the critical role of tin (IV) iodide,2021,10.1038/s41467-021-22864-z,https://openalex.org/W3160621054,453,True,https://www.nature.com/articles/s41467-021-22864-z.pdf,https://doi.org/10.1038/s41467-021-22864-z,Nature Communications,pdf_downloaded
Status and perspectives of key materials for PEM electrolyzer,2022,10.26599/nre.2022.9120032,https://openalex.org/W4295011639,440,True,https://www.sciopen.com/article_pdf/1567427372770799617.pdf,https://doi.org/10.26599/nre.2022.9120032,Nano Research Energy,pdf_downloaded
Recent Progress on the Long‐Term Stability of Perovskite Solar Cells,2018,10.1002/advs.201700387,https://openalex.org/W2790911031,438,True,https://onlinelibrary.wiley.com/doi/pdfdirect/10.1002/advs.201700387,https://doi.org/10.1002/advs.201700387,Advanced Science,candidate
Semiconducting Metal Oxide Based Sensors for Selective Gas Pollutant Detection,2009,10.3390/s91008158,https://openalex.org/W2128742521,435,True,https://www.mdpi.com/1424-8220/9/10/8158/pdf?version=1403311813,https://doi.org/10.3390/s91008158,Sensors,candidate
Lead halide perovskites for photocatalytic organic synthesis,2019,10.1038/s41467-019-10634-x,https://openalex.org/W2955361498,433,True,https://www.nature.com/articles/s41467-019-10634-x.pdf,https://doi.org/10.1038/s41467-019-10634-x,Nature Communications,pdf_downloaded
Advanced Materials for Use in Soft Self‐Healing Devices,2017,10.1002/adma.201604973,https://openalex.org/W2590494583,428,True,https://onlinelibrary.wiley.com/doi/pdfdirect/10.1002/adma.201604973,https://doi.org/10.1002/adma.201604973,Advanced Materials,candidate
Graphene Oxide and Derivatives: The Place in Graphene Family,2019,10.3389/fphy.2018.00149,https://openalex.org/W2912008130,426,True,https://www.frontiersin.org/articles/10.3389/fphy.2018.00149/pdf,https://doi.org/10.3389/fphy.2018.00149,Frontiers in Physics,pdf_downloaded
The 2020 photovoltaic technologies roadmap,2020,10.1088/1361-6463/ab9c6a,https://openalex.org/W3034837531,421,True,https://iopscience.iop.org/article/10.1088/1361-6463/ab9c6a/pdf,https://doi.org/10.1088/1361-6463/ab9c6a,Journal of Physics D Applied Physics,pdf_downloaded
A general approach to high-efficiency perovskite solar cells by any antisolvent,2021,10.1038/s41467-021-22049-8,https://openalex.org/W3129036993,417,True,https://www.nature.com/articles/s41467-021-22049-8.pdf,https://doi.org/10.1038/s41467-021-22049-8,Nature Communications,pdf_downloaded
"Progress, challenges and perspectives in flexible perovskite solar cells",2016,10.1039/c6ee01137c,https://openalex.org/W2516530664,417,True,https://pubs.rsc.org/en/content/articlepdf/2016/ee/c6ee01137c,https://doi.org/10.1039/c6ee01137c,Energy & Environmental Science,pdf_downloaded
Smoothing the energy transfer pathway in quasi-2D perovskite films using methanesulfonate leads to highly efficient light-emitting devices,2021,10.1038/s41467-021-21522-8,https://openalex.org/W3131699578,415,True,https://www.nature.com/articles/s41467-021-21522-8.pdf,https://doi.org/10.1038/s41467-021-21522-8,Nature Communications,pdf_downloaded
Molecular doping enabled scalable blading of efficient hole-transport-layer-free perovskite solar cells,2018,10.1038/s41467-018-04028-8,https://openalex.org/W4239574994,413,True,https://www.nature.com/articles/s41467-018-04028-8.pdf,https://doi.org/10.1038/s41467-018-04028-8,Nature Communications,pdf_downloaded
A review of aerosol jet printing—a non-traditional hybrid process for micro-manufacturing,2019,10.1007/s00170-019-03438-2,https://openalex.org/W2944404756,413,True,https://link.springer.com/content/pdf/10.1007/s00170-019-03438-2.pdf,https://doi.org/10.1007/s00170-019-03438-2,The International Journal of Advanced Manufacturing Technology,pdf_downloaded
Perovskite seeding growth of formamidinium-lead-iodide-based perovskites for efficient and stable solar cells,2018,10.1038/s41467-018-04029-7,https://openalex.org/W2801523206,402,True,https://www.nature.com/articles/s41467-018-04029-7.pdf,https://doi.org/10.1038/s41467-018-04029-7,Nature Communications,pdf_downloaded
Dye Sensitized Solar Cells,2010,10.3390/ijms11031103,https://openalex.org/W3146047478,395,True,https://www.mdpi.com/1422-0067/11/3/1103/pdf?version=1403139375,https://doi.org/10.3390/ijms11031103,International Journal of Molecular Sciences,candidate
"Cellulose Nanopaper: Fabrication, Functionalization, and Applications",2022,10.1007/s40820-022-00849-x,https://openalex.org/W4223533700,393,True,https://link.springer.com/content/pdf/10.1007/s40820-022-00849-x.pdf,https://doi.org/10.1007/s40820-022-00849-x,Nano-Micro Letters,search_only
Fundamentals and comprehensive insights on pulsed laser synthesis of advanced materials for diverse photo- and electrocatalytic applications,2022,10.1038/s41377-022-00904-7,https://openalex.org/W4291285610,388,True,https://www.nature.com/articles/s41377-022-00904-7.pdf,https://doi.org/10.1038/s41377-022-00904-7,Light Science & Applications,search_only
Colloidal quantum dot lasers,2021,10.1038/s41578-020-00274-9,https://openalex.org/W3132333260,386,True,https://www.nature.com/articles/s41578-020-00274-9.pdf,https://doi.org/10.1038/s41578-020-00274-9,Nature Reviews Materials,search_only
Highly stable flexible pressure sensors with a quasi-homogeneous composition and interlinked interfaces,2022,10.1038/s41467-022-29093-y,https://openalex.org/W4221009261,382,True,https://www.nature.com/articles/s41467-022-29093-y.pdf,https://doi.org/10.1038/s41467-022-29093-y,Nature Communications,pdf_downloaded
Lead-Free Perovskite Materials for Solar Cells,2021,10.1007/s40820-020-00578-z,https://openalex.org/W3125938257,376,True,https://link.springer.com/content/pdf/10.1007/s40820-020-00578-z.pdf,https://doi.org/10.1007/s40820-020-00578-z,Nano-Micro Letters,pdf_downloaded
Advances in the Application of Perovskite Materials,2023,10.1007/s40820-023-01140-3,https://openalex.org/W4383710709,374,True,https://link.springer.com/content/pdf/10.1007/s40820-023-01140-3.pdf,https://doi.org/10.1007/s40820-023-01140-3,Nano-Micro Letters,search_only
Understanding how excess lead iodide precursor improves halide perovskite solar cell performance,2018,10.1038/s41467-018-05583-w,https://openalex.org/W2886506777,369,True,https://www.nature.com/articles/s41467-018-05583-w.pdf,https://doi.org/10.1038/s41467-018-05583-w,Nature Communications,pdf_downloaded
Stability of perovskite solar cells: issues and prospects,2023,10.1039/d2ra05903g,https://openalex.org/W4313893985,366,True,https://pubs.rsc.org/en/content/articlepdf/2023/ra/d2ra05903g,https://doi.org/10.1039/d2ra05903g,RSC Advances,pdf_downloaded
X-ray Scintillation in Lead Halide Perovskite Crystals,2016,10.1038/srep37254,https://openalex.org/W2556394029,366,True,https://www.nature.com/articles/srep37254.pdf,https://doi.org/10.1038/srep37254,Scientific Reports,pdf_downloaded
A chemically inert bismuth interlayer enhances long-term stability of inverted perovskite solar cells,2019,10.1038/s41467-019-09167-0,https://openalex.org/W2922321003,362,True,https://www.nature.com/articles/s41467-019-09167-0.pdf,https://doi.org/10.1038/s41467-019-09167-0,Nature Communications,pdf_downloaded
Biodegradable Materials and Green Processing for Green Electronics,2020,10.1002/adma.202001591,https://openalex.org/W3037572749,360,True,https://onlinelibrary.wiley.com/doi/pdfdirect/10.1002/adma.202001591,https://doi.org/10.1002/adma.202001591,Advanced Materials,search_only
How the formation of interfacial charge causes hysteresis in perovskite solar cells,2018,10.1039/c8ee01447g,https://openalex.org/W2805286264,360,True,https://pubs.rsc.org/en/content/articlepdf/2018/ee/c8ee01447g,https://doi.org/10.1039/c8ee01447g,Energy & Environmental Science,pdf_downloaded
Advanced research trends in dye-sensitized solar cells,2021,10.1039/d1ta00690h,https://openalex.org/W3135544178,356,True,https://pubs.rsc.org/en/content/articlepdf/2021/ta/d1ta00690h,https://doi.org/10.1039/d1ta00690h,Journal of Materials Chemistry A,search_only
"Tin oxide for optoelectronic, photovoltaic and energy storage devices: a review",2021,10.1039/d1ta01291f,https://openalex.org/W3176233721,349,True,https://pubs.rsc.org/en/content/articlepdf/2021/ta/d1ta01291f,https://doi.org/10.1039/d1ta01291f,Journal of Materials Chemistry A,search_only
"Flexible Electronics: Status, Challenges and Opportunities",2020,10.3389/felec.2020.594003,https://openalex.org/W3091383201,349,True,https://www.frontiersin.org/articles/10.3389/felec.2020.594003/pdf,https://doi.org/10.3389/felec.2020.594003,Frontiers in Electronics,search_only
Interstitial Occupancy by Extrinsic Alkali Cations in Perovskites and Its Impact on Ion Migration,2018,10.1002/adma.201707350,https://openalex.org/W2799799881,344,True,https://onlinelibrary.wiley.com/doi/pdfdirect/10.1002/adma.201707350,https://doi.org/10.1002/adma.201707350,Advanced Materials,search_only
Review of technological design options for building integrated photovoltaics (BIPV),2020,10.1016/j.enbuild.2020.110381,https://openalex.org/W3083961595,340,True,https://www.sciencedirect.com/science/article/pii/S0378778819339155?via%3Dihub,https://doi.org/10.1016/j.enbuild.2020.110381,Energy and Buildings,search_only
Efficient sky-blue perovskite light-emitting diodes via photoluminescence enhancement,2019,10.1038/s41467-019-13580-w,https://openalex.org/W2995822675,337,True,https://www.nature.com/articles/s41467-019-13580-w.pdf,https://doi.org/10.1038/s41467-019-13580-w,Nature Communications,pdf_downloaded
Carbon‐Based Sunlight Absorbers in Solar‐Driven Steam Generation Devices,2018,10.1002/gch2.201700094,https://openalex.org/W2783924474,335,True,https://onlinelibrary.wiley.com/doi/pdfdirect/10.1002/gch2.201700094,https://doi.org/10.1002/gch2.201700094,Global Challenges,search_only
"Carbon-based materials for stable, cheaper and large-scale processable perovskite solar cells",2019,10.1039/c9ee02115a,https://openalex.org/W2981670102,334,True,https://pubs.rsc.org/en/content/articlepdf/2019/ee/c9ee02115a,https://doi.org/10.1039/c9ee02115a,Energy & Environmental Science,search_only
Carbon Nanotube Assembly and Integration for Applications,2019,10.1186/s11671-019-3046-3,https://openalex.org/W2954506319,333,True,https://nanoscalereslett.springeropen.com/track/pdf/10.1186/s11671-019-3046-3,https://doi.org/10.1186/s11671-019-3046-3,Nanoscale Research Letters,search_only
Multifunctional molecular modulators for perovskite solar cells with over 20% efficiency and high operational stability,2018,10.1038/s41467-018-06709-w,https://openalex.org/W2897375678,328,True,https://www.nature.com/articles/s41467-018-06709-w.pdf,https://doi.org/10.1038/s41467-018-06709-w,Nature Communications,pdf_downloaded
New Strategies for Defect Passivation in High‐Efficiency Perovskite Solar Cells,2019,10.1002/aenm.201903090,https://openalex.org/W2989749893,328,True,https://onlinelibrary.wiley.com/doi/pdfdirect/10.1002/aenm.201903090,https://doi.org/10.1002/aenm.201903090,Advanced Energy Materials,search_only
Nanomaterial-based electrochemical sensing of neurological drugs and neurotransmitters,2014,10.1007/s00604-014-1308-4,https://openalex.org/W2066033928,327,True,https://link.springer.com/content/pdf/10.1007/s00604-014-1308-4.pdf,https://doi.org/10.1007/s00604-014-1308-4,Microchimica Acta,search_only
"Accelerating Materials Development via Automation, Machine Learning, and High-Performance Computing",2018,10.1016/j.joule.2018.05.009,https://openalex.org/W2794792904,327,True,https://arxiv.org/pdf/1803.11246,http://arxiv.org/abs/1803.11246,Joule,search_only
Dimensionality engineering of hybrid halide perovskite light absorbers,2018,10.1038/s41467-018-07382-9,https://openalex.org/W2901657000,318,True,https://www.nature.com/articles/s41467-018-07382-9.pdf,https://doi.org/10.1038/s41467-018-07382-9,Nature Communications,pdf_downloaded
Transparent electrodes for organic optoelectronic devices: a review,2014,10.1117/1.jpe.4.040990,https://openalex.org/W2149121337,318,True,https://www.spiedigitallibrary.org/journals/journal-of-photonics-for-energy/volume-4/issue-1/040990/Transparent-electrodes-for-organic-optoelectronic-devices-a-review/10.1117/1.JPE.4.040990.pdf,https://doi.org/10.1117/1.jpe.4.040990,Journal of Photonics for Energy,search_only
Electronic Transport in Two-Dimensional Materials,2018,10.1146/annurev-physchem-050317-021353,https://openalex.org/W2787289826,318,True,https://www.annualreviews.org/doi/pdf/10.1146/annurev-physchem-050317-021353,https://doi.org/10.1146/annurev-physchem-050317-021353,Annual Review of Physical Chemistry,search_only
High-performance large-area quasi-2D perovskite light-emitting diodes,2021,10.1038/s41467-021-22529-x,https://openalex.org/W3156248107,315,True,https://www.nature.com/articles/s41467-021-22529-x.pdf,https://doi.org/10.1038/s41467-021-22529-x,Nature Communications,pdf_downloaded
"Third-generation solar cells: a review and comparison of polymer:fullerene, hybrid polymer and perovskite solar cells",2014,10.1039/c4ra07064j,https://openalex.org/W2161663950,313,True,https://pubs.rsc.org/en/content/articlepdf/2014/ra/c4ra07064j,https://doi.org/10.1039/c4ra07064j,RSC Advances,pdf_downloaded
Large cation ethylammonium incorporated perovskite for efficient and spectra stable blue light-emitting diodes,2020,10.1038/s41467-020-17943-6,https://openalex.org/W3061209496,313,True,https://www.nature.com/articles/s41467-020-17943-6.pdf,https://doi.org/10.1038/s41467-020-17943-6,Nature Communications,pdf_downloaded
Piezoelectric Polymer and Paper Substrates: A Review,2018,10.3390/s18113605,https://openalex.org/W2898455399,309,True,https://www.mdpi.com/1424-8220/18/11/3605/pdf?version=1540370392,https://doi.org/10.3390/s18113605,Sensors,search_only
An open-access database and analysis tool for perovskite solar cells based on the FAIR data principles,2021,10.1038/s41560-021-00941-3,https://openalex.org/W4200394152,307,True,https://www.nature.com/articles/s41560-021-00941-3.pdf,https://doi.org/10.1038/s41560-021-00941-3,Nature Energy,search_only
A brief review of hole transporting materials commonly used in perovskite solar cells,2021,10.1007/s12598-020-01691-z,https://openalex.org/W3161202398,307,True,https://link.springer.com/content/pdf/10.1007/s12598-020-01691-z.pdf,https://doi.org/10.1007/s12598-020-01691-z,Rare Metals,search_only
The 2016 Thermal Spray Roadmap,2016,10.1007/s11666-016-0473-x,https://openalex.org/W2557492879,307,True,https://link.springer.com/content/pdf/10.1007%2Fs11666-016-0473-x.pdf,https://doi.org/10.1007/s11666-016-0473-x,Journal of Thermal Spray Technology,search_only
"Graphene quantum dot based materials for sensing, bio-imaging and energy storage applications: a review",2020,10.1039/d0ra03938a,https://openalex.org/W3036362356,302,True,https://pubs.rsc.org/en/content/articlepdf/2020/ra/d0ra03938a,https://doi.org/10.1039/d0ra03938a,RSC Advances,pdf_downloaded
Advanced energy materials for flexible batteries in energy storage: A review,2020,10.1002/smm2.1007,https://openalex.org/W3102199393,301,True,https://onlinelibrary.wiley.com/doi/pdfdirect/10.1002/smm2.1007,https://doi.org/10.1002/smm2.1007,SmartMat,search_only
Crystallization of CsPbBr3 single crystals in water for X-ray detection,2021,10.1038/s41467-021-21805-0,https://openalex.org/W3135205382,300,True,https://www.nature.com/articles/s41467-021-21805-0.pdf,https://doi.org/10.1038/s41467-021-21805-0,Nature Communications,pdf_downloaded
"A Review on MoS2 Properties, Synthesis, Sensing Applications and Challenges",2021,10.3390/cryst11040355,https://openalex.org/W3144049878,300,True,https://www.mdpi.com/2073-4352/11/4/355/pdf?version=1617937945,https://doi.org/10.3390/cryst11040355,Crystals,search_only
Efficient and stable inverted perovskite solar cells with very high fill factors via incorporation of star-shaped polymer,2021,10.1126/sciadv.abg0633,https://openalex.org/W3179866831,300,True,https://www.science.org/doi/pdf/10.1126/sciadv.abg0633?download=true,https://doi.org/10.1126/sciadv.abg0633,Science Advances,search_only
Slot-die coating large-area formamidinium-cesium perovskite film for efficient and stable parallel solar module,2021,10.1126/sciadv.abg3749,https://openalex.org/W3159483471,299,True,https://www.science.org/doi/pdf/10.1126/sciadv.abg3749?download=true,https://doi.org/10.1126/sciadv.abg3749,Science Advances,candidate
Myths and reality of HPbI3 in halide perovskite solar cells,2018,10.1038/s41467-018-07204-y,https://openalex.org/W2900078643,298,True,https://www.nature.com/articles/s41467-018-07204-y.pdf,https://doi.org/10.1038/s41467-018-07204-y,Nature Communications,pdf_downloaded
Recent progress in the development of high-efficiency inverted perovskite solar cells,2023,10.1038/s41427-023-00474-z,https://openalex.org/W4368618114,298,True,https://www.nature.com/articles/s41427-023-00474-z.pdf,https://doi.org/10.1038/s41427-023-00474-z,NPG Asia Materials,search_only
Dipolar cations confer defect tolerance in wide-bandgap metal halide perovskites,2018,10.1038/s41467-018-05531-8,https://openalex.org/W2885341599,298,True,https://www.nature.com/articles/s41467-018-05531-8.pdf,https://doi.org/10.1038/s41467-018-05531-8,Nature Communications,pdf_downloaded
Device simulation of highly efficient eco-friendly CH3NH3SnI3 perovskite solar cell,2021,10.1038/s41598-021-82817-w,https://openalex.org/W3128517286,297,True,https://www.nature.com/articles/s41598-021-82817-w.pdf,https://doi.org/10.1038/s41598-021-82817-w,Scientific Reports,pdf_downloaded
Passivation and process engineering approaches of halide perovskite films for high efficiency and stability perovskite solar cells,2021,10.1039/d1ee00062d,https://openalex.org/W3153702964,297,True,https://pubs.rsc.org/en/content/articlepdf/2021/ee/d1ee00062d,https://doi.org/10.1039/d1ee00062d,Energy & Environmental Science,search_only
Recent progress on PEDOT:PSS based polymer blends and composites for flexible electronics and thermoelectric devices,2020,10.1039/d0qm00308e,https://openalex.org/W3044345532,296,True,https://pubs.rsc.org/en/content/articlepdf/2020/qm/d0qm00308e,https://doi.org/10.1039/d0qm00308e,Materials Chemistry Frontiers,search_only
Electrically tunable dielectric materials and strategies to improve their performances,2010,10.1016/j.pmatsci.2010.04.004,https://openalex.org/W2026046752,296,True,https://www.sciencedirect.com/science/article/pii/S0079642510000290,https://doi.org/10.1016/j.pmatsci.2010.04.004,Progress in Materials Science,search_only
Roadmap for Optical Metasurfaces,2024,10.1021/acsphotonics.3c00457,https://openalex.org/W4392199370,295,True,https://pubs.acs.org/doi/pdf/10.1021/acsphotonics.3c00457,https://doi.org/10.1021/acsphotonics.3c00457,ACS Photonics,search_only
One-stone-for-two-birds strategy to attain beyond 25% perovskite solar cells,2023,10.1038/s41467-023-36229-1,https://openalex.org/W4321002470,295,True,https://www.nature.com/articles/s41467-023-36229-1.pdf,https://doi.org/10.1038/s41467-023-36229-1,Nature Communications,pdf_downloaded
Nano-optical designs for high-efficiency monolithic perovskite–silicon tandem solar cells,2022,10.1038/s41565-022-01228-8,https://openalex.org/W4307167599,295,True,https://www.nature.com/articles/s41565-022-01228-8.pdf,https://doi.org/10.1038/s41565-022-01228-8,Nature Nanotechnology,search_only
Roll-to-roll gravure-printed flexible perovskite solar cells using eco-friendly antisolvent bathing with wide processing window,2020,10.1038/s41467-020-18940-5,https://openalex.org/W3092176741,294,True,https://www.nature.com/articles/s41467-020-18940-5.pdf,https://doi.org/10.1038/s41467-020-18940-5,Nature Communications,pdf_downloaded
Synthetic control over orientational degeneracy of spacer cations enhances solar cell efficiency in two-dimensional perovskites,2019,10.1038/s41467-019-08980-x,https://openalex.org/W2924619706,294,True,https://www.nature.com/articles/s41467-019-08980-x.pdf,https://doi.org/10.1038/s41467-019-08980-x,Nature Communications,pdf_downloaded
Unveiling the operation mechanism of layered perovskite solar cells,2019,10.1038/s41467-019-08958-9,https://openalex.org/W2917115373,290,True,https://www.nature.com/articles/s41467-019-08958-9.pdf,https://doi.org/10.1038/s41467-019-08958-9,Nature Communications,pdf_downloaded
Pathways toward high-performance perovskite solar cells: review of recent advances in organo-metal halide perovskites for photovoltaic applications,2016,10.1117/1.jpe.6.022001,https://openalex.org/W2339358608,287,True,https://www.spiedigitallibrary.org/journals/Journal-of-Photonics-for-Energy/volume-6/issue-2/022001/Pathways-toward-high-performance-perovskite-solar-cells--review-of/10.1117/1.JPE.6.022001.pdf,https://doi.org/10.1117/1.jpe.6.022001,Journal of Photonics for Energy,search_only
Strain effects on halide perovskite solar cells,2022,10.1039/d2cs00278g,https://openalex.org/W4289868437,285,True,https://pubs.rsc.org/en/content/articlepdf/2022/cs/d2cs00278g,https://doi.org/10.1039/d2cs00278g,Chemical Society Reviews,search_only
"Future prospects and recent developments of polyvinylidene fluoride (PVDF) piezoelectric polymer; fabrication methods, structure, and electro-mechanical properties",2023,10.1039/d2ra06774a,https://openalex.org/W4317777902,284,True,https://pubs.rsc.org/en/content/articlepdf/2023/ra/d2ra06774a,https://doi.org/10.1039/d2ra06774a,RSC Advances,pdf_downloaded
Lead‐Free Hybrid Perovskite Absorbers for Viable Application: Can We Eat the Cake and Have It too?,2017,10.1002/advs.201700331,https://openalex.org/W2768735656,282,True,https://onlinelibrary.wiley.com/doi/pdfdirect/10.1002/advs.201700331,https://doi.org/10.1002/advs.201700331,Advanced Science,search_only
Multifunctional Flexible Humidity Sensor Systems Towards Noncontact Wearable Electronics,2022,10.1007/s40820-022-00895-5,https://openalex.org/W4286586245,279,True,https://link.springer.com/content/pdf/10.1007/s40820-022-00895-5.pdf,https://doi.org/10.1007/s40820-022-00895-5,Nano-Micro Letters,search_only
Recent Progress in Micro‐LED‐Based Display Technologies,2022,10.1002/lpor.202100427,https://openalex.org/W4229048511,278,True,https://onlinelibrary.wiley.com/doi/pdfdirect/10.1002/lpor.202100427,https://doi.org/10.1002/lpor.202100427,Laser & Photonics Review,search_only
Interpenetrating interfaces for efficient perovskite solar cells with high operational stability and mechanical robustness,2021,10.1038/s41467-021-21292-3,https://openalex.org/W3126723938,278,True,https://www.nature.com/articles/s41467-021-21292-3.pdf,https://doi.org/10.1038/s41467-021-21292-3,Nature Communications,pdf_downloaded
"Two-Dimensional Materials in Large-Areas: Synthesis, Properties and Applications",2020,10.1007/s40820-020-0402-x,https://openalex.org/W3008685795,277,True,https://link.springer.com/content/pdf/10.1007/s40820-020-0402-x.pdf,https://doi.org/10.1007/s40820-020-0402-x,Nano-Micro Letters,search_only
Sn(IV)-free tin perovskite films realized by in situ Sn(0) nanoparticle treatment of the precursor solution,2020,10.1038/s41467-020-16726-3,https://openalex.org/W3034736206,277,True,https://www.nature.com/articles/s41467-020-16726-3.pdf,https://doi.org/10.1038/s41467-020-16726-3,Nature Communications,pdf_downloaded
Long-lived hot-carrier light emission and large blue shift in formamidinium tin triiodide perovskites,2018,10.1038/s41467-017-02684-w,https://openalex.org/W2783473290,277,True,https://www.nature.com/articles/s41467-017-02684-w.pdf,https://doi.org/10.1038/s41467-017-02684-w,Nature Communications,pdf_downloaded
Tin Halide Perovskites: From Fundamental Properties to Solar Cells,2021,10.1002/adma.202105844,https://openalex.org/W3203934365,276,True,https://onlinelibrary.wiley.com/doi/pdfdirect/10.1002/adma.202105844,https://doi.org/10.1002/adma.202105844,Advanced Materials,search_only
Emerging Indoor Photovoltaic Technologies for Sustainable Internet of Things,2021,10.1002/aenm.202100698,https://openalex.org/W3167535879,275,True,https://onlinelibrary.wiley.com/doi/pdfdirect/10.1002/aenm.202100698,https://doi.org/10.1002/aenm.202100698,Advanced Energy Materials,search_only
Two birds with one stone: dual grain-boundary and interface passivation enables &gt;22% efficient inverted methylammonium-free perovskite solar cells,2021,10.1039/d1ee01508g,https://openalex.org/W3191917802,275,True,https://pubs.rsc.org/en/content/articlepdf/2021/ee/d1ee01508g,https://doi.org/10.1039/d1ee01508g,Energy & Environmental Science,search_only
Artificial Intelligence Meets Flexible Sensors: Emerging Smart Flexible Sensing Systems Driven by Machine Learning and Artificial Synapses,2023,10.1007/s40820-023-01235-x,https://openalex.org/W4388639388,275,True,https://link.springer.com/content/pdf/10.1007/s40820-023-01235-x.pdf,https://doi.org/10.1007/s40820-023-01235-x,Nano-Micro Letters,search_only
Organic Flexible Electronics,2018,10.1002/smtd.201800070,https://openalex.org/W2808602739,273,True,http://ira.lib.polyu.edu.hk/bitstream/10397/100333/1/Ling_Organic_Flexible_Electronics.pdf,http://hdl.handle.net/10397/100333,Small Methods,search_only
Enhanced optical path and electron diffusion length enable high-efficiency perovskite tandems,2020,10.1038/s41467-020-15077-3,https://openalex.org/W3010082540,272,True,https://www.nature.com/articles/s41467-020-15077-3.pdf,https://doi.org/10.1038/s41467-020-15077-3,Nature Communications,pdf_downloaded
"Printed aerogels: chemistry, processing, and applications",2021,10.1039/c9cs00757a,https://openalex.org/W3128054074,272,True,https://pubs.rsc.org/en/content/articlepdf/2021/cs/c9cs00757a,https://doi.org/10.1039/c9cs00757a,Chemical Society Reviews,search_only
Thin-Film Coating Methods: A Successful Marriage of High-Quality and Cost-Effectiveness—A Brief Exploration,2022,10.3390/coatings12081115,https://openalex.org/W4289985740,272,True,https://www.mdpi.com/2079-6412/12/8/1115/pdf?version=1659689198,https://doi.org/10.3390/coatings12081115,Coatings,candidate
Impacts of alkaline on the defects property and crystallization kinetics in perovskite solar cells,2019,10.1038/s41467-019-09093-1,https://openalex.org/W2918872551,271,True,https://www.nature.com/articles/s41467-019-09093-1.pdf,https://doi.org/10.1038/s41467-019-09093-1,Nature Communications,pdf_downloaded
"Recent advances in nanocellulose processing, functionalization and applications: a review",2021,10.1039/d1ma00049g,https://openalex.org/W3127623144,271,True,https://pubs.rsc.org/en/content/articlepdf/2021/ma/d1ma00049g,https://doi.org/10.1039/d1ma00049g,Materials Advances,search_only
Mechanisms for doped PEDOT:PSS electrical conductivity improvement,2021,10.1039/d1ma00290b,https://openalex.org/W3197784678,270,True,https://pubs.rsc.org/en/content/articlepdf/2021/ma/d1ma00290b,https://doi.org/10.1039/d1ma00290b,Materials Advances,search_only
TiO2 as a Photocatalyst for Water Splitting—An Experimental and Theoretical Review,2021,10.3390/molecules26061687,https://openalex.org/W3138452128,269,True,https://www.mdpi.com/1420-3049/26/6/1687/pdf?version=1616123437,https://doi.org/10.3390/molecules26061687,Molecules,search_only
Additive Manufacturing: Unlocking the Evolution of Energy Materials,2017,10.1002/advs.201700187,https://openalex.org/W2736346702,268,True,https://onlinelibrary.wiley.com/doi/pdfdirect/10.1002/advs.201700187,https://doi.org/10.1002/advs.201700187,Advanced Science,search_only
Hysteresis-free perovskite solar cells made of potassium-doped organometal halide perovskite,2017,10.1038/s41598-017-12436-x,https://openalex.org/W2754484403,267,True,https://www.nature.com/articles/s41598-017-12436-x.pdf,https://doi.org/10.1038/s41598-017-12436-x,Scientific Reports,pdf_downloaded
X-ray-charged bright persistent luminescence in NaYF4:Ln3+@NaYF4 nanoparticles for multidimensional optical information storage,2021,10.1038/s41377-021-00575-w,https://openalex.org/W3174062042,266,True,https://www.nature.com/articles/s41377-021-00575-w.pdf,https://doi.org/10.1038/s41377-021-00575-w,Light Science & Applications,search_only
Status and advances of deep eutectic solvents for metal separation and recovery,2022,10.1039/d1gc03851f,https://openalex.org/W4213272016,266,True,https://pubs.rsc.org/en/content/articlepdf/2022/gc/d1gc03851f,https://doi.org/10.1039/d1gc03851f,Green Chemistry,search_only
2D library beyond graphene and transition metal dichalcogenides: a focus on photodetection,2018,10.1039/c8cs00255j,https://openalex.org/W2836558424,265,True,https://pubs.rsc.org/en/content/articlepdf/2018/cs/c8cs00255j,https://doi.org/10.1039/c8cs00255j,Chemical Society Reviews,search_only
Building Better Batteries in the Solid State: A Review,2019,10.3390/ma12233892,https://openalex.org/W2989937242,265,True,https://www.mdpi.com/1996-1944/12/23/3892/pdf?version=1575452625,https://doi.org/10.3390/ma12233892,Materials,search_only
"Research Update: Large-area deposition, coating, printing, and processing techniques for the upscaling of perovskite solar cell technology",2016,10.1063/1.4962478,https://openalex.org/W2521353428,263,True,https://aip.scitation.org/doi/pdf/10.1063/1.4962478,https://doi.org/10.1063/1.4962478,APL Materials,candidate
The Next Frontier in Melt Electrospinning: Taming the Jet,2019,10.1002/adfm.201904664,https://openalex.org/W2969373676,261,True,https://onlinelibrary.wiley.com/doi/pdfdirect/10.1002/adfm.201904664,https://doi.org/10.1002/adfm.201904664,Advanced Functional Materials,search_only
Synthesis and Characterization of Nanomaterials for Application in Cost-Effective Electrochemical Devices,2023,10.3390/su151410891,https://openalex.org/W4384038181,260,True,https://www.mdpi.com/2071-1050/15/14/10891/pdf?version=1689215069,https://doi.org/10.3390/su151410891,Sustainability,search_only
Bio-inspired vertebral design for scalable and flexible perovskite solar cells,2020,10.1038/s41467-020-16831-3,https://openalex.org/W3034870143,259,True,https://www.nature.com/articles/s41467-020-16831-3.pdf,https://doi.org/10.1038/s41467-020-16831-3,Nature Communications,pdf_downloaded
The green solvent: a critical perspective,2021,10.1007/s10098-021-02188-8,https://openalex.org/W3204061141,259,True,https://link.springer.com/content/pdf/10.1007/s10098-021-02188-8.pdf,https://doi.org/10.1007/s10098-021-02188-8,Clean Technologies and Environmental Policy,search_only
Targeted and controlled anticancer drug delivery and release with magnetoelectric nanoparticles,2016,10.1038/srep20867,https://openalex.org/W2283047478,258,True,https://www.nature.com/articles/srep20867.pdf,https://doi.org/10.1038/srep20867,Scientific Reports,search_only
Recent progress in morphology optimization in perovskite solar cell,2020,10.1039/d0ta00143k,https://openalex.org/W3021792750,258,True,https://pubs.rsc.org/en/content/articlepdf/2020/ta/d0ta00143k,https://doi.org/10.1039/d0ta00143k,Journal of Materials Chemistry A,search_only
Manipulation of facet orientation in hybrid perovskite polycrystalline films by cation cascade,2018,10.1038/s41467-018-05076-w,https://openalex.org/W2870524276,258,True,https://www.nature.com/articles/s41467-018-05076-w.pdf,https://doi.org/10.1038/s41467-018-05076-w,Nature Communications,pdf_downloaded
Carrier separation and transport in perovskite solar cells studied by nanometre-scale profiling of electrical potential,2015,10.1038/ncomms9397,https://openalex.org/W2273321167,257,True,https://www.nature.com/articles/ncomms9397.pdf,https://doi.org/10.1038/ncomms9397,Nature Communications,pdf_downloaded
Metal Halide Perovskites for High‐Energy Radiation Detection,2020,10.1002/advs.202002098,https://openalex.org/W3093266119,257,True,https://www.onlinelibrary.wiley.com/doi/pdfdirect/10.1002/advs.202002098,https://doi.org/10.1002/advs.202002098,Advanced Science,search_only
Solution‐Processed Tin‐Based Perovskite for Near‐Infrared Lasing,2016,10.1002/adma.201601418,https://openalex.org/W2463375370,256,True,https://onlinelibrary.wiley.com/doi/pdfdirect/10.1002/adma.201601418,https://doi.org/10.1002/adma.201601418,Advanced Materials,search_only
Controllable Perovskite Crystallization via Antisolvent Technique Using Chloride Additives for Highly Efficient Planar Perovskite Solar Cells,2019,10.1002/aenm.201803587,https://openalex.org/W2922408218,256,True,https://onlinelibrary.wiley.com/doi/pdfdirect/10.1002/aenm.201803587,https://doi.org/10.1002/aenm.201803587,Advanced Energy Materials,search_only
Bifunctional hole-shuttle molecule for improved interfacial energy level alignment and defect passivation in perovskite solar cells,2023,10.1038/s41560-023-01249-0,https://openalex.org/W4366162946,256,True,https://www.nature.com/articles/s41560-023-01249-0.pdf,https://doi.org/10.1038/s41560-023-01249-0,Nature Energy,search_only
Advanced Fiber Materials for Wearable Electronics,2022,10.1007/s42765-022-00212-0,https://openalex.org/W4304891083,254,True,https://link.springer.com/content/pdf/10.1007/s42765-022-00212-0.pdf,https://doi.org/10.1007/s42765-022-00212-0,Advanced Fiber Materials,search_only
"Advances in organic photovoltaic cells: a comprehensive review of materials, technologies, and performance",2023,10.1039/d3ra01454a,https://openalex.org/W4366453611,254,True,https://pubs.rsc.org/en/content/articlepdf/2023/ra/d3ra01454a,https://doi.org/10.1039/d3ra01454a,RSC Advances,pdf_downloaded
Simulation of the radiation exposure of microorganisms living in submarine hydrothermal systems using GATE and Geant4-DNA Monte Carlo simulation tools,2023,10.21175/rad.abstr.book.2023.39.11,https://openalex.org/W4385145355,253,True,https://doi.org/10.21175/rad.abstr.book.2023.39.11,http://doi.org/10.21175/rad.abstr.book.2023.39.11,Book of Abstracts,search_only
Emerging Semitransparent Solar Cells: Materials and Device Design,2017,10.1002/adma.201700192,https://openalex.org/W2730983524,253,True,http://ira.lib.polyu.edu.hk/bitstream/10397/100388/1/Tai_Emerging_Semitransparent_Solar.pdf,http://hdl.handle.net/10397/100388,Advanced Materials,search_only
Low-temperature carbon-based electrodes in perovskite solar cells,2020,10.1039/d0ee02175j,https://openalex.org/W3084278585,252,True,https://pubs.rsc.org/en/content/articlepdf/2020/ee/d0ee02175j,https://doi.org/10.1039/d0ee02175j,Energy & Environmental Science,search_only
Tailoring SOFC Electrode Microstructures for Improved Performance,2018,10.1002/aenm.201800120,https://openalex.org/W2808866559,250,True,https://onlinelibrary.wiley.com/doi/pdfdirect/10.1002/aenm.201800120,https://doi.org/10.1002/aenm.201800120,Advanced Energy Materials,search_only
Classifications and Applications of Inkjet Printing Technology: A Review,2021,10.1109/access.2021.3119219,https://openalex.org/W3206452593,248,True,https://ieeexplore.ieee.org/ielx7/6287639/6514899/09565892.pdf,https://doi.org/10.1109/access.2021.3119219,IEEE Access,candidate
Humidity resistant fabrication of CH3NH3PbI3 perovskite solar cells and modules,2017,10.1016/j.nanoen.2017.06.039,https://openalex.org/W2652363653,247,True,https://ars.els-cdn.com/content/image/1-s2.0-S2211285517303932-fx1_lrg.jpg,https://doi.org/10.1016/j.nanoen.2017.06.039,Nano Energy,search_only
Lead‐Free Halide Perovskite Materials and Optoelectronic Devices: Progress and Prospective,2023,10.1002/adfm.202307896,https://openalex.org/W4387968778,246,True,https://onlinelibrary.wiley.com/doi/pdfdirect/10.1002/adfm.202307896,https://doi.org/10.1002/adfm.202307896,Advanced Functional Materials,search_only
Flow-enhanced solution printing of all-polymer solar cells,2015,10.1038/ncomms8955,https://openalex.org/W1938540289,245,True,https://www.nature.com/articles/ncomms8955.pdf,https://doi.org/10.1038/ncomms8955,Nature Communications,pdf_downloaded
Design of highly efficient deep-blue organic afterglow through guest sensitization and matrices rigidification,2020,10.1038/s41467-020-18572-9,https://openalex.org/W3088438454,245,True,https://www.nature.com/articles/s41467-020-18572-9.pdf,https://doi.org/10.1038/s41467-020-18572-9,Nature Communications,pdf_downloaded
"Organogels versus Hydrogels: Advantages, Challenges, and Applications",2023,10.1002/adfm.202301421,https://openalex.org/W4362585324,244,True,https://onlinelibrary.wiley.com/doi/pdfdirect/10.1002/adfm.202301421,https://doi.org/10.1002/adfm.202301421,Advanced Functional Materials,search_only
Low‐Dimensional Metal Halide Perovskite Crystal Materials: Structure Strategies and Luminescence Applications,2021,10.1002/advs.202004805,https://openalex.org/W3170878588,244,True,https://onlinelibrary.wiley.com/doi/pdfdirect/10.1002/advs.202004805,https://doi.org/10.1002/advs.202004805,Advanced Science,search_only
Structure and Growth Control of Organic–Inorganic Halide Perovskites for Optoelectronics: From Polycrystalline Films to Single Crystals,2016,10.1002/advs.201500392,https://openalex.org/W2299835562,244,True,https://onlinelibrary.wiley.com/doi/pdfdirect/10.1002/advs.201500392,https://doi.org/10.1002/advs.201500392,Advanced Science,search_only
"Becoming Sustainable, The New Frontier in Soft Robotics",2020,10.1002/adma.202004413,https://openalex.org/W3112747941,243,True,https://onlinelibrary.wiley.com/doi/pdfdirect/10.1002/adma.202004413,https://doi.org/10.1002/adma.202004413,Advanced Materials,search_only
Ultrathin and flexible perovskite solar cells with graphene transparent electrodes,2016,10.1016/j.nanoen.2016.08.038,https://openalex.org/W2518074733,243,True,https://ars.els-cdn.com/content/image/1-s2.0-S2211285516303263-fx1_lrg.jpg,https://doi.org/10.1016/j.nanoen.2016.08.038,Nano Energy,search_only
"High-resolution patterning of colloidal quantum dots via non-destructive, light-driven ligand crosslinking",2020,10.1038/s41467-020-16652-4,https://openalex.org/W3033478592,243,True,https://www.nature.com/articles/s41467-020-16652-4.pdf,https://doi.org/10.1038/s41467-020-16652-4,Nature Communications,pdf_downloaded
"Chiral carbon dots: synthesis, optical properties, and emerging applications",2022,10.1038/s41377-022-00764-1,https://openalex.org/W4220877448,242,True,https://www.nature.com/articles/s41377-022-00764-1.pdf,https://doi.org/10.1038/s41377-022-00764-1,Light Science & Applications,search_only
Recent progress in silk fibroin-based flexible electronics,2021,10.1038/s41378-021-00261-2,https://openalex.org/W3159437073,241,True,https://www.nature.com/articles/s41378-021-00261-2.pdf,https://doi.org/10.1038/s41378-021-00261-2,Microsystems & Nanoengineering,search_only
Optical determination of Shockley-Read-Hall and interface recombination currents in hybrid perovskites,2017,10.1038/srep44629,https://openalex.org/W2600000554,241,True,,https://doi.org/10.1038/srep44629,Scientific Reports,search_only
A high-conductivity n-type polymeric ink for printed electronics,2021,10.1038/s41467-021-22528-y,https://openalex.org/W3155455451,241,True,https://www.nature.com/articles/s41467-021-22528-y.pdf,https://doi.org/10.1038/s41467-021-22528-y,Nature Communications,pdf_downloaded
Insight into plasmonic hot-electron transfer and plasmon molecular drive: new dimensions in energy conversion and nanofabrication,2017,10.1038/am.2017.191,https://openalex.org/W2773330802,240,True,https://www.nature.com/articles/am2017191.pdf,https://doi.org/10.1038/am.2017.191,NPG Asia Materials,search_only
In situ dynamic observations of perovskite crystallisation and microstructure evolution intermediated from [PbI6]4− cage nanoparticles,2017,10.1038/ncomms15688,https://openalex.org/W2662873333,240,True,https://www.nature.com/articles/ncomms15688.pdf,https://doi.org/10.1038/ncomms15688,Nature Communications,pdf_downloaded
Graphitic carbon nitride (g-C<sub>3</sub>N<sub>4</sub>) as an emerging photocatalyst for sustainable environmental applications: a comprehensive review,2023,10.1039/d3su00382e,https://openalex.org/W4389320177,240,True,https://pubs.rsc.org/en/content/articlepdf/2024/su/d3su00382e,https://doi.org/10.1039/d3su00382e,RSC Sustainability,search_only
"Stretchable, Breathable, and Stable Lead‐Free Perovskite/Polymer Nanofiber Composite for Hybrid Triboelectric and Piezoelectric Energy Harvesting",2022,10.1002/adma.202200042,https://openalex.org/W4214890820,239,True,https://onlinelibrary.wiley.com/doi/pdfdirect/10.1002/adma.202200042,https://doi.org/10.1002/adma.202200042,Advanced Materials,search_only
"Colloidal Metal‐Halide Perovskite Nanoplatelets: Thickness‐Controlled Synthesis, Properties, and Application in Light‐Emitting Diodes",2021,10.1002/adma.202107105,https://openalex.org/W3212817537,239,True,https://onlinelibrary.wiley.com/doi/pdfdirect/10.1002/adma.202107105,https://doi.org/10.1002/adma.202107105,Advanced Materials,search_only
Germanium/perovskite heterostructure for high-performance and broadband photodetector from visible to infrared telecommunication band,2019,10.1038/s41377-019-0218-y,https://openalex.org/W2990034422,239,True,https://www.nature.com/articles/s41377-019-0218-y.pdf,https://doi.org/10.1038/s41377-019-0218-y,Light Science & Applications,search_only
Roll‐to‐Roll Slot Die Coated Perovskite for Efficient Flexible Solar Cells,2018,10.1002/aenm.201801935,https://openalex.org/W2896268144,239,True,https://onlinelibrary.wiley.com/doi/pdfdirect/10.1002/aenm.201801935,https://doi.org/10.1002/aenm.201801935,Advanced Energy Materials,candidate
Dimension control of in situ fabricated CsPbClBr2 nanocrystal films toward efficient blue light-emitting diodes,2020,10.1038/s41467-020-20163-7,https://openalex.org/W3116386156,238,True,https://www.nature.com/articles/s41467-020-20163-7.pdf,https://doi.org/10.1038/s41467-020-20163-7,Nature Communications,pdf_downloaded
Direct synthesis of metastable phases of 2D transition metal dichalcogenides,2020,10.1039/d0cs00143k,https://openalex.org/W3030776535,235,True,https://pubs.rsc.org/en/content/articlepdf/2020/cs/d0cs00143k,https://doi.org/10.1039/d0cs00143k,Chemical Society Reviews,search_only
Photovoltaic Rudorffites: Lead‐Free Silver Bismuth Halides Alternative to Hybrid Lead Halide Perovskites,2017,10.1002/cssc.201700980,https://openalex.org/W2730066170,234,True,https://www.onlinelibrary.wiley.com/doi/pdfdirect/10.1002/cssc.201700980,https://doi.org/10.1002/cssc.201700980,ChemSusChem,search_only
Scalable Deposition Methods for Large‐area Production of Perovskite Thin Films,2019,10.1002/eem2.12043,https://openalex.org/W2955953428,234,True,https://onlinelibrary.wiley.com/doi/pdfdirect/10.1002/eem2.12043,https://doi.org/10.1002/eem2.12043,Energy & environment materials,search_only
Graded bulk-heterojunction enables 17% binary organic solar cells via nonhalogenated open air coating,2021,10.1038/s41467-021-25148-8,https://openalex.org/W3187580872,233,True,https://www.nature.com/articles/s41467-021-25148-8.pdf,https://doi.org/10.1038/s41467-021-25148-8,Nature Communications,pdf_downloaded
Recent update on electrospinning and electrospun nanofibers: current trends and their applications,2022,10.1039/d2ra02864f,https://openalex.org/W4292827945,232,True,https://pubs.rsc.org/en/content/articlepdf/2022/ra/d2ra02864f,https://doi.org/10.1039/d2ra02864f,RSC Advances,search_only
Long-Term Stable Organic Photodetectors with Ultra Low Dark Currents for High Detectivity Applications,2016,10.1038/srep39201,https://openalex.org/W2562620655,232,True,https://www.nature.com/articles/srep39201.pdf,https://doi.org/10.1038/srep39201,Scientific Reports,search_only
Cu2O photocathodes with band-tail states assisted hole transport for standalone solar water splitting,2020,10.1038/s41467-019-13987-5,https://openalex.org/W2999746085,231,True,https://www.nature.com/articles/s41467-019-13987-5.pdf,https://doi.org/10.1038/s41467-019-13987-5,Nature Communications,pdf_downloaded
Benzylamine‐Treated Wide‐Bandgap Perovskite with High Thermal‐Photostability and Photovoltaic Performance,2017,10.1002/aenm.201701048,https://openalex.org/W2751411563,231,True,https://onlinelibrary.wiley.com/doi/pdfdirect/10.1002/aenm.201701048,https://doi.org/10.1002/aenm.201701048,Advanced Energy Materials,search_only
Excess charge-carrier induced instability of hybrid perovskites,2018,10.1038/s41467-018-07438-w,https://openalex.org/W2900711066,231,True,https://www.nature.com/articles/s41467-018-07438-w.pdf,https://doi.org/10.1038/s41467-018-07438-w,Nature Communications,pdf_downloaded
Enhancing Efficiency and Stability of Photovoltaic Cells by Using Perovskite/Zr‐MOF Heterojunction Including Bilayer and Hybrid Structures,2019,10.1002/advs.201801715,https://openalex.org/W2908260541,231,True,https://onlinelibrary.wiley.com/doi/pdfdirect/10.1002/advs.201801715,https://doi.org/10.1002/advs.201801715,Advanced Science,search_only
Anti-Reflective Coating Materials: A Holistic Review from PV Perspective,2020,10.3390/en13102631,https://openalex.org/W3028228948,230,True,https://www.mdpi.com/1996-1073/13/10/2631/pdf?version=1590496262,https://doi.org/10.3390/en13102631,Energies,search_only
Pure crystal orientation and anisotropic charge transport in large-area hybrid perovskite films,2016,10.1038/ncomms13407,https://openalex.org/W2552559875,227,True,https://www.nature.com/articles/ncomms13407.pdf,https://doi.org/10.1038/ncomms13407,Nature Communications,pdf_downloaded
Enhancement of thermal stability for perovskite solar cells through cesium doping,2017,10.1039/c6ra28501e,https://openalex.org/W2603238395,226,True,https://pubs.rsc.org/en/content/articlepdf/2017/ra/c6ra28501e,https://doi.org/10.1039/c6ra28501e,RSC Advances,pdf_downloaded
Templated growth of oriented layered hybrid perovskites on 3D-like perovskites,2020,10.1038/s41467-019-13856-1,https://openalex.org/W3004055767,224,True,https://www.nature.com/articles/s41467-019-13856-1.pdf,https://doi.org/10.1038/s41467-019-13856-1,Nature Communications,pdf_downloaded
All-inorganic CsPbBr<sub>3</sub> perovskite: a promising choice for photovoltaics,2020,10.1039/d0ma00866d,https://openalex.org/W3111567358,224,True,https://pubs.rsc.org/en/content/articlepdf/2021/ma/d0ma00866d,https://doi.org/10.1039/d0ma00866d,Materials Advances,search_only
Edge stabilization in reduced-dimensional perovskites,2020,10.1038/s41467-019-13944-2,https://openalex.org/W3000612679,224,True,https://www.nature.com/articles/s41467-019-13944-2.pdf,https://doi.org/10.1038/s41467-019-13944-2,Nature Communications,pdf_downloaded
High Color Purity Lead‐Free Perovskite Light‐Emitting Diodes via Sn Stabilization,2020,10.1002/advs.201903213,https://openalex.org/W3009738470,224,True,https://onlinelibrary.wiley.com/doi/pdfdirect/10.1002/advs.201903213,https://doi.org/10.1002/advs.201903213,Advanced Science,search_only
"A review on lignin pyrolysis: pyrolytic behavior, mechanism, and relevant upgrading for improving process efficiency",2022,10.1186/s13068-022-02203-0,https://openalex.org/W4304175550,223,True,https://biotechnologyforbiofuels.biomedcentral.com/counter/pdf/10.1186/s13068-022-02203-0,https://doi.org/10.1186/s13068-022-02203-0,Biotechnology for Biofuels and Bioproducts,search_only
I<sub>2</sub> vapor-induced degradation of formamidinium lead iodide based perovskite solar cells under heat–light soaking conditions,2019,10.1039/c9ee02043h,https://openalex.org/W2967485397,223,True,https://pubs.rsc.org/en/content/articlepdf/2019/ee/c9ee02043h,https://doi.org/10.1039/c9ee02043h,Energy & Environmental Science,search_only
Interfacial self-healing polymer electrolytes for long-cycle solid-state lithium-sulfur batteries,2024,10.1038/s41467-023-43467-w,https://openalex.org/W4390670057,222,True,https://www.nature.com/articles/s41467-023-43467-w.pdf,https://doi.org/10.1038/s41467-023-43467-w,Nature Communications,pdf_downloaded
Organic interfacial materials for perovskite-based optoelectronic devices,2019,10.1039/c8ee02744g,https://openalex.org/W2913907848,222,True,https://pubs.rsc.org/en/content/articlepdf/2019/ee/c8ee02744g,https://doi.org/10.1039/c8ee02744g,Energy & Environmental Science,search_only
A Review on the Recent Advances in Battery Development and Energy Storage Technologies,2024,10.1155/2024/2329261,https://openalex.org/W4396730486,221,True,https://downloads.hindawi.com/journals/jre/2024/2329261.pdf,https://doi.org/10.1155/2024/2329261,Journal of Renewable Energy,search_only
Colloidal Quantum Nanostructures: Emerging Materials for Display Applications,2017,10.1002/anie.201708510,https://openalex.org/W2761167670,218,True,https://onlinelibrary.wiley.com/doi/pdfdirect/10.1002/anie.201708510,https://doi.org/10.1002/anie.201708510,Angewandte Chemie International Edition,search_only
Recent Advances in Ambipolar Transistors for Functional Applications,2019,10.1002/adfm.201902105,https://openalex.org/W2965987520,218,True,https://onlinelibrary.wiley.com/doi/pdfdirect/10.1002/adfm.201902105,https://doi.org/10.1002/adfm.201902105,Advanced Functional Materials,search_only
Modulating crystal growth of formamidinium–caesium perovskites for over 200 cm2 photovoltaic sub-modules,2022,10.1038/s41560-022-01039-0,https://openalex.org/W4281640703,217,True,https://www.nature.com/articles/s41560-022-01039-0.pdf,https://doi.org/10.1038/s41560-022-01039-0,Nature Energy,search_only
Inkjet‐Printed Micrometer‐Thick Perovskite Solar Cells with Large Columnar Grains,2019,10.1002/aenm.201903184,https://openalex.org/W2995089958,214,True,https://onlinelibrary.wiley.com/doi/pdfdirect/10.1002/aenm.201903184,https://doi.org/10.1002/aenm.201903184,Advanced Energy Materials,candidate
Inorganic and Organic Solution-Processed Thin Film Devices,2016,10.1007/s40820-016-0106-4,https://openalex.org/W2515513248,213,True,https://link.springer.com/content/pdf/10.1007%2Fs40820-016-0106-4.pdf,https://doi.org/10.1007/s40820-016-0106-4,Nano-Micro Letters,search_only
The role of carbon-based materials in enhancing the stability of perovskite solar cells,2020,10.1039/c9ee04030g,https://openalex.org/W3009327484,213,True,https://pubs.rsc.org/en/content/articlepdf/2020/ee/c9ee04030g,https://doi.org/10.1039/c9ee04030g,Energy & Environmental Science,search_only
"A Review on Printed Electronics: Fabrication Methods, Inks, Substrates, Applications and Environmental Impacts",2021,10.3390/jmmp5030089,https://openalex.org/W3167283458,212,True,https://www.mdpi.com/2504-4494/5/3/89/pdf?version=1628853717,https://doi.org/10.3390/jmmp5030089,Journal of Manufacturing and Materials Processing,candidate
Thermal engineering of FAPbI3 perovskite material via radiative thermal annealing and in situ XRD,2017,10.1038/ncomms14075,https://openalex.org/W2577877578,211,True,https://www.nature.com/articles/ncomms14075.pdf,https://doi.org/10.1038/ncomms14075,Nature Communications,search_only
In Situ Fabricated Perovskite Nanocrystals: A Revolution in Optical Materials,2018,10.1002/adom.201800380,https://openalex.org/W2809764554,207,True,https://onlinelibrary.wiley.com/doi/pdfdirect/10.1002/adom.201800380,https://doi.org/10.1002/adom.201800380,Advanced Optical Materials,search_only
Origin of Sn(<scp>ii</scp>) oxidation in tin halide perovskites,2020,10.1039/d0ma00245c,https://openalex.org/W3041192252,205,True,https://pubs.rsc.org/en/content/articlepdf/2020/ma/d0ma00245c,https://doi.org/10.1039/d0ma00245c,Materials Advances,search_only
Nanozyme-based electrochemical biosensors for disease biomarker detection,2020,10.1039/d0an00558d,https://openalex.org/W3022106866,204,True,https://pubs.rsc.org/en/content/articlepdf/2020/an/d0an00558d,https://doi.org/10.1039/d0an00558d,The Analyst,search_only
Highly efficient oxygen evolution reaction via facile bubble transport realized by three-dimensionally stack-printed catalysts,2020,10.1038/s41467-020-18686-0,https://openalex.org/W3089918156,203,True,https://www.nature.com/articles/s41467-020-18686-0.pdf,https://doi.org/10.1038/s41467-020-18686-0,Nature Communications,pdf_downloaded
"28.2%-efficient, outdoor-stable perovskite/silicon tandem solar cell",2021,10.1016/j.joule.2021.11.003,https://openalex.org/W3216961858,202,True,http://www.cell.com/article/S2542435121004992/pdf,https://doi.org/10.1016/j.joule.2021.11.003,Joule,search_only
A comprehensive review on the advancements and challenges in perovskite solar cell technology,2024,10.1039/d3ra07518d,https://openalex.org/W4391660369,202,True,https://pubs.rsc.org/en/content/articlepdf/2024/ra/d3ra07518d,https://doi.org/10.1039/d3ra07518d,RSC Advances,search_only
Chelating-agent-assisted control of CsPbBr3 quantum well growth enables stable blue perovskite emitters,2020,10.1038/s41467-020-17482-0,https://openalex.org/W3045073909,202,True,https://www.nature.com/articles/s41467-020-17482-0.pdf,https://doi.org/10.1038/s41467-020-17482-0,Nature Communications,search_only
Efficient and stable tin perovskite solar cells enabled by amorphous-polycrystalline structure,2020,10.1038/s41467-020-16561-6,https://openalex.org/W3031473594,200,True,https://www.nature.com/articles/s41467-020-16561-6.pdf,https://doi.org/10.1038/s41467-020-16561-6,Nature Communications,search_only
Functionalized Hydrogel-Based Wearable Gas and Humidity Sensors,2023,10.1007/s40820-023-01109-2,https://openalex.org/W4378070105,199,True,https://link.springer.com/content/pdf/10.1007/s40820-023-01109-2.pdf,https://doi.org/10.1007/s40820-023-01109-2,Nano-Micro Letters,search_only
Unveiling Roles of Tin Fluoride Additives in High‐Efficiency Low‐Bandgap Mixed Tin‐Lead Perovskite Solar Cells,2021,10.1002/aenm.202101045,https://openalex.org/W3175031406,198,True,https://onlinelibrary.wiley.com/doi/pdfdirect/10.1002/aenm.202101045,https://doi.org/10.1002/aenm.202101045,Advanced Energy Materials,search_only
Recent Progress in Transistor‐Based Optoelectronic Synapses: From Neuromorphic Computing to Artificial Sensory System,2021,10.1002/aisy.202000162,https://openalex.org/W3127020666,198,True,https://onlinelibrary.wiley.com/doi/pdfdirect/10.1002/aisy.202000162,https://doi.org/10.1002/aisy.202000162,Advanced Intelligent Systems,search_only
The 2021 flexible and printed electronics roadmap,2021,10.1088/2058-8585/abf986,https://openalex.org/W3175071746,198,True,https://iopscience.iop.org/article/10.1088/2058-8585/abf986/pdf,https://doi.org/10.1088/2058-8585/abf986,Flexible and Printed Electronics,search_only
MgO Nanoparticle Modified Anode for Highly Efficient SnO<sub>2</sub>‐Based Planar Perovskite Solar Cells,2017,10.1002/advs.201700031,https://openalex.org/W2611962825,196,True,https://onlinelibrary.wiley.com/doi/pdfdirect/10.1002/advs.201700031,https://doi.org/10.1002/advs.201700031,Advanced Science,search_only
Mechanical energy harvesting and self-powered electronic applications of textile-based piezoelectric nanogenerators: A systematic review,2023,10.1016/j.nanoen.2023.108414,https://openalex.org/W4362574885,194,True,https://ars.els-cdn.com/content/image/1-s2.0-S2211285523002513-ga1_lrg.jpg,https://doi.org/10.1016/j.nanoen.2023.108414,Nano Energy,search_only
Organic/Inorganic Metal Halide Perovskite Optoelectronic Devices beyond Solar Cells,2018,10.1002/advs.201700780,https://openalex.org/W2789335992,194,True,https://onlinelibrary.wiley.com/doi/pdfdirect/10.1002/advs.201700780,https://doi.org/10.1002/advs.201700780,Advanced Science,search_only
Spin polarized Fe1−Ti pairs for highly efficient electroreduction nitrate to ammonia,2024,10.1038/s41467-023-44469-4,https://openalex.org/W4390499483,193,True,https://www.nature.com/articles/s41467-023-44469-4.pdf,https://doi.org/10.1038/s41467-023-44469-4,Nature Communications,search_only
Wafer-scale single-crystal perovskite patterned thin films based on geometrically-confined lateral crystal growth,2017,10.1038/ncomms15882,https://openalex.org/W2727990094,192,True,https://www.nature.com/articles/ncomms15882.pdf,https://doi.org/10.1038/ncomms15882,Nature Communications,search_only
"Functional materials, device architecture, and flexibility of perovskite solar cell",2018,10.1007/s42247-018-0013-1,https://openalex.org/W2900485557,192,True,https://link.springer.com/content/pdf/10.1007/s42247-018-0013-1.pdf,https://doi.org/10.1007/s42247-018-0013-1,Emergent Materials,search_only
Strategies for Improving the Stability of Tin‐Based Perovskite (ASnX<sub>3</sub>) Solar Cells,2020,10.1002/advs.201903540,https://openalex.org/W3008746667,192,True,https://onlinelibrary.wiley.com/doi/pdfdirect/10.1002/advs.201903540,https://doi.org/10.1002/advs.201903540,Advanced Science,search_only
20.8% Slot‐Die Coated MAPbI<sub>3</sub> Perovskite Solar Cells by Optimal DMSO‐Content and Age of 2‐ME Based Precursor Inks,2021,10.1002/aenm.202003460,https://openalex.org/W3113214473,191,True,https://onlinelibrary.wiley.com/doi/pdfdirect/10.1002/aenm.202003460,https://doi.org/10.1002/aenm.202003460,Advanced Energy Materials,candidate
Slot-die coating of perovskite solar cells: An overview,2019,10.1016/j.mtcomm.2019.100808,https://openalex.org/W2995852576,191,True,https://ars.els-cdn.com/content/image/1-s2.0-S2352492819308414-ga1_lrg.jpg,https://doi.org/10.1016/j.mtcomm.2019.100808,Materials Today Communications,candidate
Precise Control of Perovskite Crystallization Kinetics via Sequential A‐Site Doping,2020,10.1002/adma.202004630,https://openalex.org/W3087584536,191,True,https://onlinelibrary.wiley.com/doi/pdfdirect/10.1002/adma.202004630,https://doi.org/10.1002/adma.202004630,Advanced Materials,search_only
A Transparent Conductive Adhesive Laminate Electrode for High‐Efficiency Organic‐Inorganic Lead Halide Perovskite Solar Cells,2014,10.1002/adma.201403939,https://openalex.org/W2093278742,191,True,https://onlinelibrary.wiley.com/doi/pdfdirect/10.1002/adma.201403939,https://doi.org/10.1002/adma.201403939,Advanced Materials,search_only
"Flexible, transparent nanocellulose paper-based perovskite solar cells",2019,10.1038/s41528-019-0048-2,https://openalex.org/W2922385458,190,True,https://www.nature.com/articles/s41528-019-0048-2.pdf,https://doi.org/10.1038/s41528-019-0048-2,npj Flexible Electronics,search_only
"Utilization of Cellulose to Its Full Potential: A Review on Cellulose Dissolution, Regeneration, and Applications",2021,10.3390/polym13244344,https://openalex.org/W4200363465,190,True,https://www.mdpi.com/2073-4360/13/24/4344/pdf?version=1639561081,https://doi.org/10.3390/polym13244344,Polymers,search_only
Monolithic Perovskite‐Silicon Tandem Solar Cells: From the Lab to Fab?,2022,10.1002/adma.202106540,https://openalex.org/W4206115216,190,True,https://onlinelibrary.wiley.com/doi/pdfdirect/10.1002/adma.202106540,https://doi.org/10.1002/adma.202106540,Advanced Materials,search_only
Wearable energy-smart ribbons for synchronous energy harvest and storage,2016,10.1038/ncomms13319,https://openalex.org/W2555179769,189,True,https://www.nature.com/articles/ncomms13319.pdf,https://doi.org/10.1038/ncomms13319,Nature Communications,search_only
Dielectric screening in perovskite photovoltaics,2021,10.1038/s41467-021-22783-z,https://openalex.org/W3157027928,189,True,https://www.nature.com/articles/s41467-021-22783-z.pdf,https://doi.org/10.1038/s41467-021-22783-z,Nature Communications,search_only
Stability of Perovskite Solar Cells: Degradation Mechanisms and Remedies,2021,10.3389/felec.2021.712785,https://openalex.org/W3195661742,188,True,https://www.frontiersin.org/articles/10.3389/felec.2021.712785/pdf,https://doi.org/10.3389/felec.2021.712785,Frontiers in Electronics,search_only
Recent advances in organic‐based materials for resistive memory applications,2020,10.1002/inf2.12120,https://openalex.org/W3023587085,187,True,https://onlinelibrary.wiley.com/doi/pdfdirect/10.1002/inf2.12120,https://doi.org/10.1002/inf2.12120,InfoMat,search_only
Will organic–inorganic hybrid halide lead perovskites be eliminated from optoelectronic applications?,2019,10.1039/c8na00416a,https://openalex.org/W2910575422,187,True,https://pubs.rsc.org/en/content/articlepdf/2019/na/c8na00416a,https://doi.org/10.1039/c8na00416a,Nanoscale Advances,search_only
Perovskite Solar Cells: A Review of the Recent Advances,2022,10.3390/coatings12081089,https://openalex.org/W4289109253,186,True,https://www.mdpi.com/2079-6412/12/8/1089/pdf?version=1659432739,https://doi.org/10.3390/coatings12081089,Coatings,search_only
Solution-processed two-dimensional materials for next-generation photovoltaics,2021,10.1039/d1cs00106j,https://openalex.org/W3197798650,186,True,https://pubs.rsc.org/en/content/articlepdf/2021/cs/d1cs00106j,https://doi.org/10.1039/d1cs00106j,Chemical Society Reviews,search_only
"Tin perovskite solar cells with &gt;1,300 h of operational stability in N2 through a synergistic chemical engineering approach",2022,10.1016/j.joule.2022.02.014,https://openalex.org/W4220855049,186,True,http://www.cell.com/article/S2542435122000952/pdf,https://doi.org/10.1016/j.joule.2022.02.014,Joule,search_only
Review on Chemical Stability of Lead Halide Perovskite Solar Cells,2023,10.1007/s40820-023-01046-0,https://openalex.org/W4362475286,186,True,https://link.springer.com/content/pdf/10.1007/s40820-023-01046-0.pdf,https://doi.org/10.1007/s40820-023-01046-0,Nano-Micro Letters,search_only
Recent advances in solar photovoltaic materials and systems for energy storage applications: a review,2023,10.1186/s43088-023-00405-5,https://openalex.org/W4384523309,185,True,https://bjbas.springeropen.com/counter/pdf/10.1186/s43088-023-00405-5,https://doi.org/10.1186/s43088-023-00405-5,Beni-Suef University Journal of Basic and Applied Sciences,search_only
Anti-Solvent Crystallization Strategies for Highly Efficient Perovskite Solar Cells,2017,10.3390/cryst7100291,https://openalex.org/W2758650598,185,True,https://www.mdpi.com/2073-4352/7/10/291/pdf?version=1506670503,https://doi.org/10.3390/cryst7100291,Crystals,search_only
Ion-induced field screening as a dominant factor in perovskite solar cell operational stability,2024,10.1038/s41560-024-01487-w,https://openalex.org/W4393261943,184,True,https://www.nature.com/articles/s41560-024-01487-w.pdf,https://doi.org/10.1038/s41560-024-01487-w,Nature Energy,search_only
"Molecular Engineering Using an Anthanthrone Dye for Low‐Cost Hole Transport Materials: A Strategy for Dopant‐Free, High‐Efficiency, and Stable Perovskite Solar Cells",2018,10.1002/aenm.201703007,https://openalex.org/W2792284859,184,True,https://onlinelibrary.wiley.com/doi/pdfdirect/10.1002/aenm.201703007,https://doi.org/10.1002/aenm.201703007,Advanced Energy Materials,search_only
Unveiling the synergistic effect of precursor stoichiometry and interfacial reactions for perovskite light-emitting diodes,2019,10.1038/s41467-019-10612-3,https://openalex.org/W2955901718,184,True,https://www.nature.com/articles/s41467-019-10612-3.pdf,https://doi.org/10.1038/s41467-019-10612-3,Nature Communications,pdf_downloaded
"Progress, highlights and perspectives on NiO in perovskite photovoltaics",2020,10.1039/d0sc02859b,https://openalex.org/W3040958692,183,True,https://pubs.rsc.org/en/content/articlepdf/2020/sc/d0sc02859b,https://doi.org/10.1039/d0sc02859b,Chemical Science,search_only
Recent progress for silver nanowires conducting film for flexible electronics,2021,10.1007/s40097-021-00436-3,https://openalex.org/W3187193456,183,True,https://link.springer.com/content/pdf/10.1007/s40097-021-00436-3.pdf,https://doi.org/10.1007/s40097-021-00436-3,Journal of nanostructure in chemistry,search_only
Synthesis and applications of nanoporous perovskite metal oxides,2018,10.1039/c7sc03920d,https://openalex.org/W2795985100,183,True,https://pubs.rsc.org/en/content/articlepdf/2018/sc/c7sc03920d,https://doi.org/10.1039/c7sc03920d,Chemical Science,search_only
Recent Progress of Metal–Air Batteries—A Mini Review,2019,10.3390/app9142787,https://openalex.org/W2956231099,183,True,https://www.mdpi.com/2076-3417/9/14/2787/pdf?version=1562836738,https://doi.org/10.3390/app9142787,Applied Sciences,search_only
Multication perovskite 2D/3D interfaces form via progressive dimensional reduction,2021,10.1038/s41467-021-23616-9,https://openalex.org/W3169569275,183,True,https://www.nature.com/articles/s41467-021-23616-9.pdf,https://doi.org/10.1038/s41467-021-23616-9,Nature Communications,search_only
A self-driving laboratory advances the Pareto front for material properties,2022,10.1038/s41467-022-28580-6,https://openalex.org/W4212913440,180,True,https://www.nature.com/articles/s41467-022-28580-6.pdf,https://doi.org/10.1038/s41467-022-28580-6,Nature Communications,search_only
Sn‐Based Perovskite for Highly Sensitive Photodetectors,2019,10.1002/advs.201900751,https://openalex.org/W2962564367,179,True,https://onlinelibrary.wiley.com/doi/pdfdirect/10.1002/advs.201900751,https://doi.org/10.1002/advs.201900751,Advanced Science,search_only
Multiple and Promising Applications of Strontium (Sr)-Containing Bioactive Glasses in Bone Tissue Engineering,2019,10.3389/fbioe.2019.00161,https://openalex.org/W2953846685,178,True,https://www.frontiersin.org/articles/10.3389/fbioe.2019.00161/pdf,https://doi.org/10.3389/fbioe.2019.00161,Frontiers in Bioengineering and Biotechnology,search_only
Lead‐Free Halide Double Perovskite Nanocrystals for Light‐Emitting Applications: Strategies for Boosting Efficiency and Stability,2021,10.1002/advs.202004118,https://openalex.org/W3135665969,178,True,https://onlinelibrary.wiley.com/doi/pdfdirect/10.1002/advs.202004118,https://doi.org/10.1002/advs.202004118,Advanced Science,search_only
"Antiferroelectrics: History, fundamentals, crystal chemistry, crystal structures, size effects, and applications",2021,10.1111/jace.17834,https://openalex.org/W3148912309,178,True,https://onlinelibrary.wiley.com/doi/pdfdirect/10.1111/jace.17834,https://doi.org/10.1111/jace.17834,Journal of the American Ceramic Society,search_only
Memristor-based biomimetic compound eye for real-time collision detection,2021,10.1038/s41467-021-26314-8,https://openalex.org/W3205318724,178,True,https://www.nature.com/articles/s41467-021-26314-8.pdf,https://doi.org/10.1038/s41467-021-26314-8,Nature Communications,search_only
Overcoming C60-induced interfacial recombination in inverted perovskite solar cells by electron-transporting carborane,2022,10.1038/s41467-022-34203-x,https://openalex.org/W4311131750,177,True,https://www.nature.com/articles/s41467-022-34203-x.pdf,https://doi.org/10.1038/s41467-022-34203-x,Nature Communications,search_only
Efficiency and stability enhancement of perovskite solar cells by introducing CsPbI3 quantum dots as an interface engineering layer,2018,10.1038/s41427-018-0055-0,https://openalex.org/W2808352454,177,True,https://www.nature.com/articles/s41427-018-0055-0.pdf,https://doi.org/10.1038/s41427-018-0055-0,NPG Asia Materials,search_only
The expanding world of hybrid perovskites: materials properties and emerging applications,2015,10.1557/mrc.2015.6,https://openalex.org/W2073520154,176,True,https://link.springer.com/content/pdf/10.1557/mrc.2015.6.pdf,https://doi.org/10.1557/mrc.2015.6,MRS Communications,search_only
Tin Halide Perovskite (ASnX<sub>3</sub>) Solar Cells: A Comprehensive Guide toward the Highest Power Conversion Efficiency,2019,10.1002/aenm.201902467,https://openalex.org/W2978779587,175,True,https://onlinelibrary.wiley.com/doi/pdfdirect/10.1002/aenm.201902467,https://doi.org/10.1002/aenm.201902467,Advanced Energy Materials,search_only
Rapid hybrid perovskite film crystallization from solution,2021,10.1039/d0cs01272f,https://openalex.org/W3162009576,175,True,https://pubs.rsc.org/en/content/articlepdf/2021/cs/d0cs01272f,https://doi.org/10.1039/d0cs01272f,Chemical Society Reviews,search_only
Application of intrinsically conducting polymers in flexible electronics,2021,10.1002/smm2.1059,https://openalex.org/W3194204240,174,True,https://onlinelibrary.wiley.com/doi/pdfdirect/10.1002/smm2.1059,https://doi.org/10.1002/smm2.1059,SmartMat,search_only
Self-cycled photo-Fenton-like system based on an artificial leaf with a solar-to-H2O2 conversion efficiency of 1.46%,2022,10.1038/s41467-022-32410-0,https://openalex.org/W4293036653,174,True,https://www.nature.com/articles/s41467-022-32410-0.pdf,https://doi.org/10.1038/s41467-022-32410-0,Nature Communications,search_only
Enhancing the crystallinity and perfecting the orientation of formamidinium tin iodide for highly efficient Sn-based perovskite solar cells,2019,10.1016/j.nanoen.2019.04.040,https://openalex.org/W2938751855,174,True,https://ars.els-cdn.com/content/image/1-s2.0-S2211285519303416-fx1_lrg.jpg,https://doi.org/10.1016/j.nanoen.2019.04.040,Nano Energy,search_only
Nanocomposites based on lanthanide-doped upconversion nanoparticles: diverse designs and applications,2022,10.1038/s41377-022-00871-z,https://openalex.org/W4285087005,173,True,https://www.nature.com/articles/s41377-022-00871-z.pdf,https://doi.org/10.1038/s41377-022-00871-z,Light Science & Applications,search_only
Graphitic carbon nitride and polymers: a mutual combination for advanced properties,2019,10.1039/c9mh01497g,https://openalex.org/W2991239385,173,True,https://pubs.rsc.org/en/content/articlepdf/2020/mh/c9mh01497g,https://doi.org/10.1039/c9mh01497g,Materials Horizons,search_only
Lead‐Free Perovskite‐Inspired Absorbers for Indoor Photovoltaics,2020,10.1002/aenm.202002761,https://openalex.org/W3097414152,173,True,https://onlinelibrary.wiley.com/doi/pdfdirect/10.1002/aenm.202002761,https://doi.org/10.1002/aenm.202002761,Advanced Energy Materials,search_only
Printed Solar Cells and Energy Storage Devices on Paper Substrates,2019,10.1002/adfm.201806798,https://openalex.org/W2913018916,171,True,https://onlinelibrary.wiley.com/doi/pdfdirect/10.1002/adfm.201806798,https://doi.org/10.1002/adfm.201806798,Advanced Functional Materials,search_only
Recycling lead and transparent conductors from perovskite solar modules,2021,10.1038/s41467-021-26121-1,https://openalex.org/W3203403144,170,True,https://www.nature.com/articles/s41467-021-26121-1.pdf,https://doi.org/10.1038/s41467-021-26121-1,Nature Communications,search_only
"Perovskite Solar Cells: A Review of the Latest Advances in Materials, Fabrication Techniques, and Stability Enhancement Strategies",2024,10.3390/mi15020192,https://openalex.org/W4391323435,168,True,https://www.mdpi.com/2072-666X/15/2/192/pdf?version=1706342230,https://doi.org/10.3390/mi15020192,Micromachines,search_only
Nature-inspired materials: Emerging trends and prospects,2021,10.1038/s41427-021-00322-y,https://openalex.org/W3179556812,168,True,https://www.nature.com/articles/s41427-021-00322-y.pdf,https://doi.org/10.1038/s41427-021-00322-y,NPG Asia Materials,search_only
Solution-processed highly bright and durable cesium lead halide perovskite light-emitting diodes,2016,10.1039/c6nr05330k,https://openalex.org/W2511857251,167,True,https://pubs.rsc.org/en/content/articlepdf/2016/nr/c6nr05330k,https://doi.org/10.1039/c6nr05330k,Nanoscale,search_only
Ruddlesden–Popper Perovskites: Synthesis and Optical Properties for Optoelectronic Applications,2019,10.1002/advs.201900941,https://openalex.org/W2980549847,167,True,https://onlinelibrary.wiley.com/doi/pdfdirect/10.1002/advs.201900941,https://doi.org/10.1002/advs.201900941,Advanced Science,search_only
Universal mobility characteristics of graphene originating from charge scattering by ionised impurities,2021,10.1038/s42005-021-00518-2,https://openalex.org/W3130060369,166,True,https://www.nature.com/articles/s42005-021-00518-2.pdf,https://doi.org/10.1038/s42005-021-00518-2,Communications Physics,search_only
Sol gel graphene/TiO2 nanoparticles for the photocatalytic-assisted sensing and abatement of NO2,2018,10.1016/j.apcatb.2018.10.032,https://openalex.org/W2896604138,166,True,https://ars.els-cdn.com/content/image/1-s2.0-S0926337318309883-ga1_lrg.jpg,https://doi.org/10.1016/j.apcatb.2018.10.032,Applied Catalysis B: Environmental,search_only
Designing principles of advanced sulfur cathodes toward practical lithium‐sulfur batteries,2022,10.1002/sus2.42,https://openalex.org/W4206924036,165,True,https://onlinelibrary.wiley.com/doi/pdfdirect/10.1002/sus2.42,https://doi.org/10.1002/sus2.42,SusMat,search_only
Promoting Energy Transfer via Manipulation of Crystallization Kinetics of Quasi‐2D Perovskites for Efficient Green Light‐Emitting Diodes,2021,10.1002/adma.202102246,https://openalex.org/W3193524760,165,True,https://onlinelibrary.wiley.com/doi/pdfdirect/10.1002/adma.202102246,https://doi.org/10.1002/adma.202102246,Advanced Materials,search_only
Bright and stable near-infrared lead-free perovskite light-emitting diodes,2024,10.1038/s41566-023-01351-5,https://openalex.org/W4390614324,165,True,https://www.nature.com/articles/s41566-023-01351-5.pdf,https://doi.org/10.1038/s41566-023-01351-5,Nature Photonics,search_only
A Review on Electrospun Nanofibers Based Advanced Applications: From Health Care to Energy Devices,2021,10.3390/polym13213746,https://openalex.org/W3211246923,165,True,https://www.mdpi.com/2073-4360/13/21/3746/pdf?version=1635741242,https://doi.org/10.3390/polym13213746,Polymers,search_only
Electrochemical Synthesis of Carbon Quantum Dots,2023,10.1002/celc.202201104,https://openalex.org/W4319841099,164,True,https://onlinelibrary.wiley.com/doi/pdfdirect/10.1002/celc.202201104,https://doi.org/10.1002/celc.202201104,ChemElectroChem,search_only
"Fractional deviations in precursor stoichiometry dictate the properties, performance and stability of perovskite photovoltaic devices",2018,10.1039/c8ee01136b,https://openalex.org/W2891680217,164,True,https://pubs.rsc.org/en/content/articlepdf/2018/ee/c8ee01136b,https://doi.org/10.1039/c8ee01136b,Energy & Environmental Science,search_only
How to GIWAXS: Grazing Incidence Wide Angle X‐Ray Scattering Applied to Metal Halide Perovskite Thin Films,2023,10.1002/aenm.202300760,https://openalex.org/W4380263693,164,True,https://onlinelibrary.wiley.com/doi/pdfdirect/10.1002/aenm.202300760,https://doi.org/10.1002/aenm.202300760,Advanced Energy Materials,search_only
Efficient and bright warm-white electroluminescence from lead-free metal halides,2021,10.1038/s41467-021-21638-x,https://openalex.org/W3135623756,164,True,https://www.nature.com/articles/s41467-021-21638-x.pdf,https://doi.org/10.1038/s41467-021-21638-x,Nature Communications,search_only
Challenges and Progress in Lead‐Free Halide Double Perovskite Solar Cells,2023,10.1002/solr.202201112,https://openalex.org/W4317399033,164,True,https://onlinelibrary.wiley.com/doi/pdfdirect/10.1002/solr.202201112,https://doi.org/10.1002/solr.202201112,Solar RRL,search_only
Exciton-polaron spectral structures in two-dimensional hybrid lead-halide perovskites,2018,10.1103/physrevmaterials.2.064605,https://openalex.org/W2792120617,163,True,http://link.aps.org/pdf/10.1103/PhysRevMaterials.2.064605,https://doi.org/10.1103/physrevmaterials.2.064605,Physical Review Materials,search_only
Electrospinning Piezoelectric Fibers for Biocompatible Devices,2019,10.1002/adhm.201901287,https://openalex.org/W2982904400,163,True,https://onlinelibrary.wiley.com/doi/pdfdirect/10.1002/adhm.201901287,https://doi.org/10.1002/adhm.201901287,Advanced Healthcare Materials,search_only
Integration of two-dimensional materials-based perovskite solar panels into a stand-alone solar farm,2022,10.1038/s41560-022-01035-4,https://openalex.org/W4283027391,163,True,https://www.nature.com/articles/s41560-022-01035-4.pdf,https://doi.org/10.1038/s41560-022-01035-4,Nature Energy,search_only
How machine learning can help select capping layers to suppress perovskite degradation,2020,10.1038/s41467-020-17945-4,https://openalex.org/W3064646198,162,True,https://www.nature.com/articles/s41467-020-17945-4.pdf,https://doi.org/10.1038/s41467-020-17945-4,Nature Communications,search_only
LiTFSI‐Free Spiro‐OMeTAD‐Based Perovskite Solar Cells with Power Conversion Efficiencies Exceeding 19%,2019,10.1002/aenm.201901519,https://openalex.org/W2961546531,162,True,https://onlinelibrary.wiley.com/doi/pdfdirect/10.1002/aenm.201901519,https://doi.org/10.1002/aenm.201901519,Advanced Energy Materials,search_only
High-performance p-channel transistors with transparent Zn doped-CuI,2020,10.1038/s41467-020-18006-6,https://openalex.org/W3080292565,161,True,https://www.nature.com/articles/s41467-020-18006-6.pdf,https://doi.org/10.1038/s41467-020-18006-6,Nature Communications,search_only
Large-area and efficient perovskite light-emitting diodes via low-temperature blade-coating,2021,10.1038/s41467-020-20433-4,https://openalex.org/W3120128877,161,True,https://www.nature.com/articles/s41467-020-20433-4.pdf,https://doi.org/10.1038/s41467-020-20433-4,Nature Communications,pdf_downloaded
"A Review on Low-Dimensional Nanomaterials: Nanofabrication, Characterization and Applications",2022,10.3390/nano13010160,https://openalex.org/W4313585329,160,True,https://www.mdpi.com/2079-4991/13/1/160/pdf?version=1672818078,https://doi.org/10.3390/nano13010160,Nanomaterials,search_only
Recent Progress of Electrode Materials for Flexible Perovskite Solar Cells,2022,10.1007/s40820-022-00859-9,https://openalex.org/W4225130482,160,True,https://link.springer.com/content/pdf/10.1007/s40820-022-00859-9.pdf,https://doi.org/10.1007/s40820-022-00859-9,Nano-Micro Letters,search_only
"Advancements in Photovoltaic Cell Materials: Silicon, Organic, and Perovskite Solar Cells",2024,10.3390/ma17051165,https://openalex.org/W4392360589,160,True,https://www.mdpi.com/1996-1944/17/5/1165/pdf?version=1709303109,https://doi.org/10.3390/ma17051165,Materials,search_only
Ultralow‐Power Machine Vision with Self‐Powered Sensor Reservoir,2022,10.1002/advs.202106092,https://openalex.org/W4220953210,159,True,https://onlinelibrary.wiley.com/doi/pdfdirect/10.1002/advs.202106092,https://doi.org/10.1002/advs.202106092,Advanced Science,search_only
Halide perovskites: A dark horse for direct X‐ray imaging,2020,10.1002/eom2.12064,https://openalex.org/W3104881471,159,True,https://onlinelibrary.wiley.com/doi/pdfdirect/10.1002/eom2.12064,https://doi.org/10.1002/eom2.12064,EcoMat,search_only
Application of 2D Non-Graphene Materials and 2D Oxide Nanostructures for Biosensing Technology,2016,10.3390/s16020223,https://openalex.org/W2261536002,158,True,https://www.mdpi.com/1424-8220/16/2/223/pdf?version=1455873782,https://doi.org/10.3390/s16020223,Sensors,search_only
Current international research into cellulose as a functional nanomaterial for advanced applications,2022,10.1007/s10853-022-06903-8,https://openalex.org/W4214922198,157,True,https://link.springer.com/content/pdf/10.1007/s10853-022-06903-8.pdf,https://doi.org/10.1007/s10853-022-06903-8,Journal of Materials Science,search_only
Nanocellulose‐based polymer composites for energy applications—A review,2020,10.1002/app.48959,https://openalex.org/W3003262507,157,True,https://onlinelibrary.wiley.com/doi/pdfdirect/10.1002/app.48959,https://doi.org/10.1002/app.48959,Journal of Applied Polymer Science,search_only
Triggering the Passivation Effect of Potassium Doping in Mixed‐Cation Mixed‐Halide Perovskite by Light Illumination,2019,10.1002/aenm.201901016,https://openalex.org/W2943190256,157,True,https://onlinelibrary.wiley.com/doi/pdfdirect/10.1002/aenm.201901016,https://doi.org/10.1002/aenm.201901016,Advanced Energy Materials,search_only
"Additive‐Free, Low‐Temperature Crystallization of Stable α‐FAPbI<sub>3</sub> Perovskite",2021,10.1002/adma.202107850,https://openalex.org/W4200011489,157,True,,https://doi.org/10.1002/adma.202107850,Advanced Materials,search_only
Halide Perovskite Light‐Emitting Diode Technologies,2021,10.1002/adom.202002128,https://openalex.org/W3134351897,156,True,https://onlinelibrary.wiley.com/doi/pdfdirect/10.1002/adom.202002128,https://doi.org/10.1002/adom.202002128,Advanced Optical Materials,search_only
"Frontiers in carbon dots: design, properties and applications",2019,10.1039/c9qm00415g,https://openalex.org/W2974028121,155,True,https://pubs.rsc.org/en/content/articlepdf/2019/qm/c9qm00415g,https://doi.org/10.1039/c9qm00415g,Materials Chemistry Frontiers,search_only
A Special Additive Enables All Cations and Anions Passivation for Stable Perovskite Solar Cells with Efficiency over 23%,2021,10.1007/s40820-021-00688-2,https://openalex.org/W3188113146,155,True,https://link.springer.com/content/pdf/10.1007/s40820-021-00688-2.pdf,https://doi.org/10.1007/s40820-021-00688-2,Nano-Micro Letters,search_only
A review of the recent progress in battery informatics,2022,10.1038/s41524-022-00713-x,https://openalex.org/W4213140999,154,True,https://www.nature.com/articles/s41524-022-00713-x.pdf,https://doi.org/10.1038/s41524-022-00713-x,npj Computational Materials,search_only
Corrosion-resistant cobalt phosphide electrocatalysts for salinity tolerance hydrogen evolution,2023,10.1038/s41467-023-43459-w,https://openalex.org/W4388969716,154,True,https://www.nature.com/articles/s41467-023-43459-w.pdf,https://doi.org/10.1038/s41467-023-43459-w,Nature Communications,search_only
Strain-activated light-induced halide segregation in mixed-halide perovskite solids,2020,10.1038/s41467-020-20066-7,https://openalex.org/W3110797523,153,True,https://www.nature.com/articles/s41467-020-20066-7.pdf,https://doi.org/10.1038/s41467-020-20066-7,Nature Communications,search_only
Visible light communication with efficient far-red/near-infrared polymer light-emitting diodes,2020,10.1038/s41377-020-0314-z,https://openalex.org/W3019900940,153,True,https://www.nature.com/articles/s41377-020-0314-z.pdf,https://doi.org/10.1038/s41377-020-0314-z,Light Science & Applications,search_only
Tailoring vertical phase distribution of quasi-two-dimensional perovskite films via surface modification of hole-transporting layer,2019,10.1038/s41467-019-08843-5,https://openalex.org/W2916431294,153,True,https://www.nature.com/articles/s41467-019-08843-5.pdf,https://doi.org/10.1038/s41467-019-08843-5,Nature Communications,search_only
Bio-inspired ultra-high energy efficiency bistable electronic billboard and reader,2019,10.1038/s41467-019-09556-5,https://openalex.org/W2929666421,153,True,https://www.nature.com/articles/s41467-019-09556-5.pdf,https://doi.org/10.1038/s41467-019-09556-5,Nature Communications,search_only
Laser Synthesis and Microfabrication of Micro/Nanostructured Materials Toward Energy Conversion and Storage,2021,10.1007/s40820-020-00577-0,https://openalex.org/W3119231187,152,True,https://link.springer.com/content/pdf/10.1007/s40820-020-00577-0.pdf,https://doi.org/10.1007/s40820-020-00577-0,Nano-Micro Letters,search_only
Enhanced perovskite electronic properties via a modified lead(<scp>ii</scp>) chloride Lewis acid–base adduct and their effect in high-efficiency perovskite solar cells,2017,10.1039/c6ta11139d,https://openalex.org/W2586588557,151,True,https://pubs.rsc.org/en/content/articlepdf/2017/ta/c6ta11139d,https://doi.org/10.1039/c6ta11139d,Journal of Materials Chemistry A,search_only
Efficient and Air-Stable Planar Perovskite Solar Cells Formed on Graphene-Oxide-Modified PEDOT:PSS Hole Transport Layer,2017,10.1007/s40820-017-0140-x,https://openalex.org/W2597295961,151,True,https://link.springer.com/content/pdf/10.1007/s40820-017-0140-x.pdf,https://doi.org/10.1007/s40820-017-0140-x,Nano-Micro Letters,search_only
A Facile Methodology for Engineering the Morphology of CsPbX3 Perovskite Nanocrystals under Ambient Condition,2016,10.1038/srep37693,https://openalex.org/W2552570726,151,True,https://www.nature.com/articles/srep37693.pdf,https://doi.org/10.1038/srep37693,Scientific Reports,search_only
Inorganic Halide Perovskite Quantum Dots: A Versatile Nanomaterial Platform for Electronic Applications,2022,10.1007/s40820-022-00983-6,https://openalex.org/W4313334514,150,True,https://link.springer.com/content/pdf/10.1007/s40820-022-00983-6.pdf,https://doi.org/10.1007/s40820-022-00983-6,Nano-Micro Letters,search_only
Solution‐Grown Organic and Perovskite X‐Ray Detectors: A New Paradigm for the Direct Detection of Ionizing Radiation,2020,10.1002/admt.202000475,https://openalex.org/W3081255312,150,True,https://onlinelibrary.wiley.com/doi/pdfdirect/10.1002/admt.202000475,https://doi.org/10.1002/admt.202000475,Advanced Materials Technologies,search_only
Heterojunction formed via 3D-to-2D perovskite conversion for photostable wide-bandgap perovskite solar cells,2023,10.1038/s41467-023-43016-5,https://openalex.org/W4388412864,150,True,https://www.nature.com/articles/s41467-023-43016-5.pdf,https://doi.org/10.1038/s41467-023-43016-5,Nature Communications,search_only
"Optical and electronic properties of mixed halide (X = I, Cl, Br) methylammonium lead perovskite solar cells",2017,10.1039/c6tc04830g,https://openalex.org/W2582439517,149,True,https://pubs.rsc.org/en/content/articlepdf/2017/tc/c6tc04830g,https://doi.org/10.1039/c6tc04830g,Journal of Materials Chemistry C,search_only
High-Performance Photodiode-Type Photodetectors Based on Polycrystalline Formamidinium Lead Iodide Perovskite Thin Films,2018,10.1038/s41598-018-29147-6,https://openalex.org/W2884060952,149,True,https://www.nature.com/articles/s41598-018-29147-6.pdf,https://doi.org/10.1038/s41598-018-29147-6,Scientific Reports,search_only
Structural effects on optoelectronic properties of halide perovskites,2018,10.1039/c8cs00212f,https://openalex.org/W2885238190,149,True,https://pubs.rsc.org/en/content/articlepdf/2018/cs/c8cs00212f,https://doi.org/10.1039/c8cs00212f,Chemical Society Reviews,search_only
Nanostructured Semiconductor Materials for Dye-Sensitized Solar Cells,2017,10.1155/2017/5323164,https://openalex.org/W2570430865,149,True,http://downloads.hindawi.com/journals/jnm/2017/5323164.pdf,https://doi.org/10.1155/2017/5323164,Journal of Nanomaterials,search_only
Continuous wave amplified spontaneous emission in phase-stable lead halide perovskites,2019,10.1038/s41467-019-08929-0,https://openalex.org/W2916950464,148,True,https://www.nature.com/articles/s41467-019-08929-0.pdf,https://doi.org/10.1038/s41467-019-08929-0,Nature Communications,search_only
A polymer controlled nucleation route towards the generalized growth of organic-inorganic perovskite single crystals,2021,10.1038/s41467-021-22193-1,https://openalex.org/W3145143191,147,True,https://www.nature.com/articles/s41467-021-22193-1.pdf,https://doi.org/10.1038/s41467-021-22193-1,Nature Communications,search_only
Nanocomposite hydrogels for biomedical applications,2022,10.1002/btm2.10315,https://openalex.org/W4225830869,147,True,https://onlinelibrary.wiley.com/doi/pdfdirect/10.1002/btm2.10315,https://doi.org/10.1002/btm2.10315,Bioengineering & Translational Medicine,search_only
Elimination of light-induced degradation at the nickel oxide-perovskite heterojunction by aprotic sulfonium layers towards long-term operationally stable inverted perovskite solar cells,2022,10.1039/d2ee01801b,https://openalex.org/W4296880058,147,True,https://pubs.rsc.org/en/content/articlepdf/2022/ee/d2ee01801b,https://doi.org/10.1039/d2ee01801b,Energy & Environmental Science,search_only
Identifying the Cause of Voltage and Fill Factor Losses in Perovskite Solar Cells by Using Luminescence Measurements,2017,10.1002/ente.201700374,https://openalex.org/W2741859813,147,True,https://onlinelibrary.wiley.com/doi/pdfdirect/10.1002/ente.201700374,https://doi.org/10.1002/ente.201700374,Energy Technology,search_only
Scalable two-terminal all-perovskite tandem solar modules with a 19.1% efficiency,2022,10.1038/s41560-022-01059-w,https://openalex.org/W4284690081,146,True,https://www.nature.com/articles/s41560-022-01059-w.pdf,https://doi.org/10.1038/s41560-022-01059-w,Nature Energy,search_only
Chloride‐Based Additive Engineering for Efficient and Stable Wide‐Bandgap Perovskite Solar Cells,2023,10.1002/adma.202211742,https://openalex.org/W4376641968,146,True,https://onlinelibrary.wiley.com/doi/pdfdirect/10.1002/adma.202211742,https://doi.org/10.1002/adma.202211742,Advanced Materials,search_only
Discerning recombination mechanisms and ideality factors through impedance analysis of high-efficiency perovskite solar cells,2018,10.1016/j.nanoen.2018.03.042,https://openalex.org/W2792405309,146,True,https://ars.els-cdn.com/content/image/1-s2.0-S2211285518301836-fx1_lrg.jpg,https://doi.org/10.1016/j.nanoen.2018.03.042,Nano Energy,search_only
Fully Spray-Coated Triple-Cation Perovskite Solar Cells,2020,10.1038/s41598-020-63674-5,https://openalex.org/W3016719418,146,True,https://www.nature.com/articles/s41598-020-63674-5.pdf,https://doi.org/10.1038/s41598-020-63674-5,Scientific Reports,search_only
Scalable PbS Quantum Dot Solar Cell Production by Blade Coating from Stable Inks,2021,10.1021/acsami.0c18204,https://openalex.org/W3121776178,145,True,https://pubs.acs.org/doi/pdf/10.1021/acsami.0c18204,https://doi.org/10.1021/acsami.0c18204,ACS Applied Materials & Interfaces,candidate
Patterning Multicolor Hybrid Perovskite Films <i>via</i> Top-Down Lithography,2019,10.1021/acsnano.8b09592,https://openalex.org/W2915253349,144,True,https://research-repository.st-andrews.ac.uk/bitstream/10023/19515/1/Harwell_2019_Patterning_multicolor_ACSNano_AAM.pdf,https://hdl.handle.net/10023/19515,ACS Nano,search_only
Challenges and Opportunities for CsPbBr<sub>3</sub> Perovskites in Low- and High-Energy Radiation Detection,2021,10.1021/acsenergylett.1c00007,https://openalex.org/W3137056344,144,True,https://pubs.acs.org/doi/pdf/10.1021/acsenergylett.1c00007,https://doi.org/10.1021/acsenergylett.1c00007,ACS Energy Letters,search_only
Polyaniline and its composites engineering: A class of multifunctional smart energy materials,2022,10.1016/j.jssc.2022.123679,https://openalex.org/W4307899528,144,True,https://ars.els-cdn.com/content/image/1-s2.0-S0022459622008040-ga1_lrg.jpg,https://doi.org/10.1016/j.jssc.2022.123679,Journal of Solid State Chemistry,search_only
Stabilizing Buried Interface via Synergistic Effect of Fluorine and Sulfonyl Functional Groups Toward Efficient and Stable Perovskite Solar Cells,2022,10.1007/s40820-022-00992-5,https://openalex.org/W4313334681,144,True,https://link.springer.com/content/pdf/10.1007/s40820-022-00992-5.pdf,https://doi.org/10.1007/s40820-022-00992-5,Nano-Micro Letters,search_only
Direct in situ photolithography of perovskite quantum dots based on photocatalysis of lead bromide complexes,2022,10.1038/s41467-022-34453-9,https://openalex.org/W4308769676,143,True,https://www.nature.com/articles/s41467-022-34453-9.pdf,https://doi.org/10.1038/s41467-022-34453-9,Nature Communications,search_only
Enabling low-drift flexible perovskite photodetectors by electrical modulation for wearable health monitoring and weak light imaging,2023,10.1038/s41467-023-40711-1,https://openalex.org/W4385876952,143,True,https://www.nature.com/articles/s41467-023-40711-1.pdf,https://doi.org/10.1038/s41467-023-40711-1,Nature Communications,search_only
Three-Dimensional Printing of a LiFePO4/Graphite Battery Cell via Fused Deposition Modeling,2019,10.1038/s41598-019-54518-y,https://openalex.org/W2990226225,143,True,https://www.nature.com/articles/s41598-019-54518-y.pdf,https://doi.org/10.1038/s41598-019-54518-y,Scientific Reports,search_only
A prenucleation strategy for ambient fabrication of perovskite solar cells with high device performance uniformity,2020,10.1038/s41467-020-14715-0,https://openalex.org/W3008415532,142,True,https://www.nature.com/articles/s41467-020-14715-0.pdf,https://doi.org/10.1038/s41467-020-14715-0,Nature Communications,search_only
Ultra-high open-circuit voltage of perovskite solar cells induced by nucleation thermodynamics on rough substrates,2017,10.1038/srep46141,https://openalex.org/W2606222460,142,True,https://www.nature.com/articles/srep46141.pdf,https://doi.org/10.1038/srep46141,Scientific Reports,search_only
Improved charge carrier lifetime in planar perovskite solar cells by bromine doping,2016,10.1038/srep39333,https://openalex.org/W2567083855,142,True,https://www.nature.com/articles/srep39333.pdf,https://doi.org/10.1038/srep39333,Scientific Reports,search_only
Stable biexcitons in two-dimensional metal-halide perovskites with strong dynamic lattice disorder,2018,10.1103/physrevmaterials.2.034001,https://openalex.org/W2772587104,142,True,http://link.aps.org/pdf/10.1103/PhysRevMaterials.2.034001,https://doi.org/10.1103/physrevmaterials.2.034001,Physical Review Materials,search_only
Challenges and strategies toward long-term stability of lead-free tin-based perovskite solar cells,2022,10.1038/s43246-022-00327-2,https://openalex.org/W4312181094,141,True,https://www.nature.com/articles/s43246-022-00327-2.pdf,https://doi.org/10.1038/s43246-022-00327-2,Communications Materials,search_only
Long-range charge carrier mobility in metal halide perovskite thin-films and single crystals via transient photo-conductivity,2022,10.1038/s41467-022-31569-w,https://openalex.org/W4286007791,141,True,https://www.nature.com/articles/s41467-022-31569-w.pdf,https://doi.org/10.1038/s41467-022-31569-w,Nature Communications,search_only
The impact of moisture on the stability and degradation of perovskites in solar cells,2024,10.1039/d3ma00828b,https://openalex.org/W4391758769,141,True,https://pubs.rsc.org/en/content/articlepdf/2024/ma/d3ma00828b,https://doi.org/10.1039/d3ma00828b,Materials Advances,search_only
Functional additives for solid polymer electrolytes in flexible and high‐energy‐density solid‐state lithium‐ion batteries,2021,10.1002/cey2.146,https://openalex.org/W3201410355,141,True,https://onlinelibrary.wiley.com/doi/pdfdirect/10.1002/cey2.146,https://doi.org/10.1002/cey2.146,Carbon Energy,search_only
Spectral splitting photovoltaics using perovskite and wideband dye-sensitized solar cells,2015,10.1038/ncomms9834,https://openalex.org/W2262089745,140,True,https://www.nature.com/articles/ncomms9834.pdf,https://doi.org/10.1038/ncomms9834,Nature Communications,search_only
Polyimide-Based Capacitive Humidity Sensor,2018,10.3390/s18051516,https://openalex.org/W2801858147,139,True,https://www.mdpi.com/1424-8220/18/5/1516/pdf?version=1526028477,https://doi.org/10.3390/s18051516,Sensors,search_only
Self-assembled bilayer for perovskite solar cells with improved tolerance against thermal stresses,2025,10.1038/s41560-024-01689-2,https://openalex.org/W4406104388,139,True,https://www.nature.com/articles/s41560-024-01689-2.pdf,https://doi.org/10.1038/s41560-024-01689-2,Nature Energy,search_only
Solution-Processed Transparent Conducting Electrodes for Flexible Organic Solar Cells with 16.61% Efficiency,2021,10.1007/s40820-020-00566-3,https://openalex.org/W3118303704,139,True,https://link.springer.com/content/pdf/10.1007/s40820-020-00566-3.pdf,https://doi.org/10.1007/s40820-020-00566-3,Nano-Micro Letters,search_only
Ligand-bridged charge extraction and enhanced quantum efficiency enable efficient n–i–p perovskite/silicon tandem solar cells,2021,10.1039/d1ee01206a,https://openalex.org/W3176406323,137,True,https://pubs.rsc.org/en/content/articlepdf/2021/ee/d1ee01206a,https://doi.org/10.1039/d1ee01206a,Energy & Environmental Science,search_only
Dopant Engineering for Spiro‐OMeTAD Hole‐Transporting Materials towards Efficient Perovskite Solar Cells,2021,10.1002/adfm.202102124,https://openalex.org/W3191903301,137,True,https://onlinelibrary.wiley.com/doi/pdfdirect/10.1002/adfm.202102124,https://doi.org/10.1002/adfm.202102124,Advanced Functional Materials,search_only
Accelerated microdroplet synthesis of benzimidazoles by nucleophilic addition to protonated carboxylic acids,2020,10.1039/d0sc02467h,https://openalex.org/W3043544982,137,True,https://pubs.rsc.org/en/content/articlepdf/2020/sc/d0sc02467h,https://doi.org/10.1039/d0sc02467h,Chemical Science,search_only
Biogas Management: Advanced Utilization for Production of Renewable Energy and Added-value Chemicals,2017,10.3389/fenvs.2017.00007,https://openalex.org/W2588090787,137,True,https://www.frontiersin.org/articles/10.3389/fenvs.2017.00007/pdf,https://doi.org/10.3389/fenvs.2017.00007,Frontiers in Environmental Science,search_only
Recent Progress in Organic Solar Cells: A Review on Materials from Acceptor to Donor,2022,10.3390/molecules27061800,https://openalex.org/W4220975328,137,True,https://www.mdpi.com/1420-3049/27/6/1800/pdf?version=1646878760,https://doi.org/10.3390/molecules27061800,Molecules,search_only
NiFeOx decorated Ge-hematite/perovskite for an efficient water splitting system,2021,10.1038/s41467-021-24428-7,https://openalex.org/W3182200437,136,True,https://www.nature.com/articles/s41467-021-24428-7.pdf,https://doi.org/10.1038/s41467-021-24428-7,Nature Communications,search_only
"Perovskite Nanomaterials – Synthesis, Characterization, and Applications",2016,10.5772/61280,https://openalex.org/W2279067240,136,True,https://www.intechopen.com/citation-pdf-url/49438,https://doi.org/10.5772/61280,InTech eBooks,search_only
Sensitive Detection of Dengue Virus Type 2 E-Proteins Signals Using Self-Assembled Monolayers/Reduced Graphene Oxide-PAMAM Dendrimer Thin Film-SPR Optical Sensor,2020,10.1038/s41598-020-59388-3,https://openalex.org/W3005997157,136,True,https://www.nature.com/articles/s41598-020-59388-3.pdf,https://doi.org/10.1038/s41598-020-59388-3,Scientific Reports,search_only
Indirect tail states formation by thermal-induced polar fluctuations in halide perovskites,2019,10.1038/s41467-019-08326-7,https://openalex.org/W2914152063,135,True,https://www.nature.com/articles/s41467-019-08326-7.pdf,https://doi.org/10.1038/s41467-019-08326-7,Nature Communications,search_only
Integrated halide perovskite photoelectrochemical cells with solar-driven water-splitting efficiency of 20.8%,2023,10.1038/s41467-023-39290-y,https://openalex.org/W4382020723,135,True,https://www.nature.com/articles/s41467-023-39290-y.pdf,https://doi.org/10.1038/s41467-023-39290-y,Nature Communications,search_only
Nanostructured boron nitride–based materials: synthesis and applications,2020,10.1016/j.mtadv.2020.100107,https://openalex.org/W3092389257,135,True,https://www.sciencedirect.com/science/article/am/pii/S2590049820300540?via%3Dihub,https://doi.org/10.1016/j.mtadv.2020.100107,Materials Today Advances,search_only
A Review of Third Generation Solar Cells,2023,10.3390/pr11061852,https://openalex.org/W4381335314,134,True,https://www.mdpi.com/2227-9717/11/6/1852/pdf?version=1687222956,https://doi.org/10.3390/pr11061852,Processes,search_only
Photonically active bowtie nanoassemblies with chirality continuum,2023,10.1038/s41586-023-05733-1,https://openalex.org/W4324344333,134,True,https://www.nature.com/articles/s41586-023-05733-1.pdf,https://doi.org/10.1038/s41586-023-05733-1,Nature,search_only
Highly stable and efficient solid-state solar cells based on methylammonium lead bromide (CH3NH3PbBr3) perovskite quantum dots,2015,10.1038/am.2015.86,https://openalex.org/W1598298067,134,True,https://www.nature.com/articles/am201586.pdf,https://doi.org/10.1038/am.2015.86,NPG Asia Materials,search_only
Fluoride Chemistry in Tin Halide Perovskites,2021,10.1002/anie.202107599,https://openalex.org/W3180733479,134,True,https://onlinelibrary.wiley.com/doi/pdfdirect/10.1002/anie.202107599,https://doi.org/10.1002/anie.202107599,Angewandte Chemie International Edition,search_only
Green and Near-Infrared Dual-Mode Afterglow of Carbon Dots and Their Applications for Confidential Information Readout,2021,10.1007/s40820-021-00718-z,https://openalex.org/W3200012132,134,True,https://link.springer.com/content/pdf/10.1007/s40820-021-00718-z.pdf,https://doi.org/10.1007/s40820-021-00718-z,Nano-Micro Letters,search_only
"Near‐Infrared Active Lead Chalcogenide Quantum Dots: Preparation, Post‐Synthesis Ligand Exchange, and Applications in Solar Cells",2018,10.1002/anie.201804053,https://openalex.org/W2805681104,134,True,https://onlinelibrary.wiley.com/doi/pdfdirect/10.1002/anie.201804053,https://doi.org/10.1002/anie.201804053,Angewandte Chemie International Edition,search_only
Sub-1.4eV bandgap inorganic perovskite solar cells with long-term stability,2020,10.1038/s41467-019-13908-6,https://openalex.org/W3000509672,134,True,https://www.nature.com/articles/s41467-019-13908-6.pdf,https://doi.org/10.1038/s41467-019-13908-6,Nature Communications,search_only
How antisolvent miscibility affects perovskite film wrinkling and photovoltaic properties,2021,10.1038/s41467-021-21803-2,https://openalex.org/W3133501077,132,True,https://www.nature.com/articles/s41467-021-21803-2.pdf,https://doi.org/10.1038/s41467-021-21803-2,Nature Communications,search_only
CsPb(I Br1−)3 solar cells,2019,10.1016/j.scib.2019.08.017,https://openalex.org/W2968846320,132,True,https://ars.els-cdn.com/content/image/1-s2.0-S2095927319304888-ga1_lrg.jpg,https://doi.org/10.1016/j.scib.2019.08.017,Science Bulletin,search_only
Progress and challenges on scaling up of perovskite solar cell technology,2021,10.1039/d1se01045j,https://openalex.org/W3216257650,132,True,https://pubs.rsc.org/en/content/articlepdf/2022/se/d1se01045j,https://doi.org/10.1039/d1se01045j,Sustainable Energy & Fuels,search_only
Facile route to freestanding CH3NH3PbI3 crystals using inverse solubility,2015,10.1038/srep11654,https://openalex.org/W1761551244,132,True,https://www.nature.com/articles/srep11654.pdf,https://doi.org/10.1038/srep11654,Scientific Reports,search_only
Self-assembled monolayer enabling improved buried interfaces in blade-coated perovskite solar cells for high efficiency and stability,2022,10.26599/nre.2022.9120004,https://openalex.org/W4220832752,132,True,https://www.sciopen.com/article_pdf/1505803554504044545.pdf,https://doi.org/10.26599/nre.2022.9120004,Nano Research Energy,pdf_downloaded
Engineering fluorinated-cation containing inverted perovskite solar cells with an efficiency of &gt;21% and improved stability towards humidity,2021,10.1038/s41467-020-20272-3,https://openalex.org/W3119261754,131,True,https://www.nature.com/articles/s41467-020-20272-3.pdf,https://doi.org/10.1038/s41467-020-20272-3,Nature Communications,search_only
Hydrophobic Cu<sub>2</sub>O Quantum Dots Enabled by Surfactant Modification as Top Hole‐Transport Materials for Efficient Perovskite Solar Cells,2019,10.1002/advs.201801169,https://openalex.org/W2911332796,131,True,https://onlinelibrary.wiley.com/doi/pdfdirect/10.1002/advs.201801169,https://doi.org/10.1002/advs.201801169,Advanced Science,search_only
Performance improvement of MXene-based perovskite solar cells upon property transition from metallic to semiconductive by oxidation of Ti<sub>3</sub>C<sub>2</sub>T<sub>x</sub>in air,2021,10.1039/d0ta11397b,https://openalex.org/W3127071303,131,True,https://pubs.rsc.org/en/content/articlepdf/2021/ta/d0ta11397b,https://doi.org/10.1039/d0ta11397b,Journal of Materials Chemistry A,search_only
Recent Developments in Upscalable Printing Techniques for Perovskite Solar Cells,2022,10.1002/advs.202200308,https://openalex.org/W4220953042,131,True,https://onlinelibrary.wiley.com/doi/pdfdirect/10.1002/advs.202200308,https://doi.org/10.1002/advs.202200308,Advanced Science,search_only
Efficient Carbon-Based CsPbBr3 Inorganic Perovskite Solar Cells by Using Cu-Phthalocyanine as Hole Transport Material,2018,10.1007/s40820-018-0187-3,https://openalex.org/W2782582230,131,True,https://link.springer.com/content/pdf/10.1007%2Fs40820-018-0187-3.pdf,https://doi.org/10.1007/s40820-018-0187-3,Nano-Micro Letters,search_only
The impact of ligands on the synthesis and application of metal halide perovskite nanocrystals,2021,10.1039/d1ta05242j,https://openalex.org/W3205029802,131,True,https://pubs.rsc.org/en/content/articlepdf/2021/ta/d1ta05242j,https://doi.org/10.1039/d1ta05242j,Journal of Materials Chemistry A,search_only
High Performance Perovskite Solar Cells,2015,10.1002/advs.201500201,https://openalex.org/W2188291525,130,True,https://onlinelibrary.wiley.com/doi/pdfdirect/10.1002/advs.201500201,https://doi.org/10.1002/advs.201500201,Advanced Science,search_only
Research Progress on Polymer Solar Cells Based on PEDOT:PSS Electrodes,2020,10.3390/polym12010145,https://openalex.org/W2999338916,130,True,https://www.mdpi.com/2073-4360/12/1/145/pdf?version=1578390310,https://doi.org/10.3390/polym12010145,Polymers,search_only
Spinel Co<sub>3</sub>O<sub>4</sub> nanomaterials for efficient and stable large area carbon-based printed perovskite solar cells,2017,10.1039/c7nr08289d,https://openalex.org/W2778115116,130,True,https://pubs.rsc.org/en/content/articlepdf/2018/nr/c7nr08289d,https://doi.org/10.1039/c7nr08289d,Nanoscale,search_only
Fiber‐Shaped Electronic Devices,2021,10.1002/aenm.202101443,https://openalex.org/W3183441974,130,True,https://onlinelibrary.wiley.com/doi/pdfdirect/10.1002/aenm.202101443,https://doi.org/10.1002/aenm.202101443,Advanced Energy Materials,search_only
Efficient and Spectrally Stable Blue Perovskite Light‐Emitting Diodes Employing a Cationic π‐Conjugated Polymer,2021,10.1002/adma.202103640,https://openalex.org/W3200955144,130,True,https://onlinelibrary.wiley.com/doi/pdfdirect/10.1002/adma.202103640,https://doi.org/10.1002/adma.202103640,Advanced Materials,search_only
Two-dimensional materials in perovskite solar cells,2018,10.1016/j.mtener.2018.11.006,https://openalex.org/W2902736164,129,True,https://www.sciencedirect.com/science/article/pii/S2468606918302132,https://doi.org/10.1016/j.mtener.2018.11.006,Materials Today Energy,search_only
Hole-Transporting Materials for Printable Perovskite Solar Cells,2017,10.3390/ma10091087,https://openalex.org/W2755546960,129,True,https://www.mdpi.com/1996-1944/10/9/1087/pdf?version=1505484678,https://doi.org/10.3390/ma10091087,Materials,search_only
"Renewable formate from sunlight, biomass and carbon dioxide in a photoelectrochemical cell",2023,10.1038/s41467-023-36726-3,https://openalex.org/W4321598966,129,True,https://www.nature.com/articles/s41467-023-36726-3.pdf,https://doi.org/10.1038/s41467-023-36726-3,Nature Communications,search_only
Porous organic polycarbene nanotrap for efficient and selective gold stripping from electronic waste,2023,10.1038/s41467-023-35971-w,https://openalex.org/W4316814300,129,True,https://www.nature.com/articles/s41467-023-35971-w.pdf,https://doi.org/10.1038/s41467-023-35971-w,Nature Communications,search_only
Recent advanced applications of ion-gel in ionic-gated transistor,2021,10.1038/s41528-021-00110-2,https://openalex.org/W3166364176,129,True,https://www.nature.com/articles/s41528-021-00110-2.pdf,https://doi.org/10.1038/s41528-021-00110-2,npj Flexible Electronics,search_only
A Generalized Crystallization Protocol for Scalable Deposition of High‐Quality Perovskite Thin Films for Photovoltaic Applications,2019,10.1002/advs.201901067,https://openalex.org/W2954333681,129,True,https://onlinelibrary.wiley.com/doi/pdfdirect/10.1002/advs.201901067,https://doi.org/10.1002/advs.201901067,Advanced Science,search_only
Realizing nearly-zero dark current and ultrahigh signal-to-noise ratio perovskite X-ray detector and image array by dark-current-shunting strategy,2023,10.1038/s41467-023-36313-6,https://openalex.org/W4319319439,128,True,https://www.nature.com/articles/s41467-023-36313-6.pdf,https://doi.org/10.1038/s41467-023-36313-6,Nature Communications,search_only
A comprehensive review of the current progresses and material advances in perovskite solar cells,2023,10.1039/d3na00319a,https://openalex.org/W4381857030,128,True,https://pubs.rsc.org/en/content/articlepdf/2023/na/d3na00319a,https://doi.org/10.1039/d3na00319a,Nanoscale Advances,search_only
Large-area flexible organic solar cells,2021,10.1038/s41528-021-00128-6,https://openalex.org/W3212549534,127,True,https://www.nature.com/articles/s41528-021-00128-6.pdf,https://doi.org/10.1038/s41528-021-00128-6,npj Flexible Electronics,search_only
Regulation of the luminescence mechanism of two-dimensional tin halide perovskites,2022,10.1038/s41467-021-27663-0,https://openalex.org/W4205889880,127,True,https://www.nature.com/articles/s41467-021-27663-0.pdf,https://doi.org/10.1038/s41467-021-27663-0,Nature Communications,search_only
Hybrid Perovskite‐Organic Flexible Tandem Solar Cell Enabling Highly Efficient Electrocatalysis Overall Water Splitting,2020,10.1002/aenm.202000361,https://openalex.org/W3012590177,127,True,https://onlinelibrary.wiley.com/doi/pdfdirect/10.1002/aenm.202000361,https://doi.org/10.1002/aenm.202000361,Advanced Energy Materials,search_only
A universal co-solvent dilution strategy enables facile and cost-effective fabrication of perovskite photovoltaics,2022,10.1038/s41467-021-27740-4,https://openalex.org/W4205595874,127,True,https://www.nature.com/articles/s41467-021-27740-4.pdf,https://doi.org/10.1038/s41467-021-27740-4,Nature Communications,search_only
Ba-induced phase segregation and band gap reduction in mixed-halide inorganic perovskite solar cells,2019,10.1038/s41467-019-12678-5,https://openalex.org/W2980876518,127,True,https://www.nature.com/articles/s41467-019-12678-5.pdf,https://doi.org/10.1038/s41467-019-12678-5,Nature Communications,search_only
Roadmap for Sustainable Mixed Ionic‐Electronic Conducting Membranes,2021,10.1002/adfm.202105702,https://openalex.org/W3208627161,127,True,https://onlinelibrary.wiley.com/doi/pdfdirect/10.1002/adfm.202105702,https://doi.org/10.1002/adfm.202105702,Advanced Functional Materials,search_only
The first demonstration of entirely roll-to-roll fabricated perovskite solar cell modules under ambient room conditions,2024,10.1038/s41467-024-46016-1,https://openalex.org/W4392705654,126,True,https://www.nature.com/articles/s41467-024-46016-1.pdf,https://doi.org/10.1038/s41467-024-46016-1,Nature Communications,search_only
Hysteresis-less and stable perovskite solar cells with a self-assembled monolayer,2020,10.1038/s43246-020-0028-z,https://openalex.org/W3027972047,126,True,https://www.nature.com/articles/s43246-020-0028-z.pdf,https://doi.org/10.1038/s43246-020-0028-z,Communications Materials,search_only
Lithium-doped two-dimensional perovskite scintillator for wide-range radiation detection,2020,10.1038/s43246-020-0038-x,https://openalex.org/W3037810680,126,True,https://www.nature.com/articles/s43246-020-0038-x.pdf,https://doi.org/10.1038/s43246-020-0038-x,Communications Materials,search_only
What We have Learnt from PM6:Y6,2023,10.1002/adma.202302005,https://openalex.org/W4386153694,125,True,https://onlinelibrary.wiley.com/doi/pdfdirect/10.1002/adma.202302005,https://doi.org/10.1002/adma.202302005,Advanced Materials,search_only
Si photocathode with Ag-supported dendritic Cu catalyst for CO<sub>2</sub>reduction,2019,10.1039/c8ee03547d,https://openalex.org/W2913046730,125,True,https://pubs.rsc.org/en/content/articlepdf/2019/ee/c8ee03547d,https://doi.org/10.1039/c8ee03547d,Energy & Environmental Science,search_only
Momentarily trapped exciton polaron in two-dimensional lead halide perovskites,2021,10.1038/s41467-021-21721-3,https://openalex.org/W3134430102,124,True,https://www.nature.com/articles/s41467-021-21721-3.pdf,https://doi.org/10.1038/s41467-021-21721-3,Nature Communications,search_only
Out-of-equilibrium processes in crystallization of organic-inorganic perovskites during spin coating,2021,10.1038/s41467-021-25898-5,https://openalex.org/W3199825721,124,True,https://www.nature.com/articles/s41467-021-25898-5.pdf,https://doi.org/10.1038/s41467-021-25898-5,Nature Communications,search_only
Green Synthesis and Applications of ZnO and TiO2 Nanostructures,2021,10.3390/molecules26082236,https://openalex.org/W3155776961,124,True,https://www.mdpi.com/1420-3049/26/8/2236/pdf?version=1618370437,https://doi.org/10.3390/molecules26082236,Molecules,search_only
Defect passivation in methylammonium/bromine free inverted perovskite solar cells using charge-modulated molecular bonding,2024,10.1038/s41467-024-45228-9,https://openalex.org/W4391305138,123,True,https://www.nature.com/articles/s41467-024-45228-9.pdf,https://doi.org/10.1038/s41467-024-45228-9,Nature Communications,search_only
Low Temperature Fabrication for High Performance Flexible CsPbI<sub>2</sub>Br Perovskite Solar Cells,2018,10.1002/advs.201801117,https://openalex.org/W2890589622,123,True,https://onlinelibrary.wiley.com/doi/pdfdirect/10.1002/advs.201801117,https://doi.org/10.1002/advs.201801117,Advanced Science,search_only
Shallow defects and variable photoluminescence decay times up to 280 µs in triple-cation perovskites,2024,10.1038/s41563-023-01771-2,https://openalex.org/W4390706600,123,True,https://www.nature.com/articles/s41563-023-01771-2.pdf,https://doi.org/10.1038/s41563-023-01771-2,Nature Materials,search_only
A Review on Engineering Transition Metal Compound Catalysts to Accelerate the Redox Kinetics of Sulfur Cathodes for Lithium–Sulfur Batteries,2024,10.1007/s40820-023-01299-9,https://openalex.org/W4391323975,123,True,https://link.springer.com/content/pdf/10.1007/s40820-023-01299-9.pdf,https://doi.org/10.1007/s40820-023-01299-9,Nano-Micro Letters,search_only
Intrinsically flexible displays: key materials and devices,2022,10.1093/nsr/nwac090,https://openalex.org/W4283071092,123,True,https://academic.oup.com/nsr/article-pdf/9/6/nwac090/44063383/nwac090.pdf,https://doi.org/10.1093/nsr/nwac090,National Science Review,search_only
Efficient and Stable Inverted Planar Perovskite Solar Cells Employing CuI as Hole‐Transporting Layer Prepared by Solid–Gas Transformation,2017,10.1002/ente.201700422,https://openalex.org/W2738574029,122,True,https://onlinelibrary.wiley.com/doi/pdfdirect/10.1002/ente.201700422,https://doi.org/10.1002/ente.201700422,Energy Technology,search_only
Recent research progress on operational stability of metal oxide/sulfide photoanodes in photoelectrochemical cells,2022,10.26599/nre.2022.9120020,https://openalex.org/W4283705616,122,True,https://www.sciopen.com/article_pdf/1541992944064008193.pdf,https://doi.org/10.26599/nre.2022.9120020,Nano Research Energy,search_only
"Completely Solvent-free Protocols to Access Phase-Pure, Metastable Metal Halide Perovskites and Functional Photodetectors from the Precursor Salts",2019,10.1016/j.isci.2019.05.042,https://openalex.org/W2948261128,121,True,http://www.cell.com/article/S2589004219301798/pdf,https://doi.org/10.1016/j.isci.2019.05.042,iScience,search_only
Supercapacitors: An Efficient Way for Energy Storage Application,2024,10.3390/ma17030702,https://openalex.org/W4391450229,121,True,https://www.mdpi.com/1996-1944/17/3/702/pdf?version=1706781290,https://doi.org/10.3390/ma17030702,Materials,search_only
Suppressing thermal quenching via defect passivation for efficient quasi-2D perovskite light-emitting diodes,2022,10.1038/s41377-022-00761-4,https://openalex.org/W4221015907,121,True,https://www.nature.com/articles/s41377-022-00761-4.pdf,https://doi.org/10.1038/s41377-022-00761-4,Light Science & Applications,search_only
Multimodal host–guest complexation for efficient and stable perovskite photovoltaics,2021,10.1038/s41467-021-23566-2,https://openalex.org/W3172882011,121,True,https://www.nature.com/articles/s41467-021-23566-2.pdf,https://doi.org/10.1038/s41467-021-23566-2,Nature Communications,search_only
Halide homogenization for low energy loss in 2-eV-bandgap perovskites and increased efficiency in all-perovskite triple-junction solar cells,2023,10.1038/s41560-023-01406-5,https://openalex.org/W4388721897,121,True,,https://research.tue.nl/en/publications/d2fa21e8-14d1-4eea-a615-22213840cf82,Nature Energy,search_only
Radiative lifetime-encoded unicolour security tags using perovskite nanocrystals,2021,10.1038/s41467-021-21214-3,https://openalex.org/W3127069505,120,True,https://www.nature.com/articles/s41467-021-21214-3.pdf,https://doi.org/10.1038/s41467-021-21214-3,Nature Communications,search_only
"Interfacial Voids Trigger Carbon-Based, All-Inorganic CsPbIBr2 Perovskite Solar Cells with Photovoltage Exceeding 1.33 V",2020,10.1007/s40820-020-00425-1,https://openalex.org/W3015725603,120,True,https://link.springer.com/content/pdf/10.1007/s40820-020-00425-1.pdf,https://doi.org/10.1007/s40820-020-00425-1,Nano-Micro Letters,search_only
Methodologies for high efficiency perovskite solar cells,2016,10.1186/s40580-016-0074-x,https://openalex.org/W2470388811,120,True,https://nanoconvergencejournal.springeropen.com/track/pdf/10.1186/s40580-016-0074-x,https://doi.org/10.1186/s40580-016-0074-x,Nano Convergence,search_only
Organic photodetectors based on supramolecular nanostructures,2020,10.1002/smm2.1009,https://openalex.org/W3102755233,120,True,https://onlinelibrary.wiley.com/doi/pdfdirect/10.1002/smm2.1009,https://doi.org/10.1002/smm2.1009,SmartMat,search_only
"A brief review for fluorinated carbon: synthesis, properties and applications",2019,10.1515/ntrev-2019-0051,https://openalex.org/W3001426252,119,True,https://www.degruyter.com/document/doi/10.1515/ntrev-2019-0051/pdf,https://doi.org/10.1515/ntrev-2019-0051,Nanotechnology Reviews,search_only
"Ink Design Enabling Slot‐Die Coated Perovskite Solar Cells with &gt;22% Power Conversion Efficiency, Micro‐Modules, and 1 Year of Outdoor Performance Evaluation",2023,10.1002/aenm.202203898,https://openalex.org/W4323266868,119,True,https://onlinelibrary.wiley.com/doi/pdfdirect/10.1002/aenm.202203898,https://doi.org/10.1002/aenm.202203898,Advanced Energy Materials,search_only
All-inorganic perovskite quantum dot light-emitting memories,2021,10.1038/s41467-021-24762-w,https://openalex.org/W3113820668,119,True,https://www.nature.com/articles/s41467-021-24762-w.pdf,https://doi.org/10.1038/s41467-021-24762-w,Nature Communications,search_only
Defect mitigation using <scp>d</scp>-penicillamine for efficient methylammonium-free perovskite solar cells with high operational stability,2020,10.1039/d0sc06354a,https://openalex.org/W3113034352,119,True,https://pubs.rsc.org/en/content/articlepdf/2021/sc/d0sc06354a,https://doi.org/10.1039/d0sc06354a,Chemical Science,search_only
"Recent progress of two‐dimensional lead halide perovskite single crystals: Crystal growth, physical properties, and device applications",2020,10.1002/eom2.12036,https://openalex.org/W3042171042,119,True,https://onlinelibrary.wiley.com/doi/pdfdirect/10.1002/eom2.12036,https://doi.org/10.1002/eom2.12036,EcoMat,search_only
Identification of lead vacancy defects in lead halide perovskites,2021,10.1038/s41467-021-25937-1,https://openalex.org/W3199179075,119,True,https://www.nature.com/articles/s41467-021-25937-1.pdf,https://doi.org/10.1038/s41467-021-25937-1,Nature Communications,search_only
Room temperature nondestructive encapsulation via self-crosslinked fluorosilicone polymer enables damp heat-stable sustainable perovskite solar cells,2023,10.1038/s41467-023-36918-x,https://openalex.org/W4323925460,119,True,https://www.nature.com/articles/s41467-023-36918-x.pdf,https://doi.org/10.1038/s41467-023-36918-x,Nature Communications,search_only
Superior Self‐Powered Room‐Temperature Chemical Sensing with Light‐Activated Inorganic Halides Perovskites,2017,10.1002/smll.201702571,https://openalex.org/W2778864139,118,True,https://onlinelibrary.wiley.com/doi/pdfdirect/10.1002/smll.201702571,https://doi.org/10.1002/smll.201702571,Small,search_only
Engineering Halide Perovskite Crystals through Precursor Chemistry,2019,10.1002/smll.201903613,https://openalex.org/W2981551027,118,True,,https://research.manchester.ac.uk/en/publications/a81f80b4-480b-4d9c-9bf8-8bfd287400a2,Small,search_only
Robocasting of advanced ceramics: ink optimization and protocol to predict the printing parameters - A review,2022,10.1016/j.heliyon.2022.e10651,https://openalex.org/W4296051970,118,True,http://www.cell.com/article/S2405844022019399/pdf,https://doi.org/10.1016/j.heliyon.2022.e10651,Heliyon,search_only
Bandgap lowering in mixed alloys of Cs<sub>2</sub>Ag(Sb<sub>x</sub>Bi<sub>1−x</sub>)Br<sub>6</sub> double perovskite thin films,2020,10.1039/d0ta07145e,https://openalex.org/W3038256853,117,True,https://pubs.rsc.org/en/content/articlepdf/2020/ta/d0ta07145e,https://doi.org/10.1039/d0ta07145e,Journal of Materials Chemistry A,search_only
Highly selective photocatalytic CO<sub>2</sub>reduction<i>via</i>a lead-free perovskite/MOF catalyst,2023,10.1039/d2ta09777j,https://openalex.org/W4317597431,117,True,https://pubs.rsc.org/en/content/articlepdf/2023/ta/d2ta09777j,https://doi.org/10.1039/d2ta09777j,Journal of Materials Chemistry A,search_only
Optical analysis of CH<sub>3</sub>NH<sub>3</sub>Sn<sub>x</sub>Pb<sub>1−x</sub>I<sub>3</sub> absorbers: a roadmap for perovskite-on-perovskite tandem solar cells,2016,10.1039/c6ta04840d,https://openalex.org/W2461872642,117,True,https://pubs.rsc.org/en/content/articlepdf/2016/ta/c6ta04840d,https://doi.org/10.1039/c6ta04840d,Journal of Materials Chemistry A,search_only
Organic–Inorganic Hybrid Cuprous‐Based Metal Halides for Warm White Light‐Emitting Diodes,2022,10.1002/advs.202203596,https://openalex.org/W4295064866,117,True,https://onlinelibrary.wiley.com/doi/pdfdirect/10.1002/advs.202203596,https://doi.org/10.1002/advs.202203596,Advanced Science,search_only
Charge injection engineering at organic/inorganic heterointerfaces for high-efficiency and fast-response perovskite light-emitting diodes,2023,10.1038/s41467-023-41929-9,https://openalex.org/W4387636905,117,True,https://www.nature.com/articles/s41467-023-41929-9.pdf,https://doi.org/10.1038/s41467-023-41929-9,Nature Communications,search_only
Integrating a photovoltaic storage system in one device: A critical review,2018,10.1002/pip.3093,https://openalex.org/W2905179863,116,True,https://onlinelibrary.wiley.com/doi/pdfdirect/10.1002/pip.3093,https://doi.org/10.1002/pip.3093,Progress in Photovoltaics Research and Applications,search_only
Cyclic two-step electrolysis for stable electrochemical conversion of carbon dioxide to formate,2019,10.1038/s41467-019-11903-5,https://openalex.org/W2971364218,116,True,https://www.nature.com/articles/s41467-019-11903-5.pdf,https://doi.org/10.1038/s41467-019-11903-5,Nature Communications,search_only
Extremely fast electrochromic supercapacitors based on mesoporous WO3 prepared by an evaporation-induced self-assembly,2020,10.1038/s41427-020-00257-w,https://openalex.org/W3117933091,116,True,https://www.nature.com/articles/s41427-020-00257-w.pdf,https://doi.org/10.1038/s41427-020-00257-w,NPG Asia Materials,search_only
Graphene Quantum Dots by Eco-Friendly Green Synthesis for Electrochemical Sensing: Recent Advances and Future Perspectives,2021,10.3390/nano11051120,https://openalex.org/W3159881150,116,True,https://www.mdpi.com/2079-4991/11/5/1120/pdf,https://doi.org/10.3390/nano11051120,Nanomaterials,search_only
High-performance hysteresis-free perovskite transistors through anion engineering,2022,10.1038/s41467-022-29434-x,https://openalex.org/W4225874524,116,True,https://www.nature.com/articles/s41467-022-29434-x.pdf,https://doi.org/10.1038/s41467-022-29434-x,Nature Communications,search_only
"Al-, Ga-, Mg-, or Li-doped zinc oxide nanoparticles as electron transport layers for quantum dot light-emitting diodes",2020,10.1038/s41598-020-64263-2,https://openalex.org/W3023400564,116,True,https://www.nature.com/articles/s41598-020-64263-2.pdf,https://doi.org/10.1038/s41598-020-64263-2,Scientific Reports,search_only
2D/3D Hybrid Cs<sub>2</sub>AgBiBr<sub>6</sub> Double Perovskite Solar Cells: Improved Energy Level Alignment for Higher Contact‐Selectivity and Large Open Circuit Voltage,2022,10.1002/aenm.202103215,https://openalex.org/W4206780967,114,True,https://onlinelibrary.wiley.com/doi/pdfdirect/10.1002/aenm.202103215,https://doi.org/10.1002/aenm.202103215,Advanced Energy Materials,search_only
Ambient Fabrication of Organic–Inorganic Hybrid Perovskite Solar Cells,2020,10.1002/smtd.202000744,https://openalex.org/W3087537185,114,True,https://onlinelibrary.wiley.com/doi/pdfdirect/10.1002/smtd.202000744,https://doi.org/10.1002/smtd.202000744,Small Methods,search_only
Semi-transparent solar cells,2017,10.1088/1361-6463/aa53d7,https://openalex.org/W2585165798,114,True,https://iopscience.iop.org/article/10.1088/1361-6463/aa53d7/pdf,https://doi.org/10.1088/1361-6463/aa53d7,Journal of Physics D Applied Physics,search_only
Wearable self-powered human motion sensors based on highly stretchable quasi-solid state hydrogel,2021,10.1016/j.nanoen.2021.106272,https://openalex.org/W3175626357,114,True,https://ars.els-cdn.com/content/image/1-s2.0-S2211285521005279-ga1_lrg.jpg,https://doi.org/10.1016/j.nanoen.2021.106272,Nano Energy,search_only
Advancements and Challenges in Solid-State Battery Technology: An In-Depth Review of Solid Electrolytes and Anode Innovations,2024,10.3390/batteries10010029,https://openalex.org/W4390954856,113,True,https://www.mdpi.com/2313-0105/10/1/29/pdf?version=1705483343,https://doi.org/10.3390/batteries10010029,Batteries,search_only
Progress of Materials and Devices for Neuromorphic Vision Sensors,2022,10.1007/s40820-022-00945-y,https://openalex.org/W4306292623,113,True,https://link.springer.com/content/pdf/10.1007/s40820-022-00945-y.pdf,https://doi.org/10.1007/s40820-022-00945-y,Nano-Micro Letters,search_only
Highly Efficient Perovskite Solar Cells with Substantial Reduction of Lead Content,2016,10.1038/srep35705,https://openalex.org/W2535582161,113,True,https://www.nature.com/articles/srep35705.pdf,https://doi.org/10.1038/srep35705,Scientific Reports,search_only
An all-in-one nanoprinting approach for the synthesis of a nanofilm library for unclonable anti-counterfeiting applications,2023,10.1038/s41565-023-01405-3,https://openalex.org/W4379468486,113,True,https://www.nature.com/articles/s41565-023-01405-3.pdf,https://doi.org/10.1038/s41565-023-01405-3,Nature Nanotechnology,search_only
Unraveling Passivation Mechanism of Imidazolium-Based Ionic Liquids on Inorganic Perovskite to Achieve Near-Record-Efficiency CsPbI2Br Solar Cells,2021,10.1007/s40820-021-00763-8,https://openalex.org/W3216043975,113,True,https://link.springer.com/content/pdf/10.1007/s40820-021-00763-8.pdf,https://doi.org/10.1007/s40820-021-00763-8,Nano-Micro Letters,search_only
Real-time Humidity Sensor Based on Microwave Resonator Coupled with PEDOT:PSS Conducting Polymer Film,2018,10.1038/s41598-017-18979-3,https://openalex.org/W2781904602,112,True,https://www.nature.com/articles/s41598-017-18979-3.pdf,https://doi.org/10.1038/s41598-017-18979-3,Scientific Reports,search_only
Progress of metal organic frameworks-based composites in electromagnetic wave absorption,2022,10.1016/j.mtphys.2022.100950,https://openalex.org/W4313449099,112,True,https://ars.els-cdn.com/content/image/1-s2.0-S2542529322003480-ga1_lrg.jpg,https://doi.org/10.1016/j.mtphys.2022.100950,Materials Today Physics,search_only
Review of current progress in hole-transporting materials for perovskite solar cells,2021,10.1016/j.jechem.2021.12.003,https://openalex.org/W4200497349,112,True,https://ars.els-cdn.com/content/image/1-s2.0-S2095495621006653-ga1_lrg.jpg,https://doi.org/10.1016/j.jechem.2021.12.003,Journal of Energy Chemistry,search_only
Combination of graphene and graphene oxide with metal and metal oxide nanoparticles in fabrication of electrochemical enzymatic biosensors,2018,10.1007/s40089-018-0253-3,https://openalex.org/W2898530508,111,True,https://link.springer.com/content/pdf/10.1007/s40089-018-0253-3.pdf,https://doi.org/10.1007/s40089-018-0253-3,International nano letters.,search_only
"Coupling aqueous zinc batteries and perovskite solar cells for simultaneous energy harvest, conversion and storage",2022,10.1038/s41467-021-27791-7,https://openalex.org/W4205958821,111,True,https://www.nature.com/articles/s41467-021-27791-7.pdf,https://doi.org/10.1038/s41467-021-27791-7,Nature Communications,search_only
Advances in Inkjet‐Printed Metal Halide Perovskite Photovoltaic and Optoelectronic Devices,2019,10.1002/ente.201900991,https://openalex.org/W2982978902,111,True,https://onlinelibrary.wiley.com/doi/pdfdirect/10.1002/ente.201900991,https://doi.org/10.1002/ente.201900991,Energy Technology,candidate
Progress and Challenges Toward Effective Flexible Perovskite Solar Cells,2023,10.1007/s40820-023-01165-8,https://openalex.org/W4386306201,110,True,https://link.springer.com/content/pdf/10.1007/s40820-023-01165-8.pdf,https://doi.org/10.1007/s40820-023-01165-8,Nano-Micro Letters,search_only
Mixed Ionic-Electronic Transport in Polymers,2021,10.1146/annurev-matsci-080619-101319,https://openalex.org/W3157064506,110,True,https://www.annualreviews.org/doi/pdf/10.1146/annurev-matsci-080619-101319,https://doi.org/10.1146/annurev-matsci-080619-101319,Annual Review of Materials Research,search_only
Performance boosting strategy for perovskite light-emitting diodes,2019,10.1063/1.5098871,https://openalex.org/W2964560244,110,True,https://aip.scitation.org/doi/pdf/10.1063/1.5098871,https://doi.org/10.1063/1.5098871,Applied Physics Reviews,search_only
All‐Inorganic Cesium‐Based Hybrid Perovskites for Efficient and Stable Solar Cells and Modules,2021,10.1002/aenm.202100672,https://openalex.org/W3158804383,110,True,https://onlinelibrary.wiley.com/doi/pdfdirect/10.1002/aenm.202100672,https://doi.org/10.1002/aenm.202100672,Advanced Energy Materials,search_only
Porphyrin-based donor–acceptor COFs as efficient and reusable photocatalysts for PET-RAFT polymerization under broad spectrum excitation,2021,10.1039/d1sc05379e,https://openalex.org/W3217735842,110,True,https://pubs.rsc.org/en/content/articlepdf/2021/sc/d1sc05379e,https://doi.org/10.1039/d1sc05379e,Chemical Science,search_only
Lattice-contraction triggered synchronous electrochromic actuator,2018,10.1038/s41467-018-07241-7,https://openalex.org/W2899984233,109,True,https://www.nature.com/articles/s41467-018-07241-7.pdf,https://doi.org/10.1038/s41467-018-07241-7,Nature Communications,search_only
Chemical engineering of methylammonium lead iodide/bromide perovskites: tuning of opto-electronic properties and photovoltaic performance,2015,10.1039/c5ta05470b,https://openalex.org/W2174632833,109,True,https://pubs.rsc.org/en/content/articlepdf/2015/ta/c5ta05470b,https://doi.org/10.1039/c5ta05470b,Journal of Materials Chemistry A,search_only
"High-efficiency, flexible and large-area red/green/blue all-inorganic metal halide perovskite quantum wires-based light-emitting diodes",2023,10.1038/s41467-023-40150-y,https://openalex.org/W4385454146,109,True,https://www.nature.com/articles/s41467-023-40150-y.pdf,https://doi.org/10.1038/s41467-023-40150-y,Nature Communications,search_only
Thermodynamic-driven polychromatic quantum dot patterning for light-emitting diodes beyond eye-limiting resolution,2020,10.1038/s41467-020-16865-7,https://openalex.org/W3034202581,108,True,https://www.nature.com/articles/s41467-020-16865-7.pdf,https://doi.org/10.1038/s41467-020-16865-7,Nature Communications,search_only
Tin-based halide perovskite materials: properties and applications,2022,10.1039/d2sc01914k,https://openalex.org/W4283783498,108,True,https://pubs.rsc.org/en/content/articlepdf/2022/sc/d2sc01914k,https://doi.org/10.1039/d2sc01914k,Chemical Science,search_only
Lead-free pseudo-three-dimensional organic–inorganic iodobismuthates for photovoltaic applications,2017,10.1039/c6se00061d,https://openalex.org/W2576993155,108,True,https://pubs.rsc.org/en/content/articlepdf/2017/se/c6se00061d,https://doi.org/10.1039/c6se00061d,Sustainable Energy & Fuels,search_only
Crystal Structure Formation of CH3NH3PbI3-xClx Perovskite,2016,10.3390/ma9030123,https://openalex.org/W2284612341,108,True,https://www.mdpi.com/1996-1944/9/3/123/pdf?version=1456303453,https://doi.org/10.3390/ma9030123,Materials,search_only
Control of perovskite film crystallization and growth direction to target homogeneous monolithic structures,2022,10.1038/s41467-022-34332-3,https://openalex.org/W4308296678,107,True,https://www.nature.com/articles/s41467-022-34332-3.pdf,https://doi.org/10.1038/s41467-022-34332-3,Nature Communications,search_only
Recent Advances and Challenges Toward Application of Fibers and Textiles in Integrated Photovoltaic Energy Storage Devices,2023,10.1007/s40820-022-01008-y,https://openalex.org/W4317567592,107,True,https://link.springer.com/content/pdf/10.1007/s40820-022-01008-y.pdf,https://doi.org/10.1007/s40820-022-01008-y,Nano-Micro Letters,search_only
Aperiodic band-pass electrode enables record-performance transparent organic photovoltaics,2022,10.1016/j.joule.2022.06.009,https://openalex.org/W4283834389,107,True,http://www.cell.com/article/S2542435122002835/pdf,https://doi.org/10.1016/j.joule.2022.06.009,Joule,search_only
A Review of Recent Developments in Preparation Methods for Large-Area Perovskite Solar Cells,2022,10.3390/coatings12020252,https://openalex.org/W4213253126,106,True,https://www.mdpi.com/2079-6412/12/2/252/pdf?version=1645068134,https://doi.org/10.3390/coatings12020252,Coatings,search_only
Metal chloride perovskite thin film based interfacial layer for shielding lithium metal from liquid electrolyte,2020,10.1038/s41467-020-15643-9,https://openalex.org/W3015900184,106,True,https://www.nature.com/articles/s41467-020-15643-9.pdf,https://doi.org/10.1038/s41467-020-15643-9,Nature Communications,search_only
Cation influence on carrier dynamics in perovskite solar cells,2019,10.1016/j.nanoen.2019.01.060,https://openalex.org/W2914263858,106,True,https://ars.els-cdn.com/content/image/1-s2.0-S2211285519300801-fx1_lrg.jpg,https://doi.org/10.1016/j.nanoen.2019.01.060,Nano Energy,search_only
Doping Strategies in Sb<sub>2</sub>S<sub>3</sub> Thin Films for Solar Cells,2021,10.1002/smll.202100241,https://openalex.org/W3170445461,106,True,https://onlinelibrary.wiley.com/doi/pdfdirect/10.1002/smll.202100241,https://doi.org/10.1002/smll.202100241,Small,search_only
Near‐Infrared‐Transparent Perovskite Solar Cells and Perovskite‐Based Tandem Photovoltaics,2020,10.1002/smtd.202000395,https://openalex.org/W3081696716,105,True,https://onlinelibrary.wiley.com/doi/pdfdirect/10.1002/smtd.202000395,https://doi.org/10.1002/smtd.202000395,Small Methods,search_only
Enhanced Interfacial Binding and Electron Extraction Using Boron‐Doped TiO<sub>2</sub> for Highly Efficient Hysteresis‐Free Perovskite Solar Cells,2019,10.1002/advs.201901213,https://openalex.org/W2972627053,105,True,https://onlinelibrary.wiley.com/doi/pdfdirect/10.1002/advs.201901213,https://doi.org/10.1002/advs.201901213,Advanced Science,search_only
Electronic Waste Reduction Through Devices and Printed Circuit Boards Designed for Circularity,2022,10.1109/jflex.2022.3159258,https://openalex.org/W4226354009,104,True,https://ieeexplore.ieee.org/ielx7/9552934/9645762/09733886.pdf,https://doi.org/10.1109/jflex.2022.3159258,IEEE Journal on Flexible Electronics,search_only
Recent Advance in Solution‐Processed Organic Interlayers for High‐Performance Planar Perovskite Solar Cells,2018,10.1002/advs.201800159,https://openalex.org/W2801240507,104,True,https://onlinelibrary.wiley.com/doi/pdfdirect/10.1002/advs.201800159,https://doi.org/10.1002/advs.201800159,Advanced Science,search_only
Perovskite Solar Cells for BIPV Application: A Review,2020,10.3390/buildings10070129,https://openalex.org/W3041092810,104,True,https://www.mdpi.com/2075-5309/10/7/129/pdf?version=1595300907,https://doi.org/10.3390/buildings10070129,Buildings,search_only
Electronic structure of MAPbI3 and MAPbCl3: importance of band alignment,2019,10.1038/s41598-019-50108-0,https://openalex.org/W2981605226,104,True,https://www.nature.com/articles/s41598-019-50108-0.pdf,https://doi.org/10.1038/s41598-019-50108-0,Scientific Reports,search_only
Manipulating crystallization dynamics through chelating molecules for bright perovskite emitters,2021,10.1038/s41467-021-25092-7,https://openalex.org/W3171806716,103,True,https://www.nature.com/articles/s41467-021-25092-7.pdf,https://doi.org/10.1038/s41467-021-25092-7,Nature Communications,search_only
Recent Development in Earth-Abundant Kesterite Materials and Their Applications,2020,10.3390/su12125138,https://openalex.org/W3037436701,102,True,https://www.mdpi.com/2071-1050/12/12/5138/pdf?version=1592984163,https://doi.org/10.3390/su12125138,Sustainability,search_only
Elucidating the origin of chiroptical activity in chiral 2D perovskites through nano-confined growth,2022,10.1038/s41467-022-31017-9,https://openalex.org/W4282019659,102,True,https://www.nature.com/articles/s41467-022-31017-9.pdf,https://doi.org/10.1038/s41467-022-31017-9,Nature Communications,search_only
"Indoor application of emerging photovoltaics—progress, challenges and perspectives",2020,10.1039/d0ta06950g,https://openalex.org/W3087092937,101,True,https://pubs.rsc.org/en/content/articlepdf/2020/ta/d0ta06950g,https://doi.org/10.1039/d0ta06950g,Journal of Materials Chemistry A,search_only
Degradation of Highly Alloyed Metal Halide Perovskite Precursor Inks: Mechanism and Storage Solutions,2018,10.1021/acsenergylett.8b00305,https://openalex.org/W2790258356,101,True,https://www.osti.gov/servlets/purl/1432603,https://www.osti.gov/biblio/1432603,ACS Energy Letters,pdf_downloaded
Ion Exchange/Insertion Reactions for Fabrication of Efficient Methylammonium Tin Iodide Perovskite Solar Cells,2020,10.1002/advs.201903047,https://openalex.org/W3011970633,101,True,https://onlinelibrary.wiley.com/doi/pdfdirect/10.1002/advs.201903047,https://doi.org/10.1002/advs.201903047,Advanced Science,search_only
High-performing organic electronics using terpene green solvents from renewable feedstocks,2022,10.1038/s41560-022-01167-7,https://openalex.org/W4311767233,101,True,https://www.nature.com/articles/s41560-022-01167-7.pdf,https://doi.org/10.1038/s41560-022-01167-7,Nature Energy,search_only
Role of interface properties in organic solar cells: from substrate engineering to bulk-heterojunction interfacial morphology,2020,10.1039/d0qm00398k,https://openalex.org/W3042898120,101,True,https://pubs.rsc.org/en/content/articlepdf/2020/qm/d0qm00398k,https://doi.org/10.1039/d0qm00398k,Materials Chemistry Frontiers,search_only
Design and properties of multiple-emitter luminescent metal–organic frameworks,2020,10.1039/d0cc04733c,https://openalex.org/W3082682729,101,True,https://pubs.rsc.org/en/content/articlepdf/2020/cc/d0cc04733c,https://doi.org/10.1039/d0cc04733c,Chemical Communications,search_only
Novel symmetrical bifacial flexible CZTSSe thin film solar cells for indoor photovoltaic applications,2021,10.1038/s41467-021-23343-1,https://openalex.org/W3165302056,100,True,https://www.nature.com/articles/s41467-021-23343-1.pdf,https://doi.org/10.1038/s41467-021-23343-1,Nature Communications,search_only
Unbiased biocatalytic solar-to-chemical conversion by FeOOH/BiVO4/perovskite tandem structure,2018,10.1038/s41467-018-06687-z,https://openalex.org/W2894922343,100,True,https://www.nature.com/articles/s41467-018-06687-z.pdf,https://doi.org/10.1038/s41467-018-06687-z,Nature Communications,search_only
Synergistic Interface Energy Band Alignment Optimization and Defect Passivation toward Efficient and Simple‐Structured Perovskite Solar Cell,2020,10.1002/advs.201902656,https://openalex.org/W3003731132,99,True,https://onlinelibrary.wiley.com/doi/pdfdirect/10.1002/advs.201902656,https://doi.org/10.1002/advs.201902656,Advanced Science,search_only
Comparison of Perovskite Solar Cells with other Photovoltaics Technologies from the Point of View of Life Cycle Assessment,2021,10.1002/aesr.202000088,https://openalex.org/W3130843054,99,True,https://onlinelibrary.wiley.com/doi/pdfdirect/10.1002/aesr.202000088,https://doi.org/10.1002/aesr.202000088,Advanced Energy and Sustainability Research,search_only
Management of transition dipoles in organic hole-transporting materials under solar irradiation for perovskite solar cells,2018,10.1038/s41467-018-06998-1,https://openalex.org/W2898599016,99,True,https://www.nature.com/articles/s41467-018-06998-1.pdf,https://doi.org/10.1038/s41467-018-06998-1,Nature Communications,search_only
Wittichenite semiconductor of Cu3BiS3 films for efficient hydrogen evolution from solar driven photoelectrochemical water splitting,2021,10.1038/s41467-021-24060-5,https://openalex.org/W3172670837,99,True,https://www.nature.com/articles/s41467-021-24060-5.pdf,https://doi.org/10.1038/s41467-021-24060-5,Nature Communications,search_only
Transformation from crystalline precursor to perovskite in PbCl2-derived MAPbI3,2018,10.1038/s41467-018-05937-4,https://openalex.org/W2888520828,98,True,https://www.nature.com/articles/s41467-018-05937-4.pdf,https://doi.org/10.1038/s41467-018-05937-4,Nature Communications,search_only
Photovoltaic enhancement of bismuth halide hybrid perovskite by N-methyl pyrrolidone-assisted morphology conversion,2017,10.1039/c6ra28190g,https://openalex.org/W2583423525,98,True,https://pubs.rsc.org/en/content/articlepdf/2017/ra/c6ra28190g,https://doi.org/10.1039/c6ra28190g,RSC Advances,search_only
Electrochemical recycling of lead from hybrid organic–inorganic perovskites using deep eutectic solvents,2016,10.1039/c5gc02734a,https://openalex.org/W2301233778,98,True,https://pubs.rsc.org/en/content/articlepdf/2016/gc/c5gc02734a,https://doi.org/10.1039/c5gc02734a,Green Chemistry,search_only
Stability enhancement of lead‐free CsSnI<sub>3</sub> perovskite photodetector with reductive ascorbic acid additive,2020,10.1002/inf2.12074,https://openalex.org/W2998760087,97,True,https://onlinelibrary.wiley.com/doi/pdfdirect/10.1002/inf2.12074,https://doi.org/10.1002/inf2.12074,InfoMat,search_only
Metal-nanostructures – a modern and powerful platform to create transparent electrodes for thin-film photovoltaics,2016,10.1039/c6ta05286j,https://openalex.org/W2476110197,97,True,https://pubs.rsc.org/en/content/articlepdf/2016/ta/c6ta05286j,https://doi.org/10.1039/c6ta05286j,Journal of Materials Chemistry A,search_only
"A review on metal-organic framework: Synthesis, properties and ap-plication",2020,10.24294/can.v3i2.551,https://openalex.org/W4285033822,97,True,https://systems.enpress-publisher.com/index.php/CAN/article/download/551/952,https://doi.org/10.24294/can.v3i2.551,Characterization and Application of Nanomaterials,search_only
Tin perovskite transistors and complementary circuits based on A-site cation engineering,2023,10.1038/s41928-023-01019-6,https://openalex.org/W4386033377,97,True,https://www.nature.com/articles/s41928-023-01019-6.pdf,https://doi.org/10.1038/s41928-023-01019-6,Nature Electronics,search_only
Printing strategies for scaling-up perovskite solar cells,2021,10.1093/nsr/nwab075,https://openalex.org/W3166056003,97,True,https://academic.oup.com/nsr/article-pdf/8/8/nwab075/39733472/nwab075.pdf,https://doi.org/10.1093/nsr/nwab075,National Science Review,search_only
Stabilizing Perovskite Light‐Emitting Diodes by Incorporation of Binary Alkali Cations,2020,10.1002/adma.201907786,https://openalex.org/W3010194544,97,True,https://onlinelibrary.wiley.com/doi/pdfdirect/10.1002/adma.201907786,https://doi.org/10.1002/adma.201907786,Advanced Materials,search_only
Experimental and Theoretical Investigation of the Structural and Opto‐electronic Properties of Fe‐Doped Lead‐Free Cs<sub>2</sub>AgBiCl<sub>6</sub> Double Perovskite,2021,10.1002/chem.202004902,https://openalex.org/W3122572457,97,True,https://onlinelibrary.wiley.com/doi/pdfdirect/10.1002/chem.202004902,https://doi.org/10.1002/chem.202004902,Chemistry - A European Journal,search_only
Wearable perovskite solar cells by aligned liquid crystal elastomers,2023,10.1038/s41467-023-36938-7,https://openalex.org/W4322766723,97,True,https://www.nature.com/articles/s41467-023-36938-7.pdf,https://doi.org/10.1038/s41467-023-36938-7,Nature Communications,search_only
"Plastic Waste Upcycling: A Sustainable Solution for Waste Management, Product Development, and Circular Economy",2022,10.3390/polym14224788,https://openalex.org/W4308522454,96,True,https://www.mdpi.com/2073-4360/14/22/4788/pdf?version=1667870184,https://doi.org/10.3390/polym14224788,Polymers,search_only
An Overview of Functionalized Graphene Nanomaterials for Advanced Applications,2021,10.3390/nano11071717,https://openalex.org/W3175678931,96,True,https://www.mdpi.com/2079-4991/11/7/1717/pdf?version=1624971461,https://doi.org/10.3390/nano11071717,Nanomaterials,search_only
Recent advances in fiber-shaped and planar-shaped textile solar cells,2020,10.1016/j.nanoen.2020.104609,https://openalex.org/W3006105687,96,True,https://ars.els-cdn.com/content/image/1-s2.0-S2211285520301671-fx1_lrg.jpg,https://doi.org/10.1016/j.nanoen.2020.104609,Nano Energy,search_only
Heterogeneous FASnI3 Absorber with Enhanced Electric Field for High-Performance Lead-Free Perovskite Solar Cells,2022,10.1007/s40820-022-00842-4,https://openalex.org/W4224327280,96,True,https://link.springer.com/content/pdf/10.1007/s40820-022-00842-4.pdf,https://doi.org/10.1007/s40820-022-00842-4,Nano-Micro Letters,search_only
Scaling-up perovskite solar cells on hydrophobic surfaces,2020,10.1016/j.nanoen.2020.105633,https://openalex.org/W3109248911,96,True,,http://hdl.handle.net/10754/666849,Nano Energy,search_only
Fourth-generation solar cells: a review,2023,10.1039/d3ya00179b,https://openalex.org/W4382133390,96,True,https://pubs.rsc.org/en/content/articlepdf/2023/ya/d3ya00179b,https://doi.org/10.1039/d3ya00179b,Energy Advances,search_only
Self‐powered broadband kesterite photodetector with ultrahigh specific detectivity for weak light applications,2023,10.1002/sus2.160,https://openalex.org/W4387058263,96,True,https://onlinelibrary.wiley.com/doi/pdfdirect/10.1002/sus2.160,https://doi.org/10.1002/sus2.160,SusMat,search_only
Development of formamidinium lead iodide-based perovskite solar cells: efficiency and stability,2021,10.1039/d1sc04769h,https://openalex.org/W4200211180,95,True,https://pubs.rsc.org/en/content/articlepdf/2022/sc/d1sc04769h,https://doi.org/10.1039/d1sc04769h,Chemical Science,search_only
Upscaling Solution‐Processed Perovskite Photovoltaics,2021,10.1002/aenm.202101973,https://openalex.org/W3207455325,95,True,https://onlinelibrary.wiley.com/doi/pdfdirect/10.1002/aenm.202101973,https://doi.org/10.1002/aenm.202101973,Advanced Energy Materials,search_only
Quantum dot-integrated GaN light-emitting diodes with resolution beyond the retinal limit,2022,10.1038/s41467-022-29538-4,https://openalex.org/W4223494911,95,True,https://www.nature.com/articles/s41467-022-29538-4.pdf,https://doi.org/10.1038/s41467-022-29538-4,Nature Communications,search_only
Solution-processed intermediate-band solar cells with lead sulfide quantum dots and lead halide perovskites,2018,10.1038/s41467-018-07655-3,https://openalex.org/W2910010151,95,True,https://www.nature.com/articles/s41467-018-07655-3.pdf,https://doi.org/10.1038/s41467-018-07655-3,Nature Communications,search_only
Ultrahigh-resolution full-color perovskite nanocrystal patterning for ultrathin skin-attachable displays,2022,10.1126/sciadv.add0697,https://openalex.org/W4307322511,95,True,https://www.science.org/doi/pdf/10.1126/sciadv.add0697?download=true,https://doi.org/10.1126/sciadv.add0697,Science Advances,search_only
Carbon‐based perovskite solar cells: From single‐junction to modules,2019,10.1002/cey2.11,https://openalex.org/W2977343604,94,True,https://onlinelibrary.wiley.com/doi/pdfdirect/10.1002/cey2.11,https://doi.org/10.1002/cey2.11,Carbon Energy,search_only
"Recent progress, fabrication challenges and stability issues of lead-free tin-based perovskite thin films in the field of photovoltaics",2020,10.1016/j.ccr.2020.213633,https://openalex.org/W3093682339,94,True,https://www.sciencedirect.com/science/article/pii/S0010854520305920,https://doi.org/10.1016/j.ccr.2020.213633,Coordination Chemistry Reviews,search_only
Seed-mediated atomic-scale reconstruction of silver manganate nanoplates for oxygen reduction towards high-energy aluminum-air flow batteries,2018,10.1038/s41467-018-06211-3,https://openalex.org/W2891183178,94,True,https://www.nature.com/articles/s41467-018-06211-3.pdf,https://doi.org/10.1038/s41467-018-06211-3,Nature Communications,search_only
Optical metasurfaces towards multifunctionality and tunability,2022,10.1515/nanoph-2021-0684,https://openalex.org/W4206246542,93,True,https://www.degruyter.com/document/doi/10.1515/nanoph-2021-0684/pdf,https://doi.org/10.1515/nanoph-2021-0684,Nanophotonics,search_only
Constructing molecular bridge for high-efficiency and stable perovskite solar cells based on P3HT,2022,10.1038/s41467-022-34768-7,https://openalex.org/W4309474525,93,True,https://www.nature.com/articles/s41467-022-34768-7.pdf,https://doi.org/10.1038/s41467-022-34768-7,Nature Communications,search_only
Inorganic p-Type Semiconductors: Their Applications and Progress in Dye-Sensitized Solar Cells and Perovskite Solar Cells,2016,10.3390/en9050331,https://openalex.org/W2342660459,93,True,https://www.mdpi.com/1996-1073/9/5/331/pdf?version=1461991328,https://doi.org/10.3390/en9050331,Energies,search_only
Nanomaterials-patterned flexible electrodes for wearable health monitoring: a review,2021,10.1007/s10853-021-06248-8,https://openalex.org/W3176552192,93,True,https://link.springer.com/content/pdf/10.1007/s10853-021-06248-8.pdf,https://doi.org/10.1007/s10853-021-06248-8,Journal of Materials Science,search_only
Flash infrared annealing as a cost-effective and low environmental impact processing method for planar perovskite solar cells,2019,10.1016/j.mattod.2019.04.021,https://openalex.org/W2945505393,92,True,https://www.sciencedirect.com/science/article/pii/S1369702119302196?via%3Dihub,https://doi.org/10.1016/j.mattod.2019.04.021,Materials Today,search_only
Low‐Dimensional Metal‐Halide Perovskites as High‐Performance Materials for Memory Applications,2022,10.1002/smll.202203311,https://openalex.org/W4292547106,92,True,https://onlinelibrary.wiley.com/doi/pdfdirect/10.1002/smll.202203311,https://doi.org/10.1002/smll.202203311,Small,search_only
"Lead-free, stable, high-efficiency (52%) blue luminescent FA<sub>3</sub>Bi<sub>2</sub>Br<sub>9</sub> perovskite quantum dots",2019,10.1039/c9nh00685k,https://openalex.org/W2993055487,92,True,https://pubs.rsc.org/en/content/articlepdf/2020/nh/c9nh00685k,https://doi.org/10.1039/c9nh00685k,Nanoscale Horizons,search_only
Increasing efficiency of perovskite solar cells using low concentrating photovoltaic systems,2019,10.1039/c9se00550a,https://openalex.org/W2984088511,92,True,https://pubs.rsc.org/en/content/articlepdf/2020/se/c9se00550a,https://doi.org/10.1039/c9se00550a,Sustainable Energy & Fuels,search_only
"Textile-Based Electronic Components for Energy Applications: Principles, Problems, and Perspective",2015,10.3390/nano5031493,https://openalex.org/W1637162241,92,True,https://www.mdpi.com/2079-4991/5/3/1493/pdf?version=1441634969,https://doi.org/10.3390/nano5031493,Nanomaterials,search_only
Multifunctional nanostructured materials for next generation photovoltaics,2020,10.1016/j.nanoen.2020.104480,https://openalex.org/W2998770612,92,True,https://www.sciencedirect.com/science/article/am/pii/S2211285520300379?via%3Dihub,https://doi.org/10.1016/j.nanoen.2020.104480,Nano Energy,search_only
Enhancing the Performance of the Half Tin and Half Lead Perovskite Solar Cells by Suppression of the Bulk and Interfacial Charge Recombination,2018,10.1002/adma.201803703,https://openalex.org/W2854434410,91,True,https://onlinelibrary.wiley.com/doi/pdfdirect/10.1002/adma.201803703,https://doi.org/10.1002/adma.201803703,Advanced Materials,search_only
Germanium-lead perovskite light-emitting diodes,2021,10.1038/s41467-021-24616-5,https://openalex.org/W3182050749,91,True,https://www.nature.com/articles/s41467-021-24616-5.pdf,https://doi.org/10.1038/s41467-021-24616-5,Nature Communications,search_only
Establishing charge-transfer excitons in 2D perovskite heterostructures,2020,10.1038/s41467-020-16415-1,https://openalex.org/W3031081487,91,True,https://www.nature.com/articles/s41467-020-16415-1.pdf,https://doi.org/10.1038/s41467-020-16415-1,Nature Communications,search_only
2D MXene: A Potential Candidate for Photovoltaic Cells? A Critical Review,2022,10.1002/advs.202104743,https://openalex.org/W4212966547,91,True,https://onlinelibrary.wiley.com/doi/pdfdirect/10.1002/advs.202104743,https://doi.org/10.1002/advs.202104743,Advanced Science,search_only
Novel Plasma-Assisted Low-Temperature-Processed SnO<sub>2</sub> Thin Films for Efficient Flexible Perovskite Photovoltaics,2018,10.1021/acsenergylett.8b00692,https://openalex.org/W2805468770,91,True,https://dr.ntu.edu.sg/bitstream/10356/142118/2/Novel%20Plasma-Assisted%20Low-Temperature-Processed%20SnO2%20Thin%20Films%20for%20Efficient%20Flexible%20Perovskite%20Photovoltaics.pdf,https://hdl.handle.net/10356/142118,ACS Energy Letters,search_only
Composition Engineering of All‐Inorganic Perovskite Film for Efficient and Operationally Stable Solar Cells,2020,10.1002/adfm.202001764,https://openalex.org/W3034031113,91,True,https://onlinelibrary.wiley.com/doi/pdfdirect/10.1002/adfm.202001764,https://doi.org/10.1002/adfm.202001764,Advanced Functional Materials,search_only
Facile all-dip-coating deposition of highly efficient (CH<sub>3</sub>)<sub>3</sub>NPbI<sub>3−x</sub>Cl<sub>x</sub> perovskite materials from aqueous non-halide lead precursor,2020,10.1039/d0ra06074g,https://openalex.org/W3047204446,91,True,https://pubs.rsc.org/en/content/articlepdf/2020/ra/d0ra06074g,https://doi.org/10.1039/d0ra06074g,RSC Advances,search_only
A Mini Review: Can Graphene Be a Novel Material for Perovskite Solar Cell Applications?,2017,10.1007/s40820-017-0182-0,https://openalex.org/W2777818326,91,True,https://link.springer.com/content/pdf/10.1007%2Fs40820-017-0182-0.pdf,https://doi.org/10.1007/s40820-017-0182-0,Nano-Micro Letters,search_only
&lt;p&gt;Advanced Black Phosphorus Nanomaterials for Bone Regeneration&lt;/p&gt;,2020,10.2147/ijn.s246336,https://openalex.org/W3012977956,91,True,https://www.dovepress.com/getfile.php?fileID=57024,https://doi.org/10.2147/ijn.s246336,International Journal of Nanomedicine,search_only
Multimode transistors and neural networks based on ion-dynamic capacitance,2022,10.1038/s41928-022-00876-x,https://openalex.org/W4312082361,91,True,https://www.nature.com/articles/s41928-022-00876-x.pdf,https://doi.org/10.1038/s41928-022-00876-x,Nature Electronics,search_only
Incorporating Potassium Citrate to Improve the Performance of Tin‐Lead Perovskite Solar Cells,2023,10.1002/aenm.202301218,https://openalex.org/W4384199329,91,True,https://onlinelibrary.wiley.com/doi/pdfdirect/10.1002/aenm.202301218,https://doi.org/10.1002/aenm.202301218,Advanced Energy Materials,search_only
Modulation of perovskite degradation with multiple-barrier for light-heat stable perovskite solar cells,2023,10.1038/s41467-023-41856-9,https://openalex.org/W4387215519,90,True,https://www.nature.com/articles/s41467-023-41856-9.pdf,https://doi.org/10.1038/s41467-023-41856-9,Nature Communications,search_only
Negligible‐Pb‐Waste and Upscalable Perovskite Deposition Technology for High‐Operational‐Stability Perovskite Solar Modules,2019,10.1002/aenm.201803047,https://openalex.org/W2913249881,90,True,https://onlinelibrary.wiley.com/doi/pdfdirect/10.1002/aenm.201803047,https://doi.org/10.1002/aenm.201803047,Advanced Energy Materials,search_only
Solid–state NMR of hybrid halide perovskites,2019,10.1016/j.ssnmr.2019.03.005,https://openalex.org/W2926986022,90,True,https://ars.els-cdn.com/content/image/1-s2.0-S0926204019300311-fx1_lrg.jpg,https://doi.org/10.1016/j.ssnmr.2019.03.005,Solid State Nuclear Magnetic Resonance,search_only
Origin of High Efficiency and Long-Term Stability in Ionic Liquid Perovskite Photovoltaic,2020,10.34133/2020/2616345,https://openalex.org/W3085614503,90,True,https://downloads.spj.sciencemag.org/research/2020/2616345.pdf,https://doi.org/10.34133/2020/2616345,Research,search_only
Surface Reconstruction Engineering with Synergistic Effect of Mixed‐Salt Passivation Treatment toward Efficient and Stable Perovskite Solar Cells,2021,10.1002/adfm.202102902,https://openalex.org/W3176306838,89,True,https://onlinelibrary.wiley.com/doi/pdfdirect/10.1002/adfm.202102902,https://doi.org/10.1002/adfm.202102902,Advanced Functional Materials,search_only
Growing perovskite into polymers for easy-processable optoelectronic devices,2015,10.1038/srep07725,https://openalex.org/W2021464782,89,True,https://www.nature.com/articles/srep07725.pdf,https://doi.org/10.1038/srep07725,Scientific Reports,search_only
Recent advances in semitransparent perovskite solar cells,2020,10.1002/inf2.12154,https://openalex.org/W3092518953,89,True,https://onlinelibrary.wiley.com/doi/pdfdirect/10.1002/inf2.12154,https://doi.org/10.1002/inf2.12154,InfoMat,search_only
Mapping the pathways of photo-induced ion migration in organic-inorganic hybrid halide perovskites,2023,10.1038/s41467-023-37486-w,https://openalex.org/W4362523478,88,True,https://www.nature.com/articles/s41467-023-37486-w.pdf,https://doi.org/10.1038/s41467-023-37486-w,Nature Communications,search_only
Two‐terminal Perovskite silicon tandem solar cells with a high‐Bandgap Perovskite absorber enabling voltages over 1.8 V,2019,10.1002/pip.3208,https://openalex.org/W2985596893,88,True,https://onlinelibrary.wiley.com/doi/pdfdirect/10.1002/pip.3208,https://doi.org/10.1002/pip.3208,Progress in Photovoltaics Research and Applications,search_only
Tuning the bandgap of Cs<sub>2</sub>AgBiBr<sub>6</sub> through dilute tin alloying,2019,10.1039/c9sc02581b,https://openalex.org/W2975192652,87,True,https://pubs.rsc.org/en/content/articlepdf/2019/sc/c9sc02581b,https://doi.org/10.1039/c9sc02581b,Chemical Science,search_only
Oxidation-resistant all-perovskite tandem solar cells in substrate configuration,2023,10.1038/s41467-023-37492-y,https://openalex.org/W4362471085,87,True,https://www.nature.com/articles/s41467-023-37492-y.pdf,https://doi.org/10.1038/s41467-023-37492-y,Nature Communications,search_only
Benefiting from Spontaneously Generated 2D/3D Bulk‐Heterojunctions in Ruddlesden−Popper Perovskite by Incorporation of S‐Bearing Spacer Cation,2019,10.1002/advs.201900548,https://openalex.org/W2946508072,87,True,https://onlinelibrary.wiley.com/doi/pdfdirect/10.1002/advs.201900548,https://doi.org/10.1002/advs.201900548,Advanced Science,search_only
A new generation of direct X-ray detectors for medical and synchrotron imaging applications,2020,10.1038/s41598-020-76647-5,https://openalex.org/W3103786856,87,True,https://www.nature.com/articles/s41598-020-76647-5.pdf,https://doi.org/10.1038/s41598-020-76647-5,Scientific Reports,search_only
Gas‐Assisted Spray Coating of Perovskite Solar Cells Incorporating Sprayed Self‐Assembled Monolayers,2022,10.1002/advs.202104848,https://openalex.org/W4211093209,87,True,https://onlinelibrary.wiley.com/doi/pdfdirect/10.1002/advs.202104848,https://doi.org/10.1002/advs.202104848,Advanced Science,search_only
Single-Layer ZnO Hollow Hemispheres Enable High-Performance Self-Powered Perovskite Photodetector for Optical Communication,2021,10.1007/s40820-021-00596-5,https://openalex.org/W3132509738,86,True,https://link.springer.com/content/pdf/10.1007/s40820-021-00596-5.pdf,https://doi.org/10.1007/s40820-021-00596-5,Nano-Micro Letters,search_only
Machine Learning (ML)‐Assisted Design and Fabrication for Solar Cells,2019,10.1002/eem2.12049,https://openalex.org/W2974661190,86,True,https://onlinelibrary.wiley.com/doi/pdfdirect/10.1002/eem2.12049,https://doi.org/10.1002/eem2.12049,Energy & environment materials,search_only
Degradation and self-repairing in perovskite light-emitting diodes,2021,10.1016/j.matt.2021.09.007,https://openalex.org/W3203939610,86,True,http://www.cell.com/article/S2590238521004525/pdf,https://doi.org/10.1016/j.matt.2021.09.007,Matter,search_only
Controlled on-chip fabrication of large-scale perovskite single crystal arrays for high-performance laser and photodetector integration,2023,10.1038/s41377-023-01107-4,https://openalex.org/W4323531915,86,True,https://www.nature.com/articles/s41377-023-01107-4.pdf,https://doi.org/10.1038/s41377-023-01107-4,Light Science & Applications,search_only
Recent Advances and Opportunities of Lead-Free Perovskite Nanocrystal for Optoelectronic Application,2021,10.34133/2021/5198145,https://openalex.org/W3128825065,86,True,https://downloads.spj.sciencemag.org/energymatadv/2021/5198145.pdf,https://doi.org/10.34133/2021/5198145,Energy Material Advances,search_only
A carbazole-based self-assembled monolayer as the hole transport layer for efficient and stable Cs<sub>0.25</sub>FA<sub>0.75</sub>Sn<sub>0.5</sub>Pb<sub>0.5</sub>I<sub>3</sub>solar cells,2023,10.1039/d3ta01276j,https://openalex.org/W4378556458,86,True,https://pubs.rsc.org/en/content/articlepdf/2023/ta/d3ta01276j,https://doi.org/10.1039/d3ta01276j,Journal of Materials Chemistry A,search_only
Anomalous 3D nanoscale photoconduction in hybrid perovskite semiconductors revealed by tomographic atomic force microscopy,2020,10.1038/s41467-020-17012-y,https://openalex.org/W3040331297,86,True,https://www.nature.com/articles/s41467-020-17012-y.pdf,https://doi.org/10.1038/s41467-020-17012-y,Nature Communications,search_only
Thermodynamic Stabilization of Mixed-Halide Perovskites against Phase Segregation,2020,10.1016/j.xcrp.2020.100120,https://openalex.org/W3000091614,86,True,https://ars.els-cdn.com/content/image/1-s2.0-S2666386420301193-fx1_lrg.jpg,https://doi.org/10.1016/j.xcrp.2020.100120,Cell Reports Physical Science,search_only
Chalcogenide perovskites for photovoltaics: current status and prospects,2021,10.1088/2515-7655/abf41c,https://openalex.org/W3148431296,86,True,https://iopscience.iop.org/article/10.1088/2515-7655/abf41c/pdf,https://doi.org/10.1088/2515-7655/abf41c,Journal of Physics Energy,search_only
<i>In situ</i> simultaneous photovoltaic and structural evolution of perovskite solar cells during film formation,2017,10.1039/c7ee03013d,https://openalex.org/W2780551904,85,True,https://pubs.rsc.org/en/content/articlepdf/2018/ee/c7ee03013d,https://doi.org/10.1039/c7ee03013d,Energy & Environmental Science,search_only
Hydrothermal Synthesis of Various Hierarchical ZnO Nanostructures and Their Methane Sensing Properties,2013,10.3390/s130506171,https://openalex.org/W2059694873,85,True,https://www.mdpi.com/1424-8220/13/5/6171/pdf?version=1403327349,https://doi.org/10.3390/s130506171,Sensors,search_only
Lead Halide Perovskite Nanocrystals: Room Temperature Syntheses toward Commercial Viability,2020,10.1002/aenm.202001349,https://openalex.org/W3046754870,85,True,https://onlinelibrary.wiley.com/doi/pdfdirect/10.1002/aenm.202001349,https://doi.org/10.1002/aenm.202001349,Advanced Energy Materials,search_only
Vapor phase deposition of perovskite photovoltaics: short track to commercialization?,2024,10.1039/d3ee03273f,https://openalex.org/W4391138818,85,True,https://pubs.rsc.org/en/content/articlepdf/2024/ee/d3ee03273f,https://doi.org/10.1039/d3ee03273f,Energy & Environmental Science,search_only
Recent Advances in Patterning Strategies for Full-Color Perovskite Light-Emitting Diodes,2023,10.1007/s40820-023-01254-8,https://openalex.org/W4389436239,85,True,https://link.springer.com/content/pdf/10.1007/s40820-023-01254-8.pdf,https://doi.org/10.1007/s40820-023-01254-8,Nano-Micro Letters,search_only
Vacuum‐Assisted Growth of Low‐Bandgap Thin Films (FA<sub>0.8</sub>MA<sub>0.2</sub>Sn<sub>0.5</sub>Pb<sub>0.5</sub>I<sub>3</sub>) for All‐Perovskite Tandem Solar Cells,2019,10.1002/aenm.201902583,https://openalex.org/W2994960680,85,True,https://onlinelibrary.wiley.com/doi/pdfdirect/10.1002/aenm.201902583,https://doi.org/10.1002/aenm.201902583,Advanced Energy Materials,search_only
Scalable fabrication of organic solar cells based on non-fullerene acceptors,2019,10.1088/2058-8585/ab5f57,https://openalex.org/W2993253018,84,True,https://iopscience.iop.org/article/10.1088/2058-8585/ab5f57/pdf,https://doi.org/10.1088/2058-8585/ab5f57,Flexible and Printed Electronics,search_only
Fluoropolymer-based organic memristor with multifunctionality for flexible neural network system,2021,10.1038/s41528-021-00132-w,https://openalex.org/W4200230981,84,True,https://www.nature.com/articles/s41528-021-00132-w.pdf,https://doi.org/10.1038/s41528-021-00132-w,npj Flexible Electronics,search_only
Highly efficient and stable inverted perovskite solar cells using down-shifting quantum dots as a light management layer and moisture-assisted film growth,2019,10.1039/c9ta03131f,https://openalex.org/W2944941719,84,True,https://pubs.rsc.org/en/content/articlepdf/2019/ta/c9ta03131f,https://doi.org/10.1039/c9ta03131f,Journal of Materials Chemistry A,search_only
Room-Temperature Sputtered SnO2 as Robust Electron Transport Layer for Air-Stable and Efficient Perovskite Solar Cells on Rigid and Flexible Substrates,2019,10.1038/s41598-019-42962-9,https://openalex.org/W2943813491,83,True,https://www.nature.com/articles/s41598-019-42962-9.pdf,https://doi.org/10.1038/s41598-019-42962-9,Scientific Reports,search_only
Hot-Casting Large-Grain Perovskite Film for Efficient Solar Cells: Film Formation and Device Performance,2020,10.1007/s40820-020-00494-2,https://openalex.org/W3046826186,83,True,https://link.springer.com/content/pdf/10.1007/s40820-020-00494-2.pdf,https://doi.org/10.1007/s40820-020-00494-2,Nano-Micro Letters,search_only
Self-assembled materials with an ordered hydrophilic bilayer for high performance inverted Perovskite solar cells,2025,10.1038/s41467-024-55523-0,https://openalex.org/W4406002810,83,True,https://www.nature.com/articles/s41467-024-55523-0.pdf,https://doi.org/10.1038/s41467-024-55523-0,Nature Communications,search_only
Cu-doped nickel oxide interface layer with nanoscale thickness for efficient and highly stable printable carbon-based perovskite solar cell,2019,10.1016/j.solener.2019.02.056,https://openalex.org/W2917969097,83,True,https://www.sciencedirect.com/science/article/pii/S0038092X19301823,https://doi.org/10.1016/j.solener.2019.02.056,Solar Energy,search_only
Advances in Optical Imaging and Optical Communications Based on High‐Quality Halide Perovskite Photodetectors,2023,10.1002/adfm.202311205,https://openalex.org/W4389095787,82,True,https://onlinelibrary.wiley.com/doi/pdfdirect/10.1002/adfm.202311205,https://doi.org/10.1002/adfm.202311205,Advanced Functional Materials,search_only
Exploring the Limiting Open‐Circuit Voltage and the Voltage Loss Mechanism in Planar CH<sub>3</sub>NH<sub>3</sub>PbBr<sub>3</sub> Perovskite Solar Cells,2016,10.1002/aenm.201600132,https://openalex.org/W2462079316,82,True,https://onlinelibrary.wiley.com/doi/pdfdirect/10.1002/aenm.201600132,https://doi.org/10.1002/aenm.201600132,Advanced Energy Materials,search_only
"Green solvents, materials, and lead-free semiconductors for sustainable fabrication of perovskite solar cells",2023,10.1039/d3ra01692g,https://openalex.org/W4380785247,82,True,https://pubs.rsc.org/en/content/articlepdf/2023/ra/d3ra01692g,https://doi.org/10.1039/d3ra01692g,RSC Advances,search_only
"Progress in Synthesis of Conductive Polymer Poly(3,4-Ethylenedioxythiophene)",2021,10.3389/fchem.2021.803509,https://openalex.org/W4200242719,82,True,https://www.frontiersin.org/articles/10.3389/fchem.2021.803509/pdf,https://doi.org/10.3389/fchem.2021.803509,Frontiers in Chemistry,search_only
Conducting Polymer Based Ammonia and Hydrogen Sulfide Chemical Sensors and Their Suitability for Detecting Food Spoilage,2022,10.1002/admt.202200841,https://openalex.org/W4309554669,82,True,https://onlinelibrary.wiley.com/doi/pdfdirect/10.1002/admt.202200841,https://doi.org/10.1002/admt.202200841,Advanced Materials Technologies,search_only
Low Temperature Processed Fully Printed Efficient Planar Structure Carbon Electrode Perovskite Solar Cells and Modules,2021,10.1002/aenm.202101219,https://openalex.org/W3170663104,82,True,,https://doi.org/10.1002/aenm.202101219,Advanced Energy Materials,search_only
Efficient Two-Dimensional Perovskite Solar Cells Realized by Incorporation of Ti3C2Tx MXene as Nano-Dopants,2021,10.1007/s40820-021-00602-w,https://openalex.org/W3130219113,82,True,https://link.springer.com/content/pdf/10.1007/s40820-021-00602-w.pdf,https://doi.org/10.1007/s40820-021-00602-w,Nano-Micro Letters,search_only
High-Performance Blue Quasi-2D Perovskite Light-Emitting Diodes via Balanced Carrier Confinement and Transfer,2022,10.1007/s40820-022-00807-7,https://openalex.org/W4213336081,81,True,https://link.springer.com/content/pdf/10.1007/s40820-022-00807-7.pdf,https://doi.org/10.1007/s40820-022-00807-7,Nano-Micro Letters,search_only
Advanced low‐dimensional carbon materials for flexible devices,2020,10.1002/inf2.12073,https://openalex.org/W2999442122,81,True,https://onlinelibrary.wiley.com/doi/pdfdirect/10.1002/inf2.12073,https://doi.org/10.1002/inf2.12073,InfoMat,search_only
Potential of PEDOT:PSS as a hole selective front contact for silicon heterojunction solar cells,2017,10.1038/s41598-017-01946-3,https://openalex.org/W2581126919,81,True,https://www.nature.com/articles/s41598-017-01946-3.pdf,https://doi.org/10.1038/s41598-017-01946-3,Scientific Reports,search_only
Ambipolar blend-based organic electrochemical transistors and inverters,2022,10.1038/s41467-022-33264-2,https://openalex.org/W4296616203,81,True,https://www.nature.com/articles/s41467-022-33264-2.pdf,https://doi.org/10.1038/s41467-022-33264-2,Nature Communications,search_only
Spray-cast multilayer perovskite solar cells with an active-area of 1.5 cm2,2017,10.1038/s41598-017-08642-2,https://openalex.org/W2743377325,81,True,https://www.nature.com/articles/s41598-017-08642-2.pdf,https://doi.org/10.1038/s41598-017-08642-2,Scientific Reports,search_only
Highly Efficient Perovskite Solar Cells Using Non‐Toxic Industry Compatible Solvent System,2017,10.1002/solr.201700091,https://openalex.org/W2756270870,81,True,https://onlinelibrary.wiley.com/doi/pdfdirect/10.1002/solr.201700091,https://doi.org/10.1002/solr.201700091,Solar RRL,search_only
Green Perovskite Distributed Feedback Lasers,2017,10.1038/s41598-017-11569-3,https://openalex.org/W2754344272,81,True,https://www.nature.com/articles/s41598-017-11569-3.pdf,https://doi.org/10.1038/s41598-017-11569-3,Scientific Reports,search_only
Long-chain anionic surfactants enabling stable perovskite/silicon tandems with greatly suppressed stress corrosion,2023,10.1038/s41467-023-37877-z,https://openalex.org/W4365815336,81,True,https://www.nature.com/articles/s41467-023-37877-z.pdf,https://doi.org/10.1038/s41467-023-37877-z,Nature Communications,search_only
Inhibition of defect-induced α-to-δ phase transition for efficient and stable formamidinium perovskite solar cells,2023,10.1038/s41467-023-41853-y,https://openalex.org/W4387222526,80,True,https://www.nature.com/articles/s41467-023-41853-y.pdf,https://doi.org/10.1038/s41467-023-41853-y,Nature Communications,search_only
Engineering Perovskite Precursor Inks for Scalable Production of High‐Efficiency Perovskite Photovoltaic Modules,2023,10.1002/aenm.202300595,https://openalex.org/W4366768377,80,True,https://onlinelibrary.wiley.com/doi/pdfdirect/10.1002/aenm.202300595,https://doi.org/10.1002/aenm.202300595,Advanced Energy Materials,search_only
Sustainable solvent selection for the manufacture of methylammonium lead triiodide (MAPbI<sub>3</sub>) perovskite solar cells,2021,10.1039/d1gc00079a,https://openalex.org/W3137560241,80,True,https://pubs.rsc.org/en/content/articlepdf/2021/gc/d1gc00079a,https://doi.org/10.1039/d1gc00079a,Green Chemistry,search_only
Additives in metal halide perovskite films and their applications in solar cells,2019,10.1016/j.jechem.2019.11.008,https://openalex.org/W2990571533,80,True,https://ars.els-cdn.com/content/image/1-s2.0-S2095495619308988-fx1_lrg.jpg,https://doi.org/10.1016/j.jechem.2019.11.008,Journal of Energy Chemistry,search_only
Light Intensity-dependent Variation in Defect Contributions to Charge Transport and Recombination in a Planar MAPbI3 Perovskite Solar Cell,2019,10.1038/s41598-019-56338-6,https://openalex.org/W2998462906,80,True,https://www.nature.com/articles/s41598-019-56338-6.pdf,https://doi.org/10.1038/s41598-019-56338-6,Scientific Reports,search_only
Influence of the mixed organic cation ratio in lead iodide based perovskite on the performance of solar cells,2016,10.1039/c6cp03851d,https://openalex.org/W2513787083,80,True,https://pubs.rsc.org/en/content/articlepdf/2016/cp/c6cp03851d,https://doi.org/10.1039/c6cp03851d,Physical Chemistry Chemical Physics,search_only
"Antimonene: a tuneable post-graphene material for advanced applications in optoelectronics, catalysis, energy and biomedicine",2023,10.1039/d2cs00570k,https://openalex.org/W4319294039,79,True,https://pubs.rsc.org/en/content/articlepdf/2023/cs/d2cs00570k,https://doi.org/10.1039/d2cs00570k,Chemical Society Reviews,search_only
"Metal Halide Perovskite@Metal‐Organic Framework Hybrids: Synthesis, Design, Properties, and Applications",2020,10.1002/smll.202004891,https://openalex.org/W3095630064,79,True,https://onlinelibrary.wiley.com/doi/pdfdirect/10.1002/smll.202004891,https://doi.org/10.1002/smll.202004891,Small,search_only
Perfection of Perovskite Grain Boundary Passivation by Eu‐Porphyrin Complex for Overall‐Stable Perovskite Solar Cells,2019,10.1002/advs.201802040,https://openalex.org/W2914117702,79,True,https://onlinelibrary.wiley.com/doi/pdfdirect/10.1002/advs.201802040,https://doi.org/10.1002/advs.201802040,Advanced Science,search_only
Gradient 2D/3D Perovskite Films Prepared by Hot‐Casting for Sensitive Photodetectors,2020,10.1002/advs.202000776,https://openalex.org/W3031588819,78,True,https://onlinelibrary.wiley.com/doi/pdfdirect/10.1002/advs.202000776,https://doi.org/10.1002/advs.202000776,Advanced Science,search_only
Modulating preferred crystal orientation for efficient and stable perovskite solar cells—From progress to perspectives,2022,10.1002/inf2.12369,https://openalex.org/W4296120607,78,True,https://onlinelibrary.wiley.com/doi/pdfdirect/10.1002/inf2.12369,https://doi.org/10.1002/inf2.12369,InfoMat,search_only
Thin-Film Coating Methods: A Successful Marriage of High-Quality and Cost-Effectiveness- A Brief Exploration,2022,10.20944/preprints202207.0177.v1,https://openalex.org/W4285396055,78,True,https://www.preprints.org/manuscript/202207.0177/v1/download,https://doi.org/10.20944/preprints202207.0177.v1,Preprints.org,search_only
Solar cell-based hybrid energy harvesters towards sustainability,2023,10.29026/oes.2023.230011,https://openalex.org/W4386528174,78,True,https://www.oejournal.org/data/article/export-pdf?id=64f9403599d8810cd28a750d,https://doi.org/10.29026/oes.2023.230011,Opto-Electronic Science,search_only
Spray Pyrolyzed TiO2 Embedded Multi-Layer Front Contact Design for High-Efficiency Perovskite Solar Cells,2021,10.1007/s40820-020-00559-2,https://openalex.org/W3118912220,78,True,https://link.springer.com/content/pdf/10.1007/s40820-020-00559-2.pdf,https://doi.org/10.1007/s40820-020-00559-2,Nano-Micro Letters,search_only
Fully Solution Processed Pure α‐Phase Formamidinium Lead Iodide Perovskite Solar Cells for Scalable Production in Ambient Condition,2020,10.1002/aenm.202001869,https://openalex.org/W3088636866,78,True,https://onlinelibrary.wiley.com/doi/pdfdirect/10.1002/aenm.202001869,https://doi.org/10.1002/aenm.202001869,Advanced Energy Materials,search_only
Synaptic plasticity in self-powered artificial striate cortex for binocular orientation selectivity,2022,10.1038/s41467-022-33393-8,https://openalex.org/W4296995096,78,True,https://www.nature.com/articles/s41467-022-33393-8.pdf,https://doi.org/10.1038/s41467-022-33393-8,Nature Communications,search_only
Foldable and washable textile-based OLEDs with a multi-functional near-room-temperature encapsulation layer for smart e-textiles,2021,10.1038/s41528-021-00112-0,https://openalex.org/W3181448864,78,True,https://www.nature.com/articles/s41528-021-00112-0.pdf,https://doi.org/10.1038/s41528-021-00112-0,npj Flexible Electronics,search_only
Base Metal Co-Fired Multilayer Piezoelectrics,2016,10.3390/act5010008,https://openalex.org/W2288814601,78,True,https://www.mdpi.com/2076-0825/5/1/8/pdf?version=1457065698,https://doi.org/10.3390/act5010008,Actuators,search_only
Green-Solvent Processed Blade-Coating Organic Solar Cells with an Efficiency Approaching 19% Enabled by Alkyl-Tailored Acceptors,2023,10.1007/s40820-023-01208-0,https://openalex.org/W4388219570,77,True,https://link.springer.com/content/pdf/10.1007/s40820-023-01208-0.pdf,https://doi.org/10.1007/s40820-023-01208-0,Nano-Micro Letters,search_only
Recent Development in ITO-free Flexible Polymer Solar Cells,2017,10.3390/polym10010005,https://openalex.org/W2780471908,77,True,https://www.mdpi.com/2073-4360/10/1/5/pdf?version=1513933576,https://doi.org/10.3390/polym10010005,Polymers,search_only
A Review on Materials and Technologies for Organic Large‐Area Electronics,2021,10.1002/admt.202001016,https://openalex.org/W3150458467,77,True,https://onlinelibrary.wiley.com/doi/pdfdirect/10.1002/admt.202001016,https://doi.org/10.1002/admt.202001016,Advanced Materials Technologies,search_only
Recent Development and Environmental Applications of Nanocellulose-Based Membranes,2022,10.3390/membranes12030287,https://openalex.org/W4214907730,77,True,https://www.mdpi.com/2077-0375/12/3/287/pdf?version=1646217796,https://doi.org/10.3390/membranes12030287,Membranes,search_only
Enhancing photovoltaic performance of perovskite solar cells with silica nanosphere antireflection coatings,2018,10.1016/j.solener.2018.04.044,https://openalex.org/W2800758889,76,True,https://www.sciencedirect.com/science/article/pii/S0038092X18304018,https://doi.org/10.1016/j.solener.2018.04.044,Solar Energy,search_only
Surface passivation of intensely luminescent all-inorganic nanocrystals and their direct optical patterning,2023,10.1038/s41467-022-35702-7,https://openalex.org/W4313546348,76,True,https://www.nature.com/articles/s41467-022-35702-7.pdf,https://doi.org/10.1038/s41467-022-35702-7,Nature Communications,search_only
Dopant‐Free Crossconjugated Hole‐Transporting Polymers for Highly Efficient Perovskite Solar Cells,2020,10.1002/advs.201903331,https://openalex.org/W3029242053,76,True,https://onlinelibrary.wiley.com/doi/pdfdirect/10.1002/advs.201903331,https://doi.org/10.1002/advs.201903331,Advanced Science,search_only
Strain-insensitive viscoelastic perovskite film for intrinsically stretchable neuromorphic vision-adaptive transistors,2024,10.1038/s41467-024-47532-w,https://openalex.org/W4394646548,76,True,https://www.nature.com/articles/s41467-024-47532-w.pdf,https://doi.org/10.1038/s41467-024-47532-w,Nature Communications,search_only
Field‐Effect Transistors Based on Formamidinium Tin Triiodide Perovskite,2021,10.1002/adfm.202008478,https://openalex.org/W3123740976,76,True,https://onlinelibrary.wiley.com/doi/pdfdirect/10.1002/adfm.202008478,https://doi.org/10.1002/adfm.202008478,Advanced Functional Materials,search_only
Progress in organic-inorganic hybrid halide perovskite single crystal: growth techniques and applications,2017,10.1007/s40843-017-9039-8,https://openalex.org/W2621364702,75,True,https://link.springer.com/content/pdf/10.1007%2Fs40843-017-9039-8.pdf,https://doi.org/10.1007/s40843-017-9039-8,Science China Materials,search_only
Laser printed microelectronics,2023,10.1038/s41467-023-36722-7,https://openalex.org/W4322207850,75,True,https://www.nature.com/articles/s41467-023-36722-7.pdf,https://doi.org/10.1038/s41467-023-36722-7,Nature Communications,search_only
Material and structural considerations for high-performance electrodes for wearable skin devices,2024,10.1038/s43246-024-00490-8,https://openalex.org/W4394717978,75,True,https://www.nature.com/articles/s43246-024-00490-8.pdf,https://doi.org/10.1038/s43246-024-00490-8,Communications Materials,search_only
Recent Applications of Carbon Nanotubes in Organic Solar Cells,2022,10.3389/fchem.2021.733552,https://openalex.org/W4205750667,75,True,https://www.frontiersin.org/articles/10.3389/fchem.2021.733552/pdf,https://doi.org/10.3389/fchem.2021.733552,Frontiers in Chemistry,search_only
Understanding effects of precursor solution aging in triple cation lead perovskite,2018,10.1039/c8ra03471k,https://openalex.org/W2808525272,75,True,https://pubs.rsc.org/en/content/articlepdf/2018/ra/c8ra03471k,https://doi.org/10.1039/c8ra03471k,RSC Advances,pdf_downloaded
Factors affecting the stability of perovskite solar cells: a comprehensive review,2019,10.1117/1.jpe.9.021001,https://openalex.org/W2966503057,75,True,https://www.spiedigitallibrary.org/journals/Journal-of-Photonics-for-Energy/volume-9/issue-2/021001/Factors-affecting-the-stability-of-perovskite-solar-cells--a/10.1117/1.JPE.9.021001.pdf,https://doi.org/10.1117/1.jpe.9.021001,Journal of Photonics for Energy,search_only
Reversible multicolor chromism in layered formamidinium metal halide perovskites,2020,10.1038/s41467-020-19009-z,https://openalex.org/W3092715788,75,True,https://www.nature.com/articles/s41467-020-19009-z.pdf,https://doi.org/10.1038/s41467-020-19009-z,Nature Communications,search_only
Dimensional Tuning in Lead‐Free Tin Halide Perovskite for Solar Cells,2023,10.1002/aenm.202204233,https://openalex.org/W4319790846,75,True,https://onlinelibrary.wiley.com/doi/pdfdirect/10.1002/aenm.202204233,https://doi.org/10.1002/aenm.202204233,Advanced Energy Materials,search_only
Grain engineering for improved charge carrier transport in two-dimensional lead-free perovskite field-effect transistors,2022,10.1039/d2mh00632d,https://openalex.org/W4293256708,75,True,https://pubs.rsc.org/en/content/articlepdf/2022/mh/d2mh00632d,https://doi.org/10.1039/d2mh00632d,Materials Horizons,search_only
Deciphering photocarrier dynamics for tuneable high-performance perovskite-organic semiconductor heterojunction phototransistors,2019,10.1038/s41467-019-12481-2,https://openalex.org/W2977899232,74,True,https://www.nature.com/articles/s41467-019-12481-2.pdf,https://doi.org/10.1038/s41467-019-12481-2,Nature Communications,search_only
Surface Passivation of Perovskite Solar Cells Toward Improved Efficiency and Stability,2019,10.1007/s40820-019-0282-0,https://openalex.org/W2953583549,74,True,https://link.springer.com/content/pdf/10.1007/s40820-019-0282-0.pdf,https://doi.org/10.1007/s40820-019-0282-0,Nano-Micro Letters,search_only
16.8% Monolithic all-perovskite triple-junction solar cells via a universal two-step solution process,2020,10.1038/s41467-020-19062-8,https://openalex.org/W3092913265,74,True,https://www.nature.com/articles/s41467-020-19062-8.pdf,https://doi.org/10.1038/s41467-020-19062-8,Nature Communications,search_only
Manufacturing Strategies for Solid Electrolyte in Batteries,2020,10.3389/fenrg.2020.571440,https://openalex.org/W3083133388,74,True,https://www.frontiersin.org/articles/10.3389/fenrg.2020.571440/pdf,https://doi.org/10.3389/fenrg.2020.571440,Frontiers in Energy Research,search_only
Dynamic X-ray imaging with screen-printed perovskite CMOS array,2024,10.1038/s41467-024-45871-2,https://openalex.org/W4391995424,74,True,https://www.nature.com/articles/s41467-024-45871-2.pdf,https://doi.org/10.1038/s41467-024-45871-2,Nature Communications,search_only
Elucidating the dynamics of solvent engineering for perovskite solar cells,2018,10.1007/s40843-018-9336-1,https://openalex.org/W2891921523,74,True,https://link.springer.com/content/pdf/10.1007%2Fs40843-018-9336-1.pdf,https://doi.org/10.1007/s40843-018-9336-1,Science China Materials,search_only
Formamidinium‐Based Dion‐Jacobson Layered Hybrid Perovskites: Structural Complexity and Optoelectronic Properties,2020,10.1002/adfm.202003428,https://openalex.org/W3044829626,74,True,https://infoscience.epfl.ch/record/278980/files/adfm.202003428_manuscript_revised.pdf,http://infoscience.epfl.ch/record/278980,Advanced Functional Materials,search_only
High-Performance Regular Perovskite Solar Cells Employing Low-Cost Poly(ethylenedioxythiophene) as a Hole-Transporting Material,2017,10.1038/srep42564,https://openalex.org/W2588046793,74,True,https://www.nature.com/articles/srep42564.pdf,https://doi.org/10.1038/srep42564,Scientific Reports,search_only
Low‐dimensional perovskite materials and their optoelectronics,2021,10.1002/inf2.12211,https://openalex.org/W3175464458,73,True,https://onlinelibrary.wiley.com/doi/pdfdirect/10.1002/inf2.12211,https://doi.org/10.1002/inf2.12211,InfoMat,search_only
Processing‐Performance Evolution of Perovskite Solar Cells: From Large Grain Polycrystalline Films to Single Crystals,2019,10.1002/aenm.201902762,https://openalex.org/W2991609183,73,True,https://onlinelibrary.wiley.com/doi/pdfdirect/10.1002/aenm.201902762,https://doi.org/10.1002/aenm.201902762,Advanced Energy Materials,search_only
Halide perovskite solar cells using monocrystalline TiO<sub>2</sub>nanorod arrays as electron transport layers: impact of nanorod morphology,2017,10.1088/1361-6528/aa75ab,https://openalex.org/W2620518690,72,True,https://iopscience.iop.org/article/10.1088/1361-6528/aa75ab/pdf,https://doi.org/10.1088/1361-6528/aa75ab,Nanotechnology,search_only
Cations substitution tuning phase stability in hybrid perovskite single crystals by strain relaxation,2018,10.1039/c7ra12521f,https://openalex.org/W2783554174,72,True,https://pubs.rsc.org/en/content/articlepdf/2018/ra/c7ra12521f,https://doi.org/10.1039/c7ra12521f,RSC Advances,search_only
Understanding the Role of Grain Boundaries on Charge‐Carrier and Ion Transport in Cs<sub>2</sub>AgBiBr<sub>6</sub> Thin Films,2021,10.1002/adfm.202104981,https://openalex.org/W3196991968,72,True,https://onlinelibrary.wiley.com/doi/pdfdirect/10.1002/adfm.202104981,https://doi.org/10.1002/adfm.202104981,Advanced Functional Materials,search_only
Recent advances and prospects of inkjet printing in heterogeneous catalysis,2020,10.1039/d0cy00040j,https://openalex.org/W3016361780,72,True,https://pubs.rsc.org/en/content/articlepdf/2020/cy/d0cy00040j,https://doi.org/10.1039/d0cy00040j,Catalysis Science & Technology,search_only
Up-Scalable Fabrication of SnO2 with Multifunctional Interface for High Performance Perovskite Solar Modules,2021,10.1007/s40820-021-00675-7,https://openalex.org/W3178150818,72,True,https://link.springer.com/content/pdf/10.1007/s40820-021-00675-7.pdf,https://doi.org/10.1007/s40820-021-00675-7,Nano-Micro Letters,search_only
"Low-temperature, simple and efficient preparation of perovskite solar cells using Lewis bases urea and thiourea as additives: stimulating large grain growth and providing a PCE up to 18.8%",2018,10.1039/c8ra03175d,https://openalex.org/W2806126923,72,True,https://pubs.rsc.org/en/content/articlepdf/2018/ra/c8ra03175d,https://doi.org/10.1039/c8ra03175d,RSC Advances,search_only
"One step facile synthesis of a novel anthanthrone dye-based, dopant-free hole transporting material for efficient and stable perovskite solar cells",2017,10.1039/c7tc05238c,https://openalex.org/W2780199737,72,True,https://pubs.rsc.org/en/content/articlepdf/2018/tc/c7tc05238c,https://doi.org/10.1039/c7tc05238c,Journal of Materials Chemistry C,search_only
La-doped SnO2 as ETL for efficient planar-structure hybrid perovskite solar cells,2019,10.1016/j.orgel.2019.03.053,https://openalex.org/W2928799085,71,True,https://www.sciencedirect.com/science/article/pii/S1566119919301624,https://doi.org/10.1016/j.orgel.2019.03.053,Organic Electronics,search_only
A Highly Emissive Surface Layer in Mixed‐Halide Multication Perovskites,2019,10.1002/adma.201902374,https://openalex.org/W2970034006,71,True,https://onlinelibrary.wiley.com/doi/pdfdirect/10.1002/adma.201902374,https://doi.org/10.1002/adma.201902374,Advanced Materials,search_only
Major strategies for improving the performance of perovskite solar cells,2023,10.23919/ien.2023.0026,https://openalex.org/W4388214847,71,True,https://ieeexplore.ieee.org/ielx7/9732629/10304822/10304824.pdf,https://doi.org/10.23919/ien.2023.0026,iEnergy,search_only
Ultrathin Nanosheets of Oxo‐functionalized Graphene Inhibit the Ion Migration in Perovskite Solar Cells,2019,10.1002/aenm.201902653,https://openalex.org/W2995083135,71,True,https://onlinelibrary.wiley.com/doi/pdfdirect/10.1002/aenm.201902653,https://doi.org/10.1002/aenm.201902653,Advanced Energy Materials,search_only
Comparison of highly conductive natural and synthetic graphites for electrodes in perovskite solar cells,2021,10.1016/j.carbon.2021.01.022,https://openalex.org/W3118317710,71,True,https://www.sciencedirect.com/science/article/am/pii/S0008622321000300?via%3Dihub,https://doi.org/10.1016/j.carbon.2021.01.022,Carbon,search_only
Vacancy-Ordered Double Perovskite Cs<sub>2</sub>TeI<sub>6</sub> Thin Films for Optoelectronics,2020,10.1021/acs.chemmater.0c02150,https://openalex.org/W3040947275,71,True,https://pubs.acs.org/doi/pdf/10.1021/acs.chemmater.0c02150,https://doi.org/10.1021/acs.chemmater.0c02150,Chemistry of Materials,search_only
Printing High‐Efficiency Perovskite Solar Cells in High‐Humidity Ambient Environment—An In Situ Guided Investigation,2021,10.1002/advs.202003359,https://openalex.org/W3125214849,70,True,https://onlinelibrary.wiley.com/doi/pdfdirect/10.1002/advs.202003359,https://doi.org/10.1002/advs.202003359,Advanced Science,search_only
Sensitized Yb<sup>3+</sup> Luminescence in CsPbCl<sub>3</sub> Film for Highly Efficient Near‐Infrared Light‐Emitting Diodes,2020,10.1002/advs.201903142,https://openalex.org/W3001659232,70,True,https://onlinelibrary.wiley.com/doi/pdfdirect/10.1002/advs.201903142,https://doi.org/10.1002/advs.201903142,Advanced Science,search_only
Negative Permittivity Behavior in Flexible Carbon Nanofibers- Polydimethylsiloxane Films,2021,10.30919/es8d576,https://openalex.org/W3215634527,70,True,https://www.espublisher.com/uploads/article_pdf/es8d576.pdf,https://doi.org/10.30919/es8d576,Engineered Science,search_only
Recent Progress in Conducting Polymer Composite/Nanofiber-Based Strain and Pressure Sensors,2021,10.3390/polym13244281,https://openalex.org/W4200294500,70,True,https://www.mdpi.com/2073-4360/13/24/4281/pdf?version=1638878894,https://doi.org/10.3390/polym13244281,Polymers,search_only
Advances in Organic and Perovskite Photovoltaics Enabling a Greener Internet of Things,2022,10.1002/adfm.202200694,https://openalex.org/W4224282924,70,True,https://onlinelibrary.wiley.com/doi/pdfdirect/10.1002/adfm.202200694,https://doi.org/10.1002/adfm.202200694,Advanced Functional Materials,search_only
Advances in Tin(II)‐Based Perovskite Solar Cells: From Material Physics to Device Performance,2021,10.1002/sstr.202100102,https://openalex.org/W3201396847,70,True,https://onlinelibrary.wiley.com/doi/pdfdirect/10.1002/sstr.202100102,https://doi.org/10.1002/sstr.202100102,Small Structures,search_only
Formulation of functional materials for inkjet printing: A pathway towards fully 3D printed electronics,2023,10.1016/j.mtelec.2023.100058,https://openalex.org/W4386753321,70,True,https://ars.els-cdn.com/content/image/1-s2.0-S2772949423000347-ga1_lrg.jpg,https://doi.org/10.1016/j.mtelec.2023.100058,Materials Today Electronics,candidate
2D WSe<sub>2</sub> Flakes for Synergistic Modulation of Grain Growth and Charge Transfer in Tin‐Based Perovskite Solar Cells,2021,10.1002/advs.202004315,https://openalex.org/W3140363345,69,True,https://onlinelibrary.wiley.com/doi/pdfdirect/10.1002/advs.202004315,https://doi.org/10.1002/advs.202004315,Advanced Science,search_only
"Aerosol‐Jet‐Assisted Thin‐Film Growth of CH<sub>3</sub>NH<sub>3</sub>PbI<sub>3</sub> Perovskites—A Means to Achieve High Quality, Defect‐Free Films for Efficient Solar Cells",2017,10.1002/aenm.201701151,https://openalex.org/W2734865671,69,True,https://onlinelibrary.wiley.com/doi/pdfdirect/10.1002/aenm.201701151,https://doi.org/10.1002/aenm.201701151,Advanced Energy Materials,search_only
Influence of the composition of hybrid perovskites on their performance in solar cells,2016,10.1039/c6ta00334f,https://openalex.org/W2252317997,69,True,https://pubs.rsc.org/en/content/articlepdf/2016/ta/c6ta00334f,https://doi.org/10.1039/c6ta00334f,Journal of Materials Chemistry A,search_only
Facile synthesis of composite tin oxide nanostructures for high-performance planar perovskite solar cells,2019,10.1016/j.nanoen.2019.03.044,https://openalex.org/W2921101547,69,True,https://ars.els-cdn.com/content/image/1-s2.0-S2211285519302320-fx1_lrg.jpg,https://doi.org/10.1016/j.nanoen.2019.03.044,Nano Energy,search_only
Overview of the Current State of Flexible Solar Panels and Photovoltaic Materials,2023,10.3390/ma16175839,https://openalex.org/W4386223872,69,True,https://www.mdpi.com/1996-1944/16/17/5839/pdf?version=1692973691,https://doi.org/10.3390/ma16175839,Materials,search_only
Low-temperature processed non-TiO<sub>2</sub> electron selective layers for perovskite solar cells,2018,10.1039/c7ta10742k,https://openalex.org/W2785534984,69,True,https://pubs.rsc.org/en/content/articlepdf/2018/ta/c7ta10742k,https://doi.org/10.1039/c7ta10742k,Journal of Materials Chemistry A,search_only
A Spacer Cation Assisted Nucleation and Growth Strategy Enables Efficient and High‐Luminance Quasi‐2D Perovskite LEDs,2022,10.1002/adfm.202209186,https://openalex.org/W4308314954,69,True,https://onlinelibrary.wiley.com/doi/pdfdirect/10.1002/adfm.202209186,https://doi.org/10.1002/adfm.202209186,Advanced Functional Materials,search_only
Iodine Electrochemistry Dictates Voltage‐Induced Halide Segregation Thresholds in Mixed‐Halide Perovskite Devices,2022,10.1002/adfm.202203432,https://openalex.org/W4283078027,69,True,https://onlinelibrary.wiley.com/doi/pdfdirect/10.1002/adfm.202203432,https://doi.org/10.1002/adfm.202203432,Advanced Functional Materials,search_only
Piezoelectric nanogenerators for self‐powered wearable and implantable bioelectronic devices,2023,10.1016/j.actbio.2023.08.057,https://openalex.org/W4386408249,69,True,https://ars.els-cdn.com/content/image/1-s2.0-S1742706123005202-ga1_lrg.jpg,https://doi.org/10.1016/j.actbio.2023.08.057,Acta Biomaterialia,search_only
Screen‐Printing Technology for Scale Manufacturing of Perovskite Solar Cells,2023,10.1002/advs.202303992,https://openalex.org/W4385568577,69,True,https://onlinelibrary.wiley.com/doi/pdfdirect/10.1002/advs.202303992,https://doi.org/10.1002/advs.202303992,Advanced Science,search_only
Rheological engineering of perovskite suspension toward high-resolution X-ray flat-panel detector,2023,10.1038/s41467-023-42616-5,https://openalex.org/W4387976491,69,True,https://www.nature.com/articles/s41467-023-42616-5.pdf,https://doi.org/10.1038/s41467-023-42616-5,Nature Communications,search_only
Large‐Diameter Carbon Nanotube Transparent Conductor Overcoming Performance–Yield Tradeoff,2021,10.1002/adfm.202103397,https://openalex.org/W3200275789,69,True,https://onlinelibrary.wiley.com/doi/pdfdirect/10.1002/adfm.202103397,https://doi.org/10.1002/adfm.202103397,Advanced Functional Materials,search_only
A high‐efficiency and stable perovskite solar cell fabricated in ambient air using a polyaniline passivation layer,2022,10.1038/s41598-021-04547-3,https://openalex.org/W4206034327,68,True,https://www.nature.com/articles/s41598-021-04547-3.pdf,https://doi.org/10.1038/s41598-021-04547-3,Scientific Reports,search_only
Rudorffites and Beyond: Perovskite‐Inspired Silver/Copper Pnictohalides for Next‐Generation Environmentally Friendly Photovoltaics and Optoelectronics,2022,10.1002/adfm.202203300,https://openalex.org/W4286213266,68,True,https://onlinelibrary.wiley.com/doi/pdfdirect/10.1002/adfm.202203300,https://doi.org/10.1002/adfm.202203300,Advanced Functional Materials,search_only
X-ray stability and degradation mechanism of lead halide perovskites and lead halides,2021,10.1039/d1cp01443a,https://openalex.org/W3160453287,68,True,https://pubs.rsc.org/en/content/articlepdf/2021/cp/d1cp01443a,https://doi.org/10.1039/d1cp01443a,Physical Chemistry Chemical Physics,search_only
4-Terminal Inorganic Perovskite/Organic Tandem Solar Cells Offer 22% Efficiency,2022,10.1007/s40820-022-00995-2,https://openalex.org/W4313334639,68,True,https://link.springer.com/content/pdf/10.1007/s40820-022-00995-2.pdf,https://doi.org/10.1007/s40820-022-00995-2,Nano-Micro Letters,search_only
Optically Pumped Lasing from Hybrid Perovskite Light‐Emitting Diodes,2019,10.1002/adom.201901297,https://openalex.org/W2985642834,68,True,https://onlinelibrary.wiley.com/doi/pdfdirect/10.1002/adom.201901297,https://doi.org/10.1002/adom.201901297,Advanced Optical Materials,search_only
Molecular engineering towards efficientwhite-light-emitting perovskite,2021,10.1038/s41467-021-25132-2,https://openalex.org/W3189489084,68,True,https://www.nature.com/articles/s41467-021-25132-2.pdf,https://doi.org/10.1038/s41467-021-25132-2,Nature Communications,search_only
Recent progress in solution-processed flexible organic photovoltaics,2022,10.1038/s41528-022-00222-3,https://openalex.org/W4307952479,68,True,https://www.nature.com/articles/s41528-022-00222-3.pdf,https://doi.org/10.1038/s41528-022-00222-3,npj Flexible Electronics,search_only
"High performance planar perovskite solar cells with a perovskite of mixed organic cations and mixed halides, MA<sub>1−x</sub>FA<sub>x</sub>PbI<sub>3−y</sub>Cl<sub>y</sub>",2016,10.1039/c6ta03381d,https://openalex.org/W2473736848,68,True,https://pubs.rsc.org/en/content/articlepdf/2016/ta/c6ta03381d,https://doi.org/10.1039/c6ta03381d,Journal of Materials Chemistry A,search_only
Perovskite-Inspired Lead-Free Ag2BiI5 for Self-Powered NIR-Blind Visible Light Photodetection,2020,10.1007/s40820-020-0371-0,https://openalex.org/W3001066890,67,True,https://link.springer.com/content/pdf/10.1007/s40820-020-0371-0.pdf,https://doi.org/10.1007/s40820-020-0371-0,Nano-Micro Letters,search_only
Functional liquid metal nanoparticles: synthesis and applications,2021,10.1039/d1ma00789k,https://openalex.org/W3211090660,67,True,https://pubs.rsc.org/en/content/articlepdf/2021/ma/d1ma00789k,https://doi.org/10.1039/d1ma00789k,Materials Advances,search_only
Balancing the film strain of organic semiconductors for ultrastable organic transistors with a five-year lifetime,2022,10.1038/s41467-022-29221-8,https://openalex.org/W4221108718,67,True,https://www.nature.com/articles/s41467-022-29221-8.pdf,https://doi.org/10.1038/s41467-022-29221-8,Nature Communications,search_only
Overview on Different Types of Solar Cells: An Update,2023,10.3390/app13042051,https://openalex.org/W4319317190,67,True,https://www.mdpi.com/2076-3417/13/4/2051/pdf?version=1676456174,https://doi.org/10.3390/app13042051,Applied Sciences,search_only
A Cryogenic Process for Antisolvent‐Free High‐Performance Perovskite Solar Cells,2018,10.1002/adma.201804402,https://openalex.org/W2892155976,67,True,https://onlinelibrary.wiley.com/doi/pdfdirect/10.1002/adma.201804402,https://doi.org/10.1002/adma.201804402,Advanced Materials,search_only
Recent advancements in metal–organic frameworks integrating quantum dots (QDs@MOF) and their potential applications,2022,10.1515/ntrev-2022-0118,https://openalex.org/W4285293817,67,True,https://www.degruyter.com/document/doi/10.1515/ntrev-2022-0118/pdf,https://doi.org/10.1515/ntrev-2022-0118,Nanotechnology Reviews,search_only
High‐Performance Flexible All‐Perovskite Tandem Solar Cells with Reduced <i>V</i><sub>OC</sub>‐Deficit in Wide‐Bandgap Subcell,2022,10.1002/aenm.202202438,https://openalex.org/W4298119353,67,True,https://onlinelibrary.wiley.com/doi/pdfdirect/10.1002/aenm.202202438,https://doi.org/10.1002/aenm.202202438,Advanced Energy Materials,search_only
Improving the efficiency and stability of perovskite solar cells using π-conjugated aromatic additives with differing hydrophobicities,2023,10.1039/d3ee00247k,https://openalex.org/W4376470721,67,True,https://pubs.rsc.org/en/content/articlepdf/2023/ee/d3ee00247k,https://doi.org/10.1039/d3ee00247k,Energy & Environmental Science,search_only
Enhancing the stability of organolead halide perovskite films through polymer encapsulation,2017,10.1039/c7ra06002e,https://openalex.org/W2733372987,67,True,https://pubs.rsc.org/en/content/articlepdf/2017/ra/c7ra06002e,https://doi.org/10.1039/c7ra06002e,RSC Advances,search_only
Effect of electronic doping and traps on carrier dynamics in tin halide perovskites,2022,10.1039/d2mh00008c,https://openalex.org/W4226340430,67,True,https://pubs.rsc.org/en/content/articlepdf/2022/mh/d2mh00008c,https://doi.org/10.1039/d2mh00008c,Materials Horizons,search_only
Semitransparent Perovskite Solar Cells for Building Integration and Tandem Photovoltaics: Design Strategies and Challenges,2021,10.1002/solr.202100702,https://openalex.org/W3209169590,66,True,https://onlinelibrary.wiley.com/doi/pdfdirect/10.1002/solr.202100702,https://doi.org/10.1002/solr.202100702,Solar RRL,search_only
Hybrid perovskite crystallization from binary solvent mixtures: interplay of evaporation rate and binding strength of solvents,2020,10.1039/d0ma00815j,https://openalex.org/W3097870610,66,True,https://pubs.rsc.org/en/content/articlepdf/2020/ma/d0ma00815j,https://doi.org/10.1039/d0ma00815j,Materials Advances,search_only
Ultralow-voltage operation of light-emitting diodes,2022,10.1038/s41467-022-31478-y,https://openalex.org/W3189697798,66,True,https://www.nature.com/articles/s41467-022-31478-y.pdf,https://doi.org/10.1038/s41467-022-31478-y,Nature Communications,search_only
A Lab-to-Fab Study toward Roll-to-Roll Fabrication of Reproducible Perovskite Solar Cells under Ambient Room Conditions,2021,10.1016/j.xcrp.2020.100293,https://openalex.org/W3119351029,66,True,https://www.sciencedirect.com/science/article/am/pii/S2666386420303192?via%3Dihub,https://doi.org/10.1016/j.xcrp.2020.100293,Cell Reports Physical Science,search_only
"Quantum Dot Passivation of Halide Perovskite Films with Reduced Defects, Suppressed Phase Segregation, and Enhanced Stability",2021,10.1002/advs.202102258,https://openalex.org/W3217469726,66,True,https://onlinelibrary.wiley.com/doi/pdfdirect/10.1002/advs.202102258,https://doi.org/10.1002/advs.202102258,Advanced Science,search_only
Modulated CH3NH3PbI3−xBrx film for efficient perovskite solar cells exceeding 18%,2017,10.1038/srep44603,https://openalex.org/W2596240614,66,True,https://www.nature.com/articles/srep44603.pdf,https://doi.org/10.1038/srep44603,Scientific Reports,search_only
"A Review on the Progress, Challenges, and Performances of Tin-Based Perovskite Solar Cells",2023,10.3390/nano13030585,https://openalex.org/W4318776414,66,True,https://www.mdpi.com/2079-4991/13/3/585/pdf?version=1675241724,https://doi.org/10.3390/nano13030585,Nanomaterials,search_only
Pure Tin Halide Perovskite Solar Cells: Focusing on Preparation and Strategies,2022,10.1002/aenm.202202209,https://openalex.org/W4311828903,66,True,https://onlinelibrary.wiley.com/doi/pdfdirect/10.1002/aenm.202202209,https://doi.org/10.1002/aenm.202202209,Advanced Energy Materials,search_only
π-Conjugated Polymers and Their Application in Organic and Hybrid Organic-Silicon Solar Cells,2022,10.3390/polym14040716,https://openalex.org/W4213292040,65,True,https://www.mdpi.com/2073-4360/14/4/716/pdf?version=1644738195,https://doi.org/10.3390/polym14040716,Polymers,search_only
Flattening Grain‐Boundary Grooves for Perovskite Solar Cells with High Optomechanical Reliability,2023,10.1002/adma.202211155,https://openalex.org/W4317777801,65,True,https://onlinelibrary.wiley.com/doi/pdfdirect/10.1002/adma.202211155,https://doi.org/10.1002/adma.202211155,Advanced Materials,search_only
TiO2-Graphene Quantum Dots Nanocomposites for Photocatalysis in Energy and Biomedical Applications,2021,10.3390/catal11030319,https://openalex.org/W3133575418,65,True,https://www.mdpi.com/2073-4344/11/3/319/pdf?version=1615521479,https://doi.org/10.3390/catal11030319,Catalysts,search_only
Methodologies toward Efficient and Stable Cesium Lead Halide Perovskite‐Based Solar Cells,2018,10.1002/advs.201800509,https://openalex.org/W2808875814,64,True,https://onlinelibrary.wiley.com/doi/pdfdirect/10.1002/advs.201800509,https://doi.org/10.1002/advs.201800509,Advanced Science,search_only
2D materials for organic and perovskite photovoltaics,2021,10.1016/j.nanoen.2021.106833,https://openalex.org/W4200597315,64,True,https://www.sciencedirect.com/science/article/pii/S221128552101082X,https://doi.org/10.1016/j.nanoen.2021.106833,Nano Energy,search_only
Implementing an intermittent spin-coating strategy to enable bottom-up crystallization in layered halide perovskites,2021,10.1038/s41467-021-26753-3,https://openalex.org/W3212341740,64,True,https://www.nature.com/articles/s41467-021-26753-3.pdf,https://doi.org/10.1038/s41467-021-26753-3,Nature Communications,search_only
Structural and morphological alterations induced by cobalt substitution in LaMnO3 perovskites,2019,10.1016/j.jcis.2019.08.112,https://openalex.org/W2970953968,64,True,https://ars.els-cdn.com/content/image/1-s2.0-S0021979719310276-ga1_lrg.jpg,https://doi.org/10.1016/j.jcis.2019.08.112,Journal of Colloid and Interface Science,search_only
Improving the potential of ethyl acetate green anti-solvent to fabricate efficient and stable perovskite solar cells,2022,10.1039/d2ra05454j,https://openalex.org/W4310331134,64,True,https://pubs.rsc.org/en/content/articlepdf/2022/ra/d2ra05454j,https://doi.org/10.1039/d2ra05454j,RSC Advances,search_only
Spontaneous enhancement of the stable power conversion efficiency in perovskite solar cells,2019,10.1039/c9ta09584e,https://openalex.org/W2991155834,64,True,https://pubs.rsc.org/en/content/articlepdf/2020/ta/c9ta09584e,https://doi.org/10.1039/c9ta09584e,Journal of Materials Chemistry A,search_only
Highly efficient self-powered perovskite photodiode with an electron-blocking hole-transport NiOx layer,2021,10.1038/s41598-020-80640-3,https://openalex.org/W3118267657,64,True,https://www.nature.com/articles/s41598-020-80640-3.pdf,https://doi.org/10.1038/s41598-020-80640-3,Scientific Reports,search_only
γ‐Valerolactone: A Nontoxic Green Solvent for Highly Stable Printed Mesoporous Perovskite Solar Cells,2021,10.1002/ente.202100312,https://openalex.org/W3158669601,63,True,https://onlinelibrary.wiley.com/doi/pdfdirect/10.1002/ente.202100312,https://doi.org/10.1002/ente.202100312,Energy Technology,search_only
All-inorganic quantum dot assisted enhanced charge extraction across the interfaces of bulk organo-halide perovskites for efficient and stable pin-hole free perovskite solar cells,2019,10.1039/c9sc01183h,https://openalex.org/W2969539487,63,True,https://pubs.rsc.org/en/content/articlepdf/2019/sc/c9sc01183h,https://doi.org/10.1039/c9sc01183h,Chemical Science,search_only
Plasmon-induced trap filling at grain boundaries in perovskite solar cells,2021,10.1038/s41377-021-00662-y,https://openalex.org/W3209944896,63,True,https://www.nature.com/articles/s41377-021-00662-y.pdf,https://doi.org/10.1038/s41377-021-00662-y,Light Science & Applications,search_only
Emerging applications of metal-organic frameworks and derivatives in solar cells: Recent advances and challenges,2022,10.1016/j.mser.2022.100714,https://openalex.org/W4313419329,63,True,https://ars.els-cdn.com/content/image/1-s2.0-S0927796X22000535-ga1_lrg.jpg,https://doi.org/10.1016/j.mser.2022.100714,Materials Science and Engineering R Reports,search_only
Fully Roll-to-Roll Processed Efficient Perovskite Solar Cells via Precise Control on the Morphology of PbI2:CsI Layer,2022,10.1007/s40820-022-00815-7,https://openalex.org/W4220842617,62,True,https://link.springer.com/content/pdf/10.1007/s40820-022-00815-7.pdf,https://doi.org/10.1007/s40820-022-00815-7,Nano-Micro Letters,search_only
Rare earth doping in perovskite luminescent nanocrystals and photoelectric devices,2021,10.1002/nano.202100187,https://openalex.org/W3195293163,62,True,https://onlinelibrary.wiley.com/doi/pdfdirect/10.1002/nano.202100187,https://doi.org/10.1002/nano.202100187,Nano Select,search_only
A universal ligand for lead coordination and tailored crystal growth in perovskite solar cells,2024,10.1039/d3ee02344c,https://openalex.org/W4390777704,62,True,https://pubs.rsc.org/en/content/articlepdf/2024/ee/d3ee02344c,https://doi.org/10.1039/d3ee02344c,Energy & Environmental Science,search_only
Differential perovskite hemispherical photodetector for intelligent imaging and location tracking,2024,10.1038/s41467-024-44857-4,https://openalex.org/W4390941754,62,True,https://www.nature.com/articles/s41467-024-44857-4.pdf,https://doi.org/10.1038/s41467-024-44857-4,Nature Communications,search_only
The evolution of Materials Acceleration Platforms: toward the laboratory of the future with AMANDA,2021,10.1007/s10853-021-06281-7,https://openalex.org/W3153062923,62,True,https://link.springer.com/content/pdf/10.1007/s10853-021-06281-7.pdf,https://doi.org/10.1007/s10853-021-06281-7,Journal of Materials Science,search_only
How to improve the structural stabilities of halide perovskite quantum dots: review of various strategies to enhance the structural stabilities of halide perovskite quantum dots,2024,10.1186/s40580-024-00412-x,https://openalex.org/W4391282839,62,True,https://nanoconvergencejournal.springeropen.com/counter/pdf/10.1186/s40580-024-00412-x,https://doi.org/10.1186/s40580-024-00412-x,Nano Convergence,search_only
Ionic Liquid Engineering in Perovskite Photovoltaics,2022,10.1002/eem2.12435,https://openalex.org/W4280613065,62,True,https://onlinelibrary.wiley.com/doi/pdfdirect/10.1002/eem2.12435,https://doi.org/10.1002/eem2.12435,Energy & environment materials,search_only
The Potential of Electrospinning to Enable the Realization of Energy-Autonomous Wearable Sensing Systems,2024,10.1021/acsnano.3c09077,https://openalex.org/W4390945708,62,True,https://pubs.acs.org/doi/pdf/10.1021/acsnano.3c09077,https://doi.org/10.1021/acsnano.3c09077,ACS Nano,search_only
Metal Oxide Nanosheets as 2D Building Blocks for the Design of Novel Materials,2020,10.1002/chem.201905735,https://openalex.org/W3008791273,62,True,https://onlinelibrary.wiley.com/doi/pdfdirect/10.1002/chem.201905735,https://doi.org/10.1002/chem.201905735,Chemistry - A European Journal,search_only
Advances in Dion-Jacobson phase two-dimensional metal halide perovskite solar cells,2020,10.1515/nanoph-2021-0052,https://openalex.org/W3143168152,61,True,https://www.degruyter.com/document/doi/10.1515/nanoph-2021-0052/pdf,https://doi.org/10.1515/nanoph-2021-0052,Nanophotonics,search_only
Br Vacancy Defects Healed Perovskite Indoor Photovoltaic Modules with Certified Power Conversion Efficiency Exceeding 36%,2022,10.1002/advs.202204138,https://openalex.org/W4306653214,61,True,https://onlinelibrary.wiley.com/doi/pdfdirect/10.1002/advs.202204138,https://doi.org/10.1002/advs.202204138,Advanced Science,search_only
A low-temperature TiO2/SnO2 electron transport layer for high-performance planar perovskite solar cells,2019,10.1007/s40843-019-9586-x,https://openalex.org/W2975195476,61,True,https://link.springer.com/content/pdf/10.1007/s40843-019-9586-x.pdf,https://doi.org/10.1007/s40843-019-9586-x,Science China Materials,search_only
Challenges in tin perovskite solar cells,2021,10.1039/d1cp02596a,https://openalex.org/W3194188750,61,True,https://pubs.rsc.org/en/content/articlepdf/2021/cp/d1cp02596a,https://doi.org/10.1039/d1cp02596a,Physical Chemistry Chemical Physics,search_only
"Heterogeneous Wettability Surfaces: Principle, Construction, and Applications",2020,10.1002/sstr.202000028,https://openalex.org/W3048246192,61,True,https://onlinelibrary.wiley.com/doi/pdfdirect/10.1002/sstr.202000028,https://doi.org/10.1002/sstr.202000028,Small Structures,search_only
Inkjet printing of NiO films and integration as hole transporting layers in polymer solar cells,2017,10.1038/s41598-017-01897-9,https://openalex.org/W2610725773,60,True,https://www.nature.com/articles/s41598-017-01897-9.pdf,https://doi.org/10.1038/s41598-017-01897-9,Scientific Reports,search_only
Halide Perovskite glues activate two-dimensional covalent organic framework crystallites for selective NO2 sensing,2023,10.1038/s41467-023-37296-0,https://openalex.org/W4366091712,60,True,https://www.nature.com/articles/s41467-023-37296-0.pdf,https://doi.org/10.1038/s41467-023-37296-0,Nature Communications,search_only
Inkjet printed mesoscopic perovskite solar cells with custom design capability,2020,10.1039/d0ma00077a,https://openalex.org/W3020619809,60,True,https://pubs.rsc.org/en/content/articlepdf/2020/ma/d0ma00077a,https://doi.org/10.1039/d0ma00077a,Materials Advances,pdf_downloaded
A charge transfer framework that describes supramolecular interactions governing structure and properties of 2D perovskites,2022,10.1038/s41467-022-31567-y,https://openalex.org/W4284965783,60,True,https://www.nature.com/articles/s41467-022-31567-y.pdf,https://doi.org/10.1038/s41467-022-31567-y,Nature Communications,search_only
Triiodide Attacks the Organic Cation in Hybrid Lead Halide Perovskites: Mechanism and Suppression,2023,10.1002/adma.202303373,https://openalex.org/W4382049957,60,True,https://onlinelibrary.wiley.com/doi/pdfdirect/10.1002/adma.202303373,https://doi.org/10.1002/adma.202303373,Advanced Materials,search_only
Research Update: Behind the high efficiency of hybrid perovskite solar cells,2016,10.1063/1.4962143,https://openalex.org/W2517978572,60,True,https://aip.scitation.org/doi/pdf/10.1063/1.4962143,https://doi.org/10.1063/1.4962143,APL Materials,search_only
Lead free CH3NH3SnI3 perovskite thin-film with p-type semiconducting nature and metal-like conductivity,2016,10.1063/1.4961463,https://openalex.org/W2510618511,60,True,https://aip.scitation.org/doi/pdf/10.1063/1.4961463,https://doi.org/10.1063/1.4961463,AIP Advances,search_only
Progress in Piezoelectric Nanogenerators Based on PVDF Composite Films,2021,10.3390/mi12111278,https://openalex.org/W3208322238,60,True,https://www.mdpi.com/2072-666X/12/11/1278/pdf?version=1634872141,https://doi.org/10.3390/mi12111278,Micromachines,search_only
Electrohydrodynamic printing for high resolution patterning of flexible electronics toward industrial applications,2023,10.1002/inf2.12505,https://openalex.org/W4389683380,59,True,https://onlinelibrary.wiley.com/doi/pdfdirect/10.1002/inf2.12505,https://doi.org/10.1002/inf2.12505,InfoMat,search_only
Recent Advances and Perspectives on Powder‐Based Halide Perovskite Film Processing,2021,10.1002/adfm.202007350,https://openalex.org/W3118695612,59,True,https://onlinelibrary.wiley.com/doi/pdfdirect/10.1002/adfm.202007350,https://doi.org/10.1002/adfm.202007350,Advanced Functional Materials,search_only
Facile deposition of high-quality Cs2AgBiBr6 films for efficient double perovskite solar cells,2020,10.1007/s40843-020-1346-0,https://openalex.org/W3031568575,59,True,https://link.springer.com/content/pdf/10.1007/s40843-020-1346-0.pdf,https://doi.org/10.1007/s40843-020-1346-0,Science China Materials,search_only
New insight into solvent engineering technology from evolution of intermediates via one-step spin-coating approach,2017,10.1007/s40843-017-9027-1,https://openalex.org/W2606964976,59,True,https://link.springer.com/content/pdf/10.1007%2Fs40843-017-9027-1.pdf,https://doi.org/10.1007/s40843-017-9027-1,Science China Materials,search_only
Synthesis and Applications of Silver Nanowires for Transparent Conductive Films,2019,10.3390/mi10050330,https://openalex.org/W2981364989,59,True,https://www.mdpi.com/2072-666X/10/5/330/pdf?version=1558006879,https://doi.org/10.3390/mi10050330,Micromachines,search_only
Recent progress in nanostructured electrodes for solid oxide fuel cells deposited by spray pyrolysis,2021,10.1016/j.jpowsour.2021.230277,https://openalex.org/W3186972108,59,True,https://ars.els-cdn.com/content/image/1-s2.0-S0378775321007953-ga1_lrg.jpg,https://doi.org/10.1016/j.jpowsour.2021.230277,Journal of Power Sources,search_only
Comparison of NiO<sub>x</sub>thin film deposited by spin-coating or thermal evaporation for application as a hole transport layer of perovskite solar cells,2020,10.1039/d0ra08776a,https://openalex.org/W3112918697,58,True,https://pubs.rsc.org/en/content/articlepdf/2020/ra/d0ra08776a,https://doi.org/10.1039/d0ra08776a,RSC Advances,search_only
Hydrogen-Bonded Dopant-Free Hole Transport Material Enables Efficient and Stable Inverted Perovskite Solar Cells,2021,10.31635/ccschem.021.202101483,https://openalex.org/W3210397240,58,True,,https://doi.org/10.31635/ccschem.021.202101483,CCS Chemistry,search_only
Growth of metal halide perovskite materials,2020,10.1007/s40843-020-1300-2,https://openalex.org/W3033899690,58,True,https://link.springer.com/content/pdf/10.1007/s40843-020-1300-2.pdf,https://doi.org/10.1007/s40843-020-1300-2,Science China Materials,search_only
The Role of Grain Boundaries in Organic–Inorganic Hybrid Perovskite Solar Cells and its Current Enhancement Strategies: A Review,2024,10.1002/eem2.12696,https://openalex.org/W4391444033,58,True,https://onlinelibrary.wiley.com/doi/pdfdirect/10.1002/eem2.12696,https://doi.org/10.1002/eem2.12696,Energy & environment materials,search_only
Scalable solution coating of the absorber for perovskite solar cells,2017,10.1016/j.jechem.2017.10.005,https://openalex.org/W2766516927,58,True,https://ars.els-cdn.com/content/image/1-s2.0-S2095495617306824-fx1_lrg.jpg,https://doi.org/10.1016/j.jechem.2017.10.005,Journal of Energy Chemistry,search_only
Universal scaling laws for charge-carrier interactions with quantum confinement in lead-halide perovskites,2023,10.1038/s41467-023-35842-4,https://openalex.org/W4316372945,58,True,https://www.nature.com/articles/s41467-023-35842-4.pdf,https://doi.org/10.1038/s41467-023-35842-4,Nature Communications,search_only
Switching Off Hysteresis in Perovskite Solar Cells by Fine‐Tuning Energy Levels of Extraction Layers,2018,10.1002/aenm.201703376,https://openalex.org/W2802989800,58,True,https://onlinelibrary.wiley.com/doi/pdfdirect/10.1002/aenm.201703376,https://doi.org/10.1002/aenm.201703376,Advanced Energy Materials,search_only
Slot-die coated methylammonium-free perovskite solar cells with 18% efficiency,2021,10.1016/j.solmat.2021.111189,https://openalex.org/W3168395325,58,True,https://www.sciencedirect.com/science/article/pii/S0927024821002324,https://doi.org/10.1016/j.solmat.2021.111189,Solar Energy Materials and Solar Cells,search_only
Resolving Mixed Intermediate Phases in Methylammonium-Free Sn–Pb Alloyed Perovskites for High-Performance Solar Cells,2022,10.1007/s40820-022-00918-1,https://openalex.org/W4292176203,58,True,https://link.springer.com/content/pdf/10.1007/s40820-022-00918-1.pdf,https://doi.org/10.1007/s40820-022-00918-1,Nano-Micro Letters,search_only
Strain regulates the photovoltaic performance of thick-film perovskites,2024,10.1038/s41467-024-47019-8,https://openalex.org/W4393094313,57,True,https://www.nature.com/articles/s41467-024-47019-8.pdf,https://doi.org/10.1038/s41467-024-47019-8,Nature Communications,search_only
A flexible capacitive photoreceptor for the biomimetic retina,2022,10.1038/s41377-021-00686-4,https://openalex.org/W4205949979,57,True,https://www.nature.com/articles/s41377-021-00686-4.pdf,https://doi.org/10.1038/s41377-021-00686-4,Light Science & Applications,search_only
Functionalized MXene ink enables environmentally stable printed electronics,2024,10.1038/s41467-024-47700-y,https://openalex.org/W4395073693,57,True,https://www.nature.com/articles/s41467-024-47700-y.pdf,https://doi.org/10.1038/s41467-024-47700-y,Nature Communications,search_only
Monolithically-grained perovskite solar cell with Mortise-Tenon structure for charge extraction balance,2023,10.1038/s41467-023-38926-3,https://openalex.org/W4379207257,57,True,https://www.nature.com/articles/s41467-023-38926-3.pdf,https://doi.org/10.1038/s41467-023-38926-3,Nature Communications,search_only
Recent advancements and perspectives on light management and high performance in perovskite light-emitting diodes,2020,10.1515/nanoph-2021-0033,https://openalex.org/W3148630199,57,True,https://www.degruyter.com/document/doi/10.1515/nanoph-2021-0033/pdf,https://doi.org/10.1515/nanoph-2021-0033,Nanophotonics,search_only
Recent Progress in High‐efficiency Planar‐structure Perovskite Solar Cells,2019,10.1002/eem2.12042,https://openalex.org/W2956050805,57,True,https://onlinelibrary.wiley.com/doi/pdfdirect/10.1002/eem2.12042,https://doi.org/10.1002/eem2.12042,Energy & environment materials,search_only
Blade‐coating Perovskite Films with Diverse Compositions for Efficient Photovoltaics,2020,10.1002/eem2.12118,https://openalex.org/W3047984895,56,True,https://onlinelibrary.wiley.com/doi/pdfdirect/10.1002/eem2.12118,https://doi.org/10.1002/eem2.12118,Energy & environment materials,search_only
Printed flexible thermoelectric materials and devices,2021,10.1039/d1ta03647e,https://openalex.org/W3174139454,56,True,https://pubs.rsc.org/en/content/articlepdf/2021/ta/d1ta03647e,https://doi.org/10.1039/d1ta03647e,Journal of Materials Chemistry A,search_only
"Circular economy for perovskite solar cells – drivers, progress and challenges",2023,10.1039/d3ee00841j,https://openalex.org/W4385273140,56,True,https://pubs.rsc.org/en/content/articlepdf/2023/ee/d3ee00841j,https://doi.org/10.1039/d3ee00841j,Energy & Environmental Science,search_only
Solution-processed colloidal quantum dots for light emission,2022,10.1039/d2ma00375a,https://openalex.org/W4289690882,56,True,https://pubs.rsc.org/en/content/articlepdf/2022/ma/d2ma00375a,https://doi.org/10.1039/d2ma00375a,Materials Advances,search_only
Applications of MXenes in human-like sensors and actuators,2022,10.1007/s12274-022-5272-8,https://openalex.org/W4309821892,56,True,https://link.springer.com/content/pdf/10.1007/s12274-022-5272-8.pdf,https://doi.org/10.1007/s12274-022-5272-8,Nano Research,search_only
Applications of vacuum vapor deposition for perovskite solar cells: A progress review,2022,10.23919/ien.2022.0053,https://openalex.org/W4313598897,56,True,https://ieeexplore.ieee.org/ielx7/9732629/10007897/10007877.pdf,https://doi.org/10.23919/ien.2022.0053,iEnergy,search_only
Scalable Two‐Step Production of High‐Efficiency Perovskite Solar Cells and Modules,2022,10.1002/solr.202200571,https://openalex.org/W4302307215,56,True,https://onlinelibrary.wiley.com/doi/pdfdirect/10.1002/solr.202200571,https://doi.org/10.1002/solr.202200571,Solar RRL,search_only
Optical<i>in situ</i>monitoring during the synthesis of halide perovskite solar cells reveals formation kinetics and evolution of optoelectronic properties,2020,10.1039/d0ta01237h,https://openalex.org/W3023014036,56,True,https://pubs.rsc.org/en/content/articlepdf/2020/ta/d0ta01237h,https://doi.org/10.1039/d0ta01237h,Journal of Materials Chemistry A,search_only
2022 roadmap on 3D printing for energy,2022,10.1088/2515-7655/ac483d,https://openalex.org/W4206395892,55,True,https://iopscience.iop.org/article/10.1088/2515-7655/ac483d/pdf,https://doi.org/10.1088/2515-7655/ac483d,Journal of Physics Energy,search_only
Universal growth of perovskite thin monocrystals from high solute flux for sensitive self-driven X-ray detection,2024,10.1038/s41467-024-46712-y,https://openalex.org/W4392880632,55,True,https://www.nature.com/articles/s41467-024-46712-y.pdf,https://doi.org/10.1038/s41467-024-46712-y,Nature Communications,search_only
Graphene oxide as an additive to improve perovskite film crystallization and morphology for high-efficiency solar cells,2018,10.1039/c7ra12049d,https://openalex.org/W2782307159,55,True,https://pubs.rsc.org/en/content/articlepdf/2018/ra/c7ra12049d,https://doi.org/10.1039/c7ra12049d,RSC Advances,search_only
Multimodal Digital X‐ray Scanners with Synchronous Mapping of Tactile Pressure Distributions using Perovskites,2021,10.1002/adma.202008539,https://openalex.org/W3171323719,54,True,https://onlinelibrary.wiley.com/doi/pdfdirect/10.1002/adma.202008539,https://doi.org/10.1002/adma.202008539,Advanced Materials,search_only
Low‐temperature‐processed metal oxide electron transport layers for efficient planar perovskite solar cells,2021,10.1007/s12598-020-01676-y,https://openalex.org/W3128301057,54,True,https://link.springer.com/content/pdf/10.1007/s12598-020-01676-y.pdf,https://doi.org/10.1007/s12598-020-01676-y,Rare Metals,search_only
Stable and Highly Flexible Perovskite Solar Cells with Power Conversion Efficiency Approaching 20% by Elastic Grain Boundary Encapsulation,2020,10.31635/ccschem.020.202000335,https://openalex.org/W3064170464,54,True,https://www.chinesechemsoc.org/doi/pdf/10.31635/ccschem.020.202000335,https://doi.org/10.31635/ccschem.020.202000335,CCS Chemistry,search_only
Recent progress in perovskite solar cells: the perovskite layer,2020,10.3762/bjnano.11.5,https://openalex.org/W2997763877,54,True,https://www.beilstein-journals.org/bjnano/content/pdf/2190-4286-11-5.pdf,https://doi.org/10.3762/bjnano.11.5,Beilstein Journal of Nanotechnology,search_only
"A Perspective on Perovskite Solar Cells: Emergence, Progress, and Commercialization",2022,10.3389/fchem.2022.802890,https://openalex.org/W4225492233,54,True,https://www.frontiersin.org/articles/10.3389/fchem.2022.802890/pdf,https://doi.org/10.3389/fchem.2022.802890,Frontiers in Chemistry,search_only
Developments on Perovskite Solar Cells (PSCs): A Critical Review,2022,10.3390/app12020672,https://openalex.org/W4206141499,54,True,https://www.mdpi.com/2076-3417/12/2/672/pdf?version=1641887883,https://doi.org/10.3390/app12020672,Applied Sciences,search_only
A General Wet Transferring Approach for Diffusion-Facilitated Space-Confined Grown Perovskite Single-Crystalline Optoelectronic Thin Films,2020,10.1021/acs.nanolett.0c00379,https://openalex.org/W3011140889,54,True,http://ira.lib.polyu.edu.hk/bitstream/10397/100233/1/Ding_General_Wet_Transferring.pdf,http://hdl.handle.net/10397/100233,Nano Letters,search_only
PMMA Thin Film with Embedded Carbon Quantum Dots for Post-Fabrication Improvement of Light Harvesting in Perovskite Solar Cells,2020,10.3390/nano10020291,https://openalex.org/W3005293712,54,True,https://www.mdpi.com/2079-4991/10/2/291/pdf?version=1581232207,https://doi.org/10.3390/nano10020291,Nanomaterials,search_only
Cu/Cu2O nanocomposite films as a p-type modified layer for efficient perovskite solar cells,2018,10.1038/s41598-018-25975-8,https://openalex.org/W2807247491,54,True,https://www.nature.com/articles/s41598-018-25975-8.pdf,https://doi.org/10.1038/s41598-018-25975-8,Scientific Reports,search_only
Progress of interface engineering in perovskite solar cells,2016,10.1007/s40843-016-5094-6,https://openalex.org/W2520006421,54,True,https://link.springer.com/content/pdf/10.1007%2Fs40843-016-5094-6.pdf,https://doi.org/10.1007/s40843-016-5094-6,Science China Materials,search_only
Mixed lead–tin perovskite films with &gt;7 μs charge carrier lifetimes realized by maltol post-treatment,2021,10.1039/d1sc04221a,https://openalex.org/W3202726051,54,True,https://pubs.rsc.org/en/content/articlepdf/2021/sc/d1sc04221a,https://doi.org/10.1039/d1sc04221a,Chemical Science,search_only
Energy Harvesting Under Dim-Light Condition With Dye-Sensitized and Perovskite Solar Cells,2019,10.3389/fchem.2019.00209,https://openalex.org/W2940159174,53,True,https://www.frontiersin.org/articles/10.3389/fchem.2019.00209/pdf,https://doi.org/10.3389/fchem.2019.00209,Frontiers in Chemistry,search_only
Dual-Resistance of Ion Migration and Moisture Erosion via Hydrolytic Crosslinking of Siloxane Functionalized Poly(Ionic Liquids) for Efficient and Stable Perovskite Solar Cells,2022,10.31635/ccschem.022.202201871,https://openalex.org/W4281401772,53,True,,https://doi.org/10.31635/ccschem.022.202201871,CCS Chemistry,search_only
Progress on the Synthesis and Application of CuSCN Inorganic Hole Transport Material in Perovskite Solar Cells,2018,10.3390/ma11122592,https://openalex.org/W2905001091,53,True,https://www.mdpi.com/1996-1944/11/12/2592/pdf?version=1545271740,https://doi.org/10.3390/ma11122592,Materials,search_only
Investigation into the Advantages of Pure Perovskite Film without PbI2 for High Performance Solar Cell,2016,10.1038/srep35994,https://openalex.org/W2543918067,53,True,https://www.nature.com/articles/srep35994.pdf,https://doi.org/10.1038/srep35994,Scientific Reports,search_only
Copper Iodide Interlayer for Improved Charge Extraction and Stability of Inverted Perovskite Solar Cells,2019,10.3390/ma12091406,https://openalex.org/W2943113623,53,True,https://www.mdpi.com/1996-1944/12/9/1406/pdf?version=1556606246,https://doi.org/10.3390/ma12091406,Materials,search_only
Formation of High‐Performance Multi‐Cation Halide Perovskites Photovoltaics by δ‐CsPbI<sub>3</sub>/δ‐RbPbI<sub>3</sub> Seed‐Assisted Heterogeneous Nucleation,2021,10.1002/aenm.202003785,https://openalex.org/W3135946690,53,True,https://onlinelibrary.wiley.com/doi/pdfdirect/10.1002/aenm.202003785,https://doi.org/10.1002/aenm.202003785,Advanced Energy Materials,search_only
Rationally designed universal passivator for high-performance single-junction and tandem perovskite solar cells,2025,10.1038/s41467-025-56068-6,https://openalex.org/W4406447445,53,True,https://www.nature.com/articles/s41467-025-56068-6.pdf,https://doi.org/10.1038/s41467-025-56068-6,Nature Communications,search_only
Exploiting the Transformative Features of Metal Halides for the Synthesis of CsPbBr<sub>3</sub>@SiO<sub>2</sub> Core–Shell Nanocrystals,2021,10.1021/acs.chemmater.1c03749,https://openalex.org/W4200541039,53,True,https://pubs.acs.org/doi/pdf/10.1021/acs.chemmater.1c03749,https://doi.org/10.1021/acs.chemmater.1c03749,Chemistry of Materials,search_only
Ultra-Bright Near-Infrared Perovskite Light-Emitting Diodes with Reduced Efficiency Roll-off,2018,10.1038/s41598-018-33729-9,https://openalex.org/W2897845457,53,True,https://www.nature.com/articles/s41598-018-33729-9.pdf,https://doi.org/10.1038/s41598-018-33729-9,Scientific Reports,search_only
Dopant engineering for ZnO electron transport layer towards efficient perovskite solar cells,2023,10.1039/d3ra04823c,https://openalex.org/W4388777798,52,True,https://pubs.rsc.org/en/content/articlepdf/2023/ra/d3ra04823c,https://doi.org/10.1039/d3ra04823c,RSC Advances,search_only
Direct observation of photoinduced carrier blocking in mixed-dimensional 2D/3D perovskites and the origin,2022,10.1038/s41467-022-33752-5,https://openalex.org/W4306924692,52,True,https://www.nature.com/articles/s41467-022-33752-5.pdf,https://doi.org/10.1038/s41467-022-33752-5,Nature Communications,search_only
High-speed imaging the effect of snap-off distance and squeegee speed on the ink transfer mechanism of screen-printed carbon pastes,2019,10.1007/s11998-019-00291-6,https://openalex.org/W2996297470,52,True,https://link.springer.com/content/pdf/10.1007/s11998-019-00291-6.pdf,https://doi.org/10.1007/s11998-019-00291-6,Journal of Coatings Technology and Research,search_only
Progress towards highly stable and lead-free perovskite solar cells,2018,10.1007/s40243-018-0113-0,https://openalex.org/W2794738851,52,True,https://link.springer.com/content/pdf/10.1007%2Fs40243-018-0113-0.pdf,https://doi.org/10.1007/s40243-018-0113-0,Materials for Renewable and Sustainable Energy,search_only
Modulation of vacancy-ordered double perovskite Cs2SnI6 for air-stable thin-film transistors,2022,10.1016/j.xcrp.2022.100812,https://openalex.org/W4220985379,52,True,https://ars.els-cdn.com/content/image/1-s2.0-S2666386422000820-fx1_lrg.jpg,https://doi.org/10.1016/j.xcrp.2022.100812,Cell Reports Physical Science,search_only
Iodide manipulation using zinc additives for efficient perovskite solar minimodules,2024,10.1038/s41467-024-45649-6,https://openalex.org/W4391821707,52,True,https://www.nature.com/articles/s41467-024-45649-6.pdf,https://doi.org/10.1038/s41467-024-45649-6,Nature Communications,search_only
Manipulating solvent fluidic dynamics for large-area perovskite film-formation and white light-emitting diodes,2024,10.1038/s41467-024-45488-5,https://openalex.org/W4391541150,51,True,https://www.nature.com/articles/s41467-024-45488-5.pdf,https://doi.org/10.1038/s41467-024-45488-5,Nature Communications,search_only
Nanocomposite of nickel oxide nanoparticles and polyethylene oxide as printable hole transport layer for organic solar cells,2019,10.1039/c9se00216b,https://openalex.org/W2938719881,51,True,https://pubs.rsc.org/en/content/articlepdf/2019/se/c9se00216b,https://doi.org/10.1039/c9se00216b,Sustainable Energy & Fuels,search_only
Stretchable alkenamides terminated Ti<sub>3</sub>C<sub>2</sub>T<sub><i>x</i></sub> MXenes to release strain for lattice‐stable mixed‐halide perovskite solar cells with suppressed halide segregation,2023,10.1002/cey2.387,https://openalex.org/W4385644029,51,True,https://onlinelibrary.wiley.com/doi/pdfdirect/10.1002/cey2.387,https://doi.org/10.1002/cey2.387,Carbon Energy,search_only
Recent Progress in Perovskite Solar Cells: Status and Future,2023,10.3390/coatings13030644,https://openalex.org/W4327948861,51,True,https://www.mdpi.com/2079-6412/13/3/644/pdf?version=1679134097,https://doi.org/10.3390/coatings13030644,Coatings,search_only
One-Dimensional Electron Transport Layers for Perovskite Solar Cells,2017,10.3390/nano7050095,https://openalex.org/W2611631135,51,True,https://www.mdpi.com/2079-4991/7/5/95/pdf?version=1493468282,https://doi.org/10.3390/nano7050095,Nanomaterials,search_only
Mixed-Dimensional Naphthylmethylammonium-Methylammonium Lead Iodide Perovskites with Improved Thermal Stability,2020,10.1038/s41598-019-57015-4,https://openalex.org/W3000214163,51,True,https://www.nature.com/articles/s41598-019-57015-4.pdf,https://doi.org/10.1038/s41598-019-57015-4,Scientific Reports,search_only
"A Review on Recyclable Printed Electronics: Fabrication Methods, Inks, Substrates, Applications and Environmental Impacts",2021,10.20944/preprints202106.0017.v1,https://openalex.org/W3195080483,51,True,https://www.preprints.org/manuscript/202106.0017/v1/download,https://doi.org/10.20944/preprints202106.0017.v1,Preprints.org,search_only
Perovskite-transition metal dichalcogenides heterostructures: recent advances and future perspectives,2022,10.29026/oes.2022.220006,https://openalex.org/W4289823421,51,True,https://www.oejournal.org/data/article/export-pdf?id=62ec90b699d88171c95f55ec,https://doi.org/10.29026/oes.2022.220006,Opto-Electronic Science,search_only
Recent Advances in Quantum Dots for Photocatalytic CO2 Reduction: A Mini-Review,2021,10.3389/fchem.2021.734108,https://openalex.org/W3202848635,51,True,https://www.frontiersin.org/articles/10.3389/fchem.2021.734108/pdf,https://doi.org/10.3389/fchem.2021.734108,Frontiers in Chemistry,search_only
Time‐Resolved Orientation and Phase Analysis of Lead Halide Perovskite Film Annealing Probed by In Situ GIWAXS,2022,10.1002/adom.202102722,https://openalex.org/W4226174257,50,True,https://onlinelibrary.wiley.com/doi/pdfdirect/10.1002/adom.202102722,https://doi.org/10.1002/adom.202102722,Advanced Optical Materials,search_only
Non-dissipative internal optical filtering with solution-grown perovskite single crystals for full-colour imaging,2017,10.1038/am.2017.163,https://openalex.org/W2752352231,50,True,https://www.nature.com/articles/am2017163.pdf,https://doi.org/10.1038/am.2017.163,NPG Asia Materials,search_only
High Open‐Circuit Voltage Cs<sub>2</sub>AgBiBr<sub>6</sub> Carbon‐Based Perovskite Solar Cells via Green Processing of Ultrasonic Spray‐Coated Carbon Electrodes from Waste Tire Sources,2022,10.1002/cssc.202201590,https://openalex.org/W4294991413,50,True,https://onlinelibrary.wiley.com/doi/pdfdirect/10.1002/cssc.202201590,https://doi.org/10.1002/cssc.202201590,ChemSusChem,search_only
Role of additives and surface passivation on the performance of perovskite solar cells,2021,10.1007/s40243-021-00206-9,https://openalex.org/W4200057235,50,True,https://link.springer.com/content/pdf/10.1007/s40243-021-00206-9.pdf,https://doi.org/10.1007/s40243-021-00206-9,Materials for Renewable and Sustainable Energy,search_only
Acetonitrile based single step slot-die compatible perovskite ink for flexible photovoltaics,2019,10.1039/c9ra06631d,https://openalex.org/W2984398171,50,True,https://pubs.rsc.org/en/content/articlepdf/2019/ra/c9ra06631d,https://doi.org/10.1039/c9ra06631d,RSC Advances,search_only
Organic cocrystals: the development of ferroelectric properties,2016,10.1007/s40843-016-5049-y,https://openalex.org/W2482637758,49,True,https://link.springer.com/content/pdf/10.1007%2Fs40843-016-5049-y.pdf,https://doi.org/10.1007/s40843-016-5049-y,Science China Materials,search_only
"Recent advances in carbon-based materials for high-performance perovskite solar cells: gaps, challenges and fulfillment",2023,10.1039/d3na00005b,https://openalex.org/W4321209200,49,True,https://pubs.rsc.org/en/content/articlepdf/2023/na/d3na00005b,https://doi.org/10.1039/d3na00005b,Nanoscale Advances,search_only
A multifunctional display based on photo-responsive perovskite light-emitting diodes,2024,10.1038/s41928-024-01151-x,https://openalex.org/W4394691354,49,True,https://www.nature.com/articles/s41928-024-01151-x.pdf,https://doi.org/10.1038/s41928-024-01151-x,Nature Electronics,search_only
Synthesis conditions influencing formation of MAPbBr3 perovskite nanoparticles prepared by the ligand-assisted precipitation method,2020,10.1038/s41598-020-72826-6,https://openalex.org/W3088738423,48,True,https://www.nature.com/articles/s41598-020-72826-6.pdf,https://doi.org/10.1038/s41598-020-72826-6,Scientific Reports,search_only
Strategy for <scp>large‐scale</scp> monolithic <scp>Perovskite</scp>/Silicon tandem solar cell: A review of recent progress,2021,10.1002/eom2.12084,https://openalex.org/W3128126496,48,True,https://onlinelibrary.wiley.com/doi/pdfdirect/10.1002/eom2.12084,https://doi.org/10.1002/eom2.12084,EcoMat,search_only
In-situ growth of low-dimensional perovskite-based insular nanocrystals for highly efficient light emitting diodes,2023,10.1038/s41377-023-01112-7,https://openalex.org/W4323042685,48,True,https://www.nature.com/articles/s41377-023-01112-7.pdf,https://doi.org/10.1038/s41377-023-01112-7,Light Science & Applications,search_only
Energy Harvesting Materials and Structures for Smart Textile Applications: Recent Progress and Path Forward,2021,10.3390/s21186297,https://openalex.org/W3200605617,48,True,https://www.mdpi.com/1424-8220/21/18/6297/pdf?version=1632144072,https://doi.org/10.3390/s21186297,Sensors,search_only
cPCN-Regulated SnO2 Composites Enables Perovskite Solar Cell with Efficiency Beyond 23%,2021,10.1007/s40820-021-00636-0,https://openalex.org/W3165592914,47,True,https://link.springer.com/content/pdf/10.1007/s40820-021-00636-0.pdf,https://doi.org/10.1007/s40820-021-00636-0,Nano-Micro Letters,search_only
Strategies and methods for fabricating high quality metal halide perovskite thin films for solar cells,2021,10.1016/j.jechem.2021.01.001,https://openalex.org/W3120431823,47,True,https://ars.els-cdn.com/content/image/1-s2.0-S2095495621000140-ga1_lrg.jpg,https://doi.org/10.1016/j.jechem.2021.01.001,Journal of Energy Chemistry,search_only
Halide Homogenization for High-Performance Blue Perovskite Electroluminescence,2020,10.34133/2020/9017871,https://openalex.org/W3113490247,47,True,https://downloads.spj.sciencemag.org/research/2020/9017871.pdf,https://doi.org/10.34133/2020/9017871,Research,search_only
Additive Engineering for Stable and Efficient Dion–Jacobson Phase Perovskite Solar Cells,2023,10.1007/s40820-023-01110-9,https://openalex.org/W4377690876,47,True,https://link.springer.com/content/pdf/10.1007/s40820-023-01110-9.pdf,https://doi.org/10.1007/s40820-023-01110-9,Nano-Micro Letters,search_only
Solubility of Hybrid Halide Perovskites in DMF and DMSO,2021,10.3390/molecules26247541,https://openalex.org/W4200264712,47,True,https://www.mdpi.com/1420-3049/26/24/7541/pdf?version=1639392688,https://doi.org/10.3390/molecules26247541,Molecules,search_only
A route towards the fabrication of large-scale and high-quality perovskite films for optoelectronic devices,2022,10.1038/s41598-022-10790-z,https://openalex.org/W4229015884,47,True,https://www.nature.com/articles/s41598-022-10790-z.pdf,https://doi.org/10.1038/s41598-022-10790-z,Scientific Reports,search_only
Beyond 17% stable perovskite solar module via polaron arrangement of tuned polymeric hole transport layer,2020,10.1016/j.nanoen.2020.105685,https://openalex.org/W3111611631,46,True,https://ars.els-cdn.com/content/image/1-s2.0-S2211285520312581-ga1_lrg.jpg,https://doi.org/10.1016/j.nanoen.2020.105685,Nano Energy,search_only
Green solvent engineering for enhanced performance and reproducibility in printed carbon-based mesoscopic perovskite solar cells and modules,2021,10.1039/d1ma00975c,https://openalex.org/W3217037892,46,True,https://pubs.rsc.org/en/content/articlepdf/2022/ma/d1ma00975c,https://doi.org/10.1039/d1ma00975c,Materials Advances,search_only
Impact of microstructure on the electron–hole interaction in lead halide perovskites,2017,10.1039/c7ee00685c,https://openalex.org/W2616144622,46,True,https://pubs.rsc.org/en/content/articlepdf/2017/ee/c7ee00685c,https://doi.org/10.1039/c7ee00685c,Energy & Environmental Science,search_only
Transamidation of dimethylformamide during alkylammonium lead triiodide film formation for perovskite solar cells,2016,10.1557/jmr.2016.272,https://openalex.org/W2479067080,46,True,https://www.cambridge.org/core/services/aop-cambridge-core/content/view/431695D526CAA2CFEDC3AA80B16D8F10/S0884291416002727a.pdf/div-class-title-transamidation-of-dimethylformamide-during-alkylammonium-lead-triiodide-film-formation-for-perovskite-solar-cells-div.pdf,https://doi.org/10.1557/jmr.2016.272,Journal of materials research/Pratt's guide to venture capital sources,search_only
"Silicon heterojunction-based tandem solar cells: past, status, and future prospects",2020,10.1515/nanoph-2021-0034,https://openalex.org/W3163794663,45,True,https://www.degruyter.com/document/doi/10.1515/nanoph-2021-0034/pdf,https://doi.org/10.1515/nanoph-2021-0034,Nanophotonics,search_only
Perovskite solar cell technology scaling‐up: Eco‐efficient and industrially compatible sub‐module manufacturing by fully ambient air slot‐die/blade meniscus coating,2023,10.1002/pip.3741,https://openalex.org/W4388210601,45,True,https://onlinelibrary.wiley.com/doi/pdfdirect/10.1002/pip.3741,https://doi.org/10.1002/pip.3741,Progress in Photovoltaics Research and Applications,search_only
Carrier Blocking Layer Materials and Application in Organic Photodetectors,2021,10.3390/nano11061404,https://openalex.org/W3165588802,45,True,https://www.mdpi.com/2079-4991/11/6/1404/pdf?version=1622022090,https://doi.org/10.3390/nano11061404,Nanomaterials,search_only
Improving Electron Extraction Ability and Device Stability of Perovskite Solar Cells Using a Compatible PCBM/AZO Electron Transporting Bilayer,2018,10.3390/nano8090720,https://openalex.org/W2892372275,45,True,https://www.mdpi.com/2079-4991/8/9/720/pdf?version=1536752871,https://doi.org/10.3390/nano8090720,Nanomaterials,search_only
Chemical Linkage and Passivation at Buried Interface for Thermally Stable Inverted Perovskite Solar Cells with Efficiency over 22%,2022,10.31635/ccschem.022.202202154,https://openalex.org/W4295107396,45,True,,https://doi.org/10.31635/ccschem.022.202202154,CCS Chemistry,search_only
Recent progress of eco-friendly manufacturing process of efficient perovskite solar cells,2023,10.1186/s40580-023-00375-5,https://openalex.org/W4380290539,45,True,https://nanoconvergencejournal.springeropen.com/counter/pdf/10.1186/s40580-023-00375-5,https://doi.org/10.1186/s40580-023-00375-5,Nano Convergence,search_only
Solvent–antisolvent interactions in metal halide perovskites,2023,10.1039/d3cc02090h,https://openalex.org/W4385799310,44,True,https://pubs.rsc.org/en/content/articlepdf/2023/cc/d3cc02090h,https://doi.org/10.1039/d3cc02090h,Chemical Communications,search_only
"Triple-Mesoscopic Carbon Perovskite Solar Cells: Materials, Processing and Applications",2021,10.3390/en14020386,https://openalex.org/W3119765560,43,True,https://www.mdpi.com/1996-1073/14/2/386/pdf?version=1610523717,https://doi.org/10.3390/en14020386,Energies,search_only
Template‐Assisted Formation of High‐Quality α‐Phase HC(NH<sub>2</sub>)<sub>2</sub>PbI<sub>3</sub> Perovskite Solar Cells,2019,10.1002/advs.201901591,https://openalex.org/W2972755303,43,True,https://onlinelibrary.wiley.com/doi/pdfdirect/10.1002/advs.201901591,https://doi.org/10.1002/advs.201901591,Advanced Science,search_only
Controlling Homogenous Spherulitic Crystallization for High‐Efficiency Planar Perovskite Solar Cells Fabricated under Ambient High‐Humidity Conditions,2019,10.1002/smll.201904422,https://openalex.org/W2982149359,43,True,https://onlinelibrary.wiley.com/doi/pdfdirect/10.1002/smll.201904422,https://doi.org/10.1002/smll.201904422,Small,search_only
Recent Advances in Colloidal Quantum Dots or Perovskite Quantum Dots as a Luminescent Downshifting Layer Embedded on Solar Cells,2022,10.3390/nano12060985,https://openalex.org/W4220758836,43,True,https://www.mdpi.com/2079-4991/12/6/985/pdf?version=1647439494,https://doi.org/10.3390/nano12060985,Nanomaterials,search_only
Performance optimization of LSCF/Gd:CeO2 composite cathodes via single-step inkjet printing infiltration,2017,10.1007/s10800-017-1066-1,https://openalex.org/W2603171350,43,True,https://link.springer.com/content/pdf/10.1007%2Fs10800-017-1066-1.pdf,https://doi.org/10.1007/s10800-017-1066-1,Journal of Applied Electrochemistry,search_only
High Quality Inkjet Printed‐Emissive Nanocrystalline Perovskite CsPbBr<sub>3</sub> Layers for Color Conversion Layer and LEDs Applications,2022,10.1002/admt.202101525,https://openalex.org/W4210415694,43,True,https://onlinelibrary.wiley.com/doi/pdfdirect/10.1002/admt.202101525,https://doi.org/10.1002/admt.202101525,Advanced Materials Technologies,search_only
Developing near-infrared quantum-dot light-emitting diodes to mimic synaptic plasticity,2019,10.1007/s40843-019-9437-9,https://openalex.org/W2947822867,42,True,https://link.springer.com/content/pdf/10.1007/s40843-019-9437-9.pdf,https://doi.org/10.1007/s40843-019-9437-9,Science China Materials,search_only
Rational adjustment to interfacial interaction with carbonized polymer dots enabling efficient large-area perovskite light-emitting diodes,2023,10.1038/s41377-023-01150-1,https://openalex.org/W4376643032,42,True,https://www.nature.com/articles/s41377-023-01150-1.pdf,https://doi.org/10.1038/s41377-023-01150-1,Light Science & Applications,search_only
Recent developments in perovskite-based precursor inks for scalable architectures of perovskite solar cell technology,2022,10.1039/d2se00162d,https://openalex.org/W4285206697,42,True,https://pubs.rsc.org/en/content/articlepdf/2022/se/d2se00162d,https://doi.org/10.1039/d2se00162d,Sustainable Energy & Fuels,search_only
Recent Advances and Challenges in Thin-Film Fabrication Techniques for Low-Temperature Solid Oxide Fuel Cells,2023,10.3390/cryst13071008,https://openalex.org/W4382068545,42,True,https://www.mdpi.com/2073-4352/13/7/1008/pdf?version=1687758356,https://doi.org/10.3390/cryst13071008,Crystals,search_only
Naphthalene imide dimer as interface engineering material: An efficient strategy for achieving high-performance perovskite solar cells,2020,10.1016/j.cej.2020.125062,https://openalex.org/W3015684724,41,True,https://www.sciencedirect.com/science/article/pii/S1385894720310548,https://doi.org/10.1016/j.cej.2020.125062,Chemical Engineering Journal,search_only
Recent Progress in 2D/3D Multidimensional Metal Halide Perovskites Solar Cells,2020,10.3389/fmats.2020.601179,https://openalex.org/W3096768301,41,True,https://www.frontiersin.org/articles/10.3389/fmats.2020.601179/pdf,https://doi.org/10.3389/fmats.2020.601179,Frontiers in Materials,search_only
Room temperature nanoparticulate interfacial layers for perovskite solar cells <i>via</i> solvothermal synthesis,2017,10.1039/c7ta03802j,https://openalex.org/W2750740571,41,True,https://pubs.rsc.org/en/content/articlepdf/2017/ta/c7ta03802j,https://doi.org/10.1039/c7ta03802j,Journal of Materials Chemistry A,search_only
Strategies for High-Performance Large-Area Perovskite Solar Cells toward Commercialization,2021,10.3390/cryst11030295,https://openalex.org/W3138752466,41,True,https://www.mdpi.com/2073-4352/11/3/295/pdf?version=1616053873,https://doi.org/10.3390/cryst11030295,Crystals,search_only
Graphene-engineered automated sprayed mesoscopic structure for perovskite device scaling-up,2018,10.1088/2053-1583/aad983,https://openalex.org/W2887422552,40,True,https://iopscience.iop.org/article/10.1088/2053-1583/aad983/pdf,https://doi.org/10.1088/2053-1583/aad983,2D Materials,search_only
Mixed-halide perovskite synthesis by chemical reaction and crystal nucleation under an optical potential,2019,10.1038/s41427-019-0131-0,https://openalex.org/W2954733184,40,True,https://www.nature.com/articles/s41427-019-0131-0.pdf,https://doi.org/10.1038/s41427-019-0131-0,NPG Asia Materials,search_only
Toward high‐efficiency stable 2D/3D perovskite solar cells by incorporating multifunctional CNT:TiO<sub>2</sub> additives into 3D perovskite layer,2022,10.1002/eom2.12166,https://openalex.org/W4206379827,40,True,https://onlinelibrary.wiley.com/doi/pdfdirect/10.1002/eom2.12166,https://doi.org/10.1002/eom2.12166,EcoMat,search_only
"Novel Materials in Perovskite Solar Cells: Efficiency, Stability, and Future Perspectives",2023,10.3390/nano13111724,https://openalex.org/W4378227681,40,True,https://www.mdpi.com/2079-4991/13/11/1724/pdf?version=1684994008,https://doi.org/10.3390/nano13111724,Nanomaterials,search_only
Using Soft Polymer Template Engineering of Mesoporous TiO<sub>2</sub> Scaffolds to Increase Perovskite Grain Size and Solar Cell Efficiency,2020,10.1021/acsami.0c02248,https://openalex.org/W3014191866,40,True,https://pubs.acs.org/doi/pdf/10.1021/acsami.0c02248,https://doi.org/10.1021/acsami.0c02248,ACS Applied Materials & Interfaces,search_only
High-throughput surface preparation for flexible slot die coated perovskite solar cells,2017,10.1016/j.orgel.2017.12.027,https://openalex.org/W2779696987,40,True,https://ars.els-cdn.com/content/image/1-s2.0-S1566119917306237-fx1_lrg.jpg,https://doi.org/10.1016/j.orgel.2017.12.027,Organic Electronics,search_only
All-Inorganic Perovskite Solar Cells: Recent Advancements and Challenges,2022,10.3390/nano12101651,https://openalex.org/W4280636605,39,True,https://www.mdpi.com/2079-4991/12/10/1651/pdf?version=1652353469,https://doi.org/10.3390/nano12101651,Nanomaterials,search_only
Eco‐friendly perovskite solar cells: From materials design to device processing and recycling,2023,10.1002/eom2.12352,https://openalex.org/W4366998404,39,True,https://onlinelibrary.wiley.com/doi/pdfdirect/10.1002/eom2.12352,https://doi.org/10.1002/eom2.12352,EcoMat,search_only
Iodine Modulates the MACl‐Assisted Growth of FAPbI<sub>3</sub> for High Efficiency Perovskite Solar Cells,2024,10.1002/aenm.202400500,https://openalex.org/W4394786497,39,True,https://onlinelibrary.wiley.com/doi/pdfdirect/10.1002/aenm.202400500,https://doi.org/10.1002/aenm.202400500,Advanced Energy Materials,search_only
A universal all-solid synthesis for high throughput production of halide perovskite,2022,10.1038/s41467-022-35122-7,https://openalex.org/W4310633711,38,True,https://www.nature.com/articles/s41467-022-35122-7.pdf,https://doi.org/10.1038/s41467-022-35122-7,Nature Communications,search_only
Life cycle assessment of inkjet printed perovskite solar cells,2022,10.1016/j.jclepro.2022.133665,https://openalex.org/W4292396068,38,True,https://ars.els-cdn.com/content/image/1-s2.0-S0959652622032437-ga1_lrg.jpg,https://doi.org/10.1016/j.jclepro.2022.133665,Journal of Cleaner Production,search_only
Research Progress of Green Solvent in CsPbBr3 Perovskite Solar Cells,2023,10.3390/nano13060991,https://openalex.org/W4323842689,38,True,https://www.mdpi.com/2079-4991/13/6/991/pdf?version=1678354053,https://doi.org/10.3390/nano13060991,Nanomaterials,search_only
"Major Impediment to Highly Efficient, Stable and Low-Cost Perovskite Solar Cells",2018,10.3390/met8110964,https://openalex.org/W2900951579,37,True,https://www.mdpi.com/2075-4701/8/11/964/pdf?version=1542627031,https://doi.org/10.3390/met8110964,Metals,search_only
Carrier photodynamics in 2D perovskites with solution-processed silver and graphene contacts for bendable optoelectronics,2021,10.1038/s41699-021-00214-3,https://openalex.org/W3136020866,37,True,https://www.nature.com/articles/s41699-021-00214-3.pdf,https://doi.org/10.1038/s41699-021-00214-3,npj 2D Materials and Applications,search_only
Electron-enriched thione enables strong Pb–S interaction for stabilizing high quality CsPbI<sub>3</sub> perovskite films with low-temperature processing,2020,10.1039/c9sc06574a,https://openalex.org/W3006349428,37,True,https://pubs.rsc.org/en/content/articlepdf/2020/sc/c9sc06574a,https://doi.org/10.1039/c9sc06574a,Chemical Science,search_only
Droplet Manipulation and Crystallization Regulation in Inkjet-Printed Perovskite Film Formation,2022,10.31635/ccschem.022.202101583,https://openalex.org/W4206560957,35,True,,https://doi.org/10.31635/ccschem.022.202101583,CCS Chemistry,search_only
Advanced Strategies to Tailor the Nucleation and Crystal Growth in Hybrid Halide Perovskite Thin Films,2022,10.3389/fchem.2022.842924,https://openalex.org/W4224101315,35,True,https://www.frontiersin.org/articles/10.3389/fchem.2022.842924/pdf,https://doi.org/10.3389/fchem.2022.842924,Frontiers in Chemistry,search_only
"Opportunities, Challenges, and Strategies for Scalable Deposition of Metal Halide Perovskite Solar Cells and Modules",2024,10.1002/aesr.202300275,https://openalex.org/W4393182226,33,True,https://onlinelibrary.wiley.com/doi/pdfdirect/10.1002/aesr.202300275,https://doi.org/10.1002/aesr.202300275,Advanced Energy and Sustainability Research,search_only
Review on flexible perovskite photodetector: processing and applications,2023,10.1007/s11465-023-0749-z,https://openalex.org/W4384073865,33,True,https://link.springer.com/content/pdf/10.1007/s11465-023-0749-z.pdf,https://doi.org/10.1007/s11465-023-0749-z,Frontiers of Mechanical Engineering,search_only
20.8% slot-die coated MAPbI3 perovskite solar cells by optimal DMSO-content and age of 2-ME based precursor inks,2020,10.21203/rs.3.rs-93765/v1,https://openalex.org/W4242375312,33,True,https://www.researchsquare.com/article/rs-93765/v1.pdf?c=1603247062000,https://doi.org/10.21203/rs.3.rs-93765/v1,,pdf_downloaded
Development of Greener and Stable Inkjet‐Printable Perovskite Precursor Inks for All‐Printed Annealing‐Free Perovskite Solar Mini‐Modules Manufacturing,2023,10.1002/smtd.202300664,https://openalex.org/W4382502101,32,True,https://onlinelibrary.wiley.com/doi/pdfdirect/10.1002/smtd.202300664,https://doi.org/10.1002/smtd.202300664,Small Methods,candidate
Selection of the ultimate perovskite solar cell materials and fabrication processes towards its industrialization: A review,2022,10.1002/ese3.1084,https://openalex.org/W4213453666,31,True,https://onlinelibrary.wiley.com/doi/pdfdirect/10.1002/ese3.1084,https://doi.org/10.1002/ese3.1084,Energy Science & Engineering,search_only
One-Step Blade Coating of Inverted Double-Cation Perovskite Solar Cells from a Green Precursor Solvent,2021,10.1021/acsaem.1c02425,https://openalex.org/W3201699960,29,True,,https://zenodo.org/record/5546583,ACS Applied Energy Materials,search_only
Stable Metal–Halide Perovskite Colloids in Protic Ionic Liquid,2022,10.31635/ccschem.022.202101629,https://openalex.org/W4210773545,28,True,,https://doi.org/10.31635/ccschem.022.202101629,CCS Chemistry,search_only
Perovskites on Ice: An Additive‐Free Approach to Increase the Shelf‐Life of Triple‐Cation Perovskite Precursor Solutions,2021,10.1002/cssc.202100332,https://openalex.org/W4230334828,28,True,https://onlinelibrary.wiley.com/doi/pdfdirect/10.1002/cssc.202100332,https://doi.org/10.1002/cssc.202100332,ChemSusChem,search_only
Gap States in Methylammonium Lead Halides: The Link to Dimethylsulfoxide?,2020,10.1002/adma.202003482,https://openalex.org/W3083173233,26,True,,https://www.osti.gov/biblio/1804149,Advanced Materials,search_only
Optical Fingerprints of Polynuclear Complexes in Lead Halide Perovskite Precursor Solutions,2021,10.1021/acs.jpclett.0c03741,https://openalex.org/W3134154414,24,True,https://arxiv.org/pdf/2012.08440,http://arxiv.org/abs/2012.08440,The Journal of Physical Chemistry Letters,search_only
Functional Materials for Fabrication of Carbon-Based Perovskite Solar Cells: Ink Formulation and Its Effect on Solar Cell Performance,2023,10.3390/ma16113917,https://openalex.org/W4378072293,21,True,https://www.mdpi.com/1996-1944/16/11/3917/pdf?version=1684921117,https://doi.org/10.3390/ma16113917,Materials,search_only
<i>D</i> <sup> 6 <i>h</i> </sup> Symmetric Radical Donor–Acceptor Nanographene Modulated Interfacial Carrier Transfer for High-Performance Perovskite Solar Cells,2022,10.31635/ccschem.022.202202433,https://openalex.org/W4309462874,15,True,,https://doi.org/10.31635/ccschem.022.202202433,CCS Chemistry,search_only
Understanding the Interfaces between Triple-Cation Perovskite and Electron or Hole Transporting Material,2020,10.1021/acsami.0c07095,https://openalex.org/W3034013536,14,True,,https://doi.org/10.1021/acsami.0c07095,ACS Applied Materials & Interfaces,search_only
Decoupling Nucleation and Growth of Crystal for DMSO‐Free Self‐Assembly Tin Perovskite Films and Their Optoelectronic Application,2025,10.1002/adfm.202420593,https://openalex.org/W4406271981,14,True,https://onlinelibrary.wiley.com/doi/pdfdirect/10.1002/adfm.202420593,https://doi.org/10.1002/adfm.202420593,Advanced Functional Materials,search_only
A Stable Aqueous SnO2 Nanoparticle Dispersion for Roll-to-Roll Fabrication of Flexible Perovskite Solar Cells,2022,10.3390/coatings12121948,https://openalex.org/W4312125834,13,True,https://www.mdpi.com/2079-6412/12/12/1948/pdf?version=1670832253,https://doi.org/10.3390/coatings12121948,Coatings,search_only
Partial Replacement of Dimethylformamide with Less Toxic Solvents in the Fabrication Process of Mixed-Halide Perovskite Films,2023,10.3390/coatings13020378,https://openalex.org/W4319598549,13,True,https://www.mdpi.com/2079-6412/13/2/378/pdf?version=1677115758,https://doi.org/10.3390/coatings13020378,Coatings,search_only
Green Solvent Enabled Perovskite Ink for Ambient‐Air‐Processed Efficient Inkjet‐Printed Perovskite Solar Cells,2025,10.1002/adfm.202503717,https://openalex.org/W4409810712,12,True,,https://doi.org/10.1002/adfm.202503717,Advanced Functional Materials,search_only
Hysteresis data of planar perovskite solar cells fabricated with different solvents,2017,10.1016/j.dib.2017.11.064,https://openalex.org/W2769080257,12,True,,https://doi.org/10.1016/j.dib.2017.11.064,Data in Brief,search_only
Co-Solvent Controllable Engineering of MA0.5FA0.5Pb0.8Sn0.2I3 Lead–Tin Mixed Perovskites for Inverted Perovskite Solar Cells with Improved Stability,2020,10.3390/en13102438,https://openalex.org/W3024172920,11,True,https://www.mdpi.com/1996-1073/13/10/2438/pdf,https://doi.org/10.3390/en13102438,Energies,search_only
Patterning of Hybrid Metal Halide Perovskite via Printed Molecular Templates,2024,10.1002/admt.202302043,https://openalex.org/W4392703694,9,True,https://onlinelibrary.wiley.com/doi/pdfdirect/10.1002/admt.202302043,https://doi.org/10.1002/admt.202302043,Advanced Materials Technologies,search_only
A synopsis of progressive transition in precursor inks development for metal halide perovskites-based photovoltaic technology,2021,10.1039/d1ta06556d,https://openalex.org/W3199216343,9,True,https://pubs.rsc.org/en/content/articlepdf/2021/ta/d1ta06556d,https://doi.org/10.1039/d1ta06556d,Journal of Materials Chemistry A,search_only
Solvent engineering enables tin-lead perovskite films with long carrier diffusion lengths and reduced tin segregation,2025,10.1038/s41467-025-63532-w,https://openalex.org/W4413804568,9,True,https://www.nature.com/articles/s41467-025-63532-w.pdf,https://doi.org/10.1038/s41467-025-63532-w,Nature Communications,search_only
Formamidinium Perovskite Deposition in Ambient Air Environment for Inverted p-i-n Solar Cells,2024,10.3390/nano14010107,https://openalex.org/W4390507143,9,True,https://www.mdpi.com/2079-4991/14/1/107/pdf?version=1704176166,https://doi.org/10.3390/nano14010107,Nanomaterials,search_only
"Transformation, reaction and organization of functional nanostructures using solution-based microreactor-assisted nanomaterial deposition for solar photovoltaics",2022,10.1557/s43581-022-00035-x,https://openalex.org/W4286615867,8,True,https://link.springer.com/content/pdf/10.1557/s43581-022-00035-x.pdf,https://doi.org/10.1557/s43581-022-00035-x,MRS Energy & Sustainability,search_only
Pb-free perovskite solar cells composed of Sn/Ge(1:1) alloyed perovskite layer prepared by spin-coating,2023,10.35848/1882-0786/acbf02,https://openalex.org/W4321766015,8,True,,http://dx.doi.org/10.35848/1882-0786/acbf02,Applied Physics Express,search_only
A Framework for Life Cycle Assessment (LCA) of Emerging Technologies at Low Technology Readiness Levels,2020,,https://openalex.org/W3031694703,6,True,https://tigerprints.clemson.edu/cgi/viewcontent.cgi?article=3646&context=all_dissertations,https://tigerprints.clemson.edu/all_dissertations/2641,TigerPrints (Clemson University),search_only
Development of High-Efficiency and High-Stability Perovskite Solar Cells with Space Environmental Resistance,2025,10.3390/en18133378,https://openalex.org/W4411709942,6,True,https://www.mdpi.com/1996-1073/18/13/3378/pdf?version=1751011688,https://doi.org/10.3390/en18133378,Energies,search_only
Weakening Solvent‐Solute Interactions for High‐Efficiency Screen‐Printed Perovskite Solar Cells,2025,10.1002/anie.202501350,https://openalex.org/W4407371774,6,True,https://onlinelibrary.wiley.com/doi/pdfdirect/10.1002/anie.202501350,https://doi.org/10.1002/anie.202501350,Angewandte Chemie International Edition,search_only
Preferentially coordinating tin ions to suppress composition segregation for high-performance tin-lead mixed perovskite solar cells,2024,10.1016/j.nanoen.2024.110248,https://openalex.org/W4402404124,6,True,https://pure-oai.bham.ac.uk/ws/files/237505065/Manuscript-final.pdf,https://research.birmingham.ac.uk/en/publications/ea9605c3-f3aa-42fd-ac0d-4df0ac7bd3cf,Nano Energy,search_only
Photovoltaics literature survey (no. 141),2018,10.1002/pip.2995,https://openalex.org/W2793587798,5,True,https://onlinelibrary.wiley.com/doi/pdfdirect/10.1002/pip.2995,https://doi.org/10.1002/pip.2995,Progress in Photovoltaics Research and Applications,search_only
Over a Decade of Progress in Metal‐Halide Perovskite Light‐Emitting Diodes,2025,10.1002/adma.202508542,https://openalex.org/W4411714068,5,True,https://onlinelibrary.wiley.com/doi/pdfdirect/10.1002/adma.202508542,https://doi.org/10.1002/adma.202508542,Advanced Materials,search_only
Reusable Chemically Micropatterned Substrates via Sequential Photoinitiated Thiol–Ene Reactions as a Template for Perovskite Thin-Film Microarrays,2019,10.1021/acsaelm.9b00475,https://openalex.org/W2980687315,5,True,,https://www.ncbi.nlm.nih.gov/pmc/articles/7442211,ACS Applied Electronic Materials,search_only
High‐Quality Lead Acetate–Based Ruddlesden–Popper Perovskite Films for Efficient Solar Cells,2023,10.1002/solr.202300111,https://openalex.org/W4366597156,5,True,https://onlinelibrary.wiley.com/doi/pdfdirect/10.1002/solr.202300111,https://doi.org/10.1002/solr.202300111,Solar RRL,search_only
An intermediate phase stability for high performance of perovskite solar cells,2021,10.1016/j.matt.2021.10.014,https://openalex.org/W3209514033,5,True,http://www.cell.com/article/S2590238521005130/pdf,https://doi.org/10.1016/j.matt.2021.10.014,Matter,search_only
Comparative study of the optical and structure characteristics of CH3NH3PbI3: DMSO perovskite films with and without chlorobenzene,2021,10.1016/j.rinp.2021.104642,https://openalex.org/W3188315552,5,True,,https://doi.org/10.1016/j.rinp.2021.104642,Results in Physics,search_only
A High‐Throughput Approach to Identifying Environment‐Friendly Artificial Antisolvents for Efficient Perovskite Solar Cells,2025,10.1002/adma.202504602,https://openalex.org/W4409810745,4,True,https://onlinelibrary.wiley.com/doi/pdfdirect/10.1002/adma.202504602,https://doi.org/10.1002/adma.202504602,Advanced Materials,search_only
Advances in Perovskite Optoelectronics: Bridging the Gap Between Laboratory and Fabrication,2020,10.1002/aenm.202000393,https://openalex.org/W3015367467,4,True,,https://hdl.handle.net/10550/76343,Advanced Energy Materials,search_only
Intermediate Phase Modulation via Bifunctional Molecular Additive for High‐Performance Quasi‐2D Perovskite Photodetectors,2024,10.1002/adfm.202412965,https://openalex.org/W4403109697,4,True,https://onlinelibrary.wiley.com/doi/pdfdirect/10.1002/adfm.202412965,https://doi.org/10.1002/adfm.202412965,Advanced Functional Materials,search_only
Scalable Fabrication of Perovskite Solar Cells with Inkjet-Printed Perovskite Absorbers Processed under Ambient Conditions,2025,10.1021/acsami.4c20567,https://openalex.org/W4409919921,4,True,,https://doi.org/10.1021/acsami.4c20567,ACS Applied Materials & Interfaces,search_only
Phase Behavior and Role of Organic Additives for Self-Doped CsPbI3 Perovskite Semiconductor Thin Films,2023,10.3390/mi14081601,https://openalex.org/W4385796102,4,True,https://www.mdpi.com/2072-666X/14/8/1601/pdf?version=1692008655,https://doi.org/10.3390/mi14081601,Micromachines,search_only
Deleterious Effects of Halides and Solvents on the Integrity of Copper Iodide Hole Extraction Layers in Hybrid Perovskite Photovoltaics,2021,10.26434/chemrxiv-2021-4nmd7,https://openalex.org/W4200254808,3,True,https://chemrxiv.org/engage/api-gateway/chemrxiv/assets/orp/resource/item/61bb9c71a53f1b65389e59e0/original/deleterious-effects-of-halides-and-solvents-on-the-integrity-of-copper-iodide-hole-extraction-layers-in-hybrid-perovskite-photovoltaics.pdf,https://doi.org/10.26434/chemrxiv-2021-4nmd7,,search_only
Photovoltaics literature survey (No. 156),2020,10.1002/pip.3238,https://openalex.org/W3002029386,3,True,https://onlinelibrary.wiley.com/doi/pdfdirect/10.1002/pip.3238,https://doi.org/10.1002/pip.3238,Progress in Photovoltaics Research and Applications,search_only
Alder‐Ene Reaction‐Mediated Suppression of Tin(II) Oxidation for Efficient Tin‐Lead Perovskite Solar Cells,2024,10.1002/anie.202409072,https://openalex.org/W4401030098,3,True,https://onlinelibrary.wiley.com/doi/pdfdirect/10.1002/anie.202409072,https://doi.org/10.1002/anie.202409072,Angewandte Chemie International Edition,search_only
Review of Progress on Printing Techniques Towards Commercialization of Perovskite Solar Cells,2024,10.3390/en18010006,https://openalex.org/W4405759966,3,True,https://www.mdpi.com/1996-1073/18/1/6/pdf?version=1735031906,https://doi.org/10.3390/en18010006,Energies,search_only
Hybrid Perovskite Thin Film Formation: From Lab Scale Spin Coating to Large Area Blade Coating,2017,10.25781/kaust-0j4d8,https://openalex.org/W2789198884,3,True,http://hdl.handle.net/10754/627190,http://hdl.handle.net/10754/627190,King Abdullah University of Science and Technology Repository (King Abdullah University of Science and Technology),search_only
Study on the enhancement of device performance by the action of carbonohydrazide at the buried bottom interface of inverted mesoporous perovskite solar cells,2024,10.1016/j.mseb.2024.117751,https://openalex.org/W4403077234,3,True,,https://doi.org/10.1016/j.mseb.2024.117751,Materials Science and Engineering B,search_only
Synergistic Crystallization and Passivation by a Single Molecular Additive for High Performance Perovskite Solar Cells,2021,10.2139/ssrn.3971150,https://openalex.org/W4205259945,2,True,,https://doi.org/10.2139/ssrn.3971150,SSRN Electronic Journal,search_only
PEROVSKITE SOLAR CELLS AND THEIR TYPES,2025,10.71146/kjmr202,https://openalex.org/W4406437252,2,True,https://kjmr.com.pk/kjmr/article/download/202/214,https://doi.org/10.71146/kjmr202,Kashf Journal of Multidisciplinary Research,search_only
Rapid annealing of Perovskite solar cell thin film materials through intense pulse light.,2021,10.18297/etd/3688,https://openalex.org/W4300980863,2,True,https://ir.library.louisville.edu/cgi/viewcontent.cgi?article=4941&context=etd,https://doi.org/10.18297/etd/3688,,search_only
Substitution of DMSO for Stabilized Perovskite Solar Cells with Extended Process Window,2025,10.1002/adfm.202508262,https://openalex.org/W4411620670,2,True,https://onlinelibrary.wiley.com/doi/pdfdirect/10.1002/adfm.202508262,https://doi.org/10.1002/adfm.202508262,Advanced Functional Materials,search_only
Alder‐Ene Reaction‐Mediated Suppression of Tin(II) Oxidation for Efficient Tin‐Lead Perovskite Solar Cells,2024,10.1002/ange.202409072,https://openalex.org/W4401030807,1,True,https://onlinelibrary.wiley.com/doi/pdfdirect/10.1002/ange.202409072,https://doi.org/10.1002/ange.202409072,Angewandte Chemie,search_only
Predicting Low Toxicity and Scalable Solvent Systems for High Speed Roll-to-Roll Perovskite Manufacturing,2020,10.26434/chemrxiv.13221851,https://openalex.org/W4250662814,1,True,,https://doi.org/10.26434/chemrxiv.13221851,,search_only
Photovoltaics literature survey (No. 143),2018,10.1002/pip.3019,https://openalex.org/W2799650926,1,True,https://onlinelibrary.wiley.com/doi/pdfdirect/10.1002/pip.3019,https://doi.org/10.1002/pip.3019,Progress in Photovoltaics Research and Applications,search_only
Solvent Engineering and Molecular Doping Synergistically Boost CsPbIBr2 Solar Cell Efficiency,2025,10.3390/coatings15040448,https://openalex.org/W4409334750,1,True,https://www.mdpi.com/2079-6412/15/4/448/pdf?version=1744280008,https://doi.org/10.3390/coatings15040448,Coatings,search_only
Cu <sub>2</sub> O/Cu Chiral Catalysts for Highly Selective Solar‐Assisted CO <sub>2</sub> ‐to‐CO Electroreduction,2025,10.1002/adfm.202508577,https://openalex.org/W4411570281,1,True,https://onlinelibrary.wiley.com/doi/pdfdirect/10.1002/adfm.202508577,https://doi.org/10.1002/adfm.202508577,Advanced Functional Materials,search_only
In-situ grazing-incidence X-ray diffraction data of the crystallization process of organic-inorganic methylammonium lead bromide perovskite (MAPbBr3) via employing an isopropanol antisolvent. Raw Data,2022,10.5281/zenodo.6683617,https://openalex.org/W4393538030,1,True,,https://doi.org/10.5281/zenodo.6683617,Zenodo (CERN European Organization for Nuclear Research),search_only
Reactive Anti-Solvent Engineering via Kornblum Reaction for Controlled Crystallization in (FA0.83MA0.17Cs0.05)Pb(I0.85Br0.15)3 Perovskite Solar Cells,2025,10.3390/inorganics13090295,https://openalex.org/W4413885103,1,True,https://www.mdpi.com/2304-6740/13/9/295/pdf?version=1756721237,https://doi.org/10.3390/inorganics13090295,Inorganics,search_only
Predicting Low Toxicity and Scalable Solvent Systems for High Speed Roll-to-Roll Perovskite Manufacturing,2020,10.26434/chemrxiv.13221851.v1,https://openalex.org/W4230337975,1,True,https://chemrxiv.org/engage/api-gateway/chemrxiv/assets/orp/resource/item/60c773d30f50db724a39881a/original/predicting-low-toxicity-and-scalable-solvent-systems-for-high-speed-roll-to-roll-perovskite-manufacturing.pdf,https://doi.org/10.26434/chemrxiv.13221851.v1,,search_only
N-Methyl-2-Pyrrolidone Driven Solvent Engineering of Hybrid Perovskite Solar Cells Fabricated Under Air Ambient Conditions,2023,10.2139/ssrn.4602509,https://openalex.org/W4387648708,1,True,,http://dx.doi.org/10.2139/ssrn.4602509,SSRN Electronic Journal,search_only
Predicting Low Toxicity and Scalable Solvent Systems for High Speed Roll-to-Roll Perovskite Manufacturing,2021,10.26434/chemrxiv.13221851.v2,https://openalex.org/W4249485784,1,True,https://chemrxiv.org/engage/api-gateway/chemrxiv/assets/orp/resource/item/60c774160f50dba93a398825/original/predicting-low-toxicity-and-scalable-solvent-systems-for-high-speed-roll-to-roll-perovskite-manufacturing.pdf,https://doi.org/10.26434/chemrxiv.13221851.v2,,search_only
Novel processing approaches for thin film solar and related technologies.,2017,10.18297/etd/2792,https://openalex.org/W2762471880,0,True,https://ir.library.louisville.edu/cgi/viewcontent.cgi?article=3868&context=etd,https://doi.org/10.18297/etd/2792,,search_only
Exploring various electrocatalysts and synthesis techniques in the context of the hydrogen evolution reaction,2023,10.31274/td-20240617-333,https://openalex.org/W4399729791,0,True,https://dr.lib.iastate.edu/bitstreams/381522f5-f024-4d19-b4cf-01ddcb22c31e/download,http://dx.doi.org/10.31274/td-20240617-333,,search_only
Observation of crystal formation of halide perovskite thin film by wide angle X-ray scattering,2018,,https://openalex.org/W2885109488,0,True,http://etheses.whiterose.ac.uk/21245/1/Thesis%20after%20corrections.pdf,,"White Rose eTheses Online (University of Leeds, The University of Sheffield, University of York)",search_only
Direct ink writing for electroresponsive human machine interfaces,2021,10.32657/10356/154172,https://openalex.org/W4206333577,0,True,https://dr.ntu.edu.sg/bitstream/10356/154172/2/DIW%20for%20Electroresponsive%20HMIs%20-%20Pethe%20S.D.%20M.Eng.%20Thesis.pdf,https://doi.org/10.32657/10356/154172,,search_only
Printable Electrochemical Biosensors for the Detection of Neurotransmitter and Other Biological Molecule,2020,10.25394/pgs.12743957.v1,https://openalex.org/W3046864841,0,True,https://figshare.com/articles/thesis/Printable_Electrochemical_Biosensors_for_the_Detection_of_Neurotransmitter_and_Other_Biological_Molecule/12743957,,Figshare,search_only
