title,year,doi,openalex_id,cited_by,is_oa,pdf_url,landing_url,venue,doi_key,title_norm,citation_score,recency_score,kw_score_raw,kw_score,gold_probability,cluster3_probability,ml_match_gold,ml_match_cluster,ml_score_gold,ml_score_cluster3,ml_score_total,final_score,pdf_file,status,final_url
Universal passivation strategy to slot-die printed SnO2 for hysteresis-free efficient flexible perovskite solar module,2018,10.1038/s41467-018-07099-9,https://openalex.org/W2898941509,804,True,https://www.nature.com/articles/s41467-018-07099-9.pdf,https://doi.org/10.1038/s41467-018-07099-9,Nature Communications,10.1038s41467-018-07099-9,universal passivation strategy to slot die printed sno2 for hysteresis free efficient flexible perovskite solar module,33.45421138709282,0.3,4.0,8.0,0.8480702565169255,0.7607945184862706,doi_key,doi_key,10.176843078203106,6.086356147890164,16.26319922609327,58.01741061318609,C:\Users\inkjet\perovskite_ink_scraper\pdfs\2018_10.1038s41467-018-07099-9_Universal_passivation_strategy_to_slot-die_printed_SnO2_for_hysteresis-free_efficient_flexible_perovskite_sol.pdf,downloaded_pdf,https://www.nature.com/articles/s41467-018-07099-9.pdf
High-quality bulk hybrid perovskite single crystals within minutes by inverse temperature crystallization,2015,10.1038/ncomms8586,https://openalex.org/W773815729,1843,True,https://www.nature.com/articles/ncomms8586.pdf,https://doi.org/10.1038/ncomms8586,Nature Communications,10.1038ncomms8586,high quality bulk hybrid perovskite single crystals within minutes by inverse temperature crystallization,37.59846202058269,0.0,0.0,0.0,0.9322101834216026,0.6501844697587964,doi_key,doi_key,11.18652220105923,5.201475758070371,16.3879979591296,53.98645997971229,C:\Users\inkjet\perovskite_ink_scraper\pdfs\2015_10.1038ncomms8586_High-quality_bulk_hybrid_perovskite_single_crystals_within_minutes_by_inverse_temperature_crystallization.pdf,downloaded_pdf,https://www.nature.com/articles/ncomms8586.pdf
High efficiency planar-type perovskite solar cells with negligible hysteresis using EDTA-complexed SnO2,2018,10.1038/s41467-018-05760-x,https://openalex.org/W2885088646,1367,True,https://www.nature.com/articles/s41467-018-05760-x.pdf,https://doi.org/10.1038/s41467-018-05760-x,Nature Communications,10.1038s41467-018-05760-x,high efficiency planar type perovskite solar cells with negligible hysteresis using edta complexed sno2,36.10552549091248,0.3,0.0,0.0,0.9181199798419922,0.7572022922560828,doi_key,doi_key,11.017439758103906,6.057618338048663,17.075058096152567,53.48058358706504,C:\Users\inkjet\perovskite_ink_scraper\pdfs\2018_10.1038s41467-018-05760-x_High_efficiency_planar-type_perovskite_solar_cells_with_negligible_hysteresis_using_EDTA-complexed_SnO2.pdf,downloaded_pdf,https://www.nature.com/articles/s41467-018-05760-x.pdf
Strain engineering in perovskite solar cells and its impacts on carrier dynamics,2019,10.1038/s41467-019-08507-4,https://openalex.org/W2912153941,974,True,https://www.nature.com/articles/s41467-019-08507-4.pdf,https://doi.org/10.1038/s41467-019-08507-4,Nature Communications,10.1038s41467-019-08507-4,strain engineering in perovskite solar cells and its impacts on carrier dynamics,34.41218735498924,0.4,0.0,0.0,0.8731812587137943,0.9446767810323912,doi_key,doi_key,10.478175104565532,7.557414248259129,18.035589352824665,52.84777670781389,C:\Users\inkjet\perovskite_ink_scraper\pdfs\2019_10.1038s41467-019-08507-4_Strain_engineering_in_perovskite_solar_cells_and_its_impacts_on_carrier_dynamics.pdf,downloaded_pdf,https://www.nature.com/articles/s41467-019-08507-4.pdf
Van der Waals integration before and beyond two-dimensional materials,2019,10.1038/s41586-019-1013-x,https://openalex.org/W2925217409,1442,True,https://www.nature.com/articles/s41586-019-1013-x.pdf,https://doi.org/10.1038/s41586-019-1013-x,Nature,10.1038s41586-019-1013-x,van der waals integration before and beyond two dimensional materials,36.37239779386936,0.4,0.0,0.0,0.7018406323443479,0.5197969788284573,doi_key,doi_key,8.422087588132175,4.158375830627659,12.580463418759834,49.35286121262919,C:\Users\inkjet\perovskite_ink_scraper\pdfs\2019_10.1038s41586-019-1013-x_Van_der_Waals_integration_before_and_beyond_two-dimensional_materials.pdf,downloaded_pdf,https://www.nature.com/articles/s41586-019-1013-x.pdf
Efficient green light-emitting diodes based on quasi-two-dimensional composition and phase engineered perovskite with surface passivation,2018,10.1038/s41467-018-02978-7,https://openalex.org/W2800279715,979,True,https://www.nature.com/articles/s41467-018-02978-7.pdf,https://doi.org/10.1038/s41467-018-02978-7,Nature Communications,10.1038s41467-018-02978-7,efficient green light emitting diodes based on quasi two dimensional composition and phase engineered perovskite with surface passivation,34.43776285832308,0.3,0.0,0.0,0.8415704393472043,0.5164842468366303,doi_key,doi_key,10.098845272166452,4.131873974693042,14.230719246859492,48.968482105182574,C:\Users\inkjet\perovskite_ink_scraper\pdfs\2018_10.1038s41467-018-02978-7_Efficient_green_light-emitting_diodes_based_on_quasi-two-dimensional_composition_and_phase_engineered_perovsk.pdf,downloaded_pdf,https://www.nature.com/articles/s41467-018-02978-7.pdf
Perovskite-polymer composite cross-linker approach for highly-stable and efficient perovskite solar cells,2019,10.1038/s41467-019-08455-z,https://openalex.org/W2914692117,562,True,https://www.nature.com/articles/s41467-019-08455-z.pdf,https://doi.org/10.1038/s41467-019-08455-z,Nature Communications,10.1038s41467-019-08455-z,perovskite polymer composite cross linker approach for highly stable and efficient perovskite solar cells,31.66639814069845,0.4,2.0,4.0,0.7468281244816555,0.3972299161446564,doi_key,doi_key,8.961937493779866,3.177839329157252,12.139776822937115,48.20617496363557,C:\Users\inkjet\perovskite_ink_scraper\pdfs\2019_10.1038s41467-019-08455-z_Perovskite-polymer_composite_cross-linker_approach_for_highly-stable_and_efficient_perovskite_solar_cells.pdf,downloaded_pdf,https://www.nature.com/articles/s41467-019-08455-z.pdf
Molecular doping enabled scalable blading of efficient hole-transport-layer-free perovskite solar cells,2018,10.1038/s41467-018-04028-8,https://openalex.org/W4239574994,413,True,https://www.nature.com/articles/s41467-018-04028-8.pdf,https://doi.org/10.1038/s41467-018-04028-8,Nature Communications,10.1038s41467-018-04028-8,molecular doping enabled scalable blading of efficient hole transport layer free perovskite solar cells,30.12932986912657,0.3,1.0,2.0,0.677448874545084,0.9339950332464876,doi_key,doi_key,8.129386494541007,7.471960265971901,15.601346760512907,48.03067662963949,C:\Users\inkjet\perovskite_ink_scraper\pdfs\2018_10.1038s41467-018-04028-8_Molecular_doping_enabled_scalable_blading_of_efficient_hole-transport-layer-free_perovskite_solar_cells.pdf,downloaded_pdf,https://www.nature.com/articles/s41467-018-04028-8.pdf
Understanding how excess lead iodide precursor improves halide perovskite solar cell performance,2018,10.1038/s41467-018-05583-w,https://openalex.org/W2886506777,369,True,https://www.nature.com/articles/s41467-018-05583-w.pdf,https://doi.org/10.1038/s41467-018-05583-w,Nature Communications,10.1038s41467-018-05583-w,understanding how excess lead iodide precursor improves halide perovskite solar cell performance,29.567515028191348,0.3,2.0,4.0,0.741385409422035,0.5695409640421308,doi_key,doi_key,8.89662491306442,4.556327712337047,13.452952625401466,47.320467653592814,C:\Users\inkjet\perovskite_ink_scraper\pdfs\2018_10.1038s41467-018-05583-w_Understanding_how_excess_lead_iodide_precursor_improves_halide_perovskite_solar_cell_performance.pdf,downloaded_pdf,https://www.nature.com/articles/s41467-018-05583-w.pdf
Ultra-bright and highly efficient inorganic based perovskite light-emitting diodes,2017,10.1038/ncomms15640,https://openalex.org/W2623955189,843,True,https://www.nature.com/articles/ncomms15640.pdf,https://doi.org/10.1038/ncomms15640,Nature Communications,10.1038ncomms15640,ultra bright and highly efficient inorganic based perovskite light emitting diodes,33.690762472979785,0.2,0.0,0.0,0.8361412937551609,0.3792178477721257,doi_key,doi_key,10.03369552506193,3.033742782177005,13.067438307238936,46.958200780218725,C:\Users\inkjet\perovskite_ink_scraper\pdfs\2017_10.1038ncomms15640_Ultra-bright_and_highly_efficient_inorganic_based_perovskite_light-emitting_diodes.pdf,downloaded_pdf,https://www.nature.com/articles/ncomms15640.pdf
Surface passivation engineering strategy to fully-inorganic cubic CsPbI3 perovskites for high-performance solar cells,2018,10.1038/s41467-018-03169-0,https://openalex.org/W2789697021,656,True,https://www.nature.com/articles/s41467-018-03169-0.pdf,https://doi.org/10.1038/s41467-018-03169-0,Nature Communications,10.1038s41467-018-03169-0,surface passivation engineering strategy to fully inorganic cubic cspbi3 perovskites for high performance solar cells,32.43842009242305,0.3,0.0,0.0,0.783637542348521,0.595082251753296,doi_key,doi_key,9.403650508182253,4.760658014026368,14.16430852220862,46.90272861463167,C:\Users\inkjet\perovskite_ink_scraper\pdfs\2018_10.1038s41467-018-03169-0_Surface_passivation_engineering_strategy_to_fully-inorganic_cubic_CsPbI3_perovskites_for_high-performance_sol.pdf,downloaded_pdf,https://www.nature.com/articles/s41467-018-03169-0.pdf
A polymer scaffold for self-healing perovskite solar cells,2016,10.1038/ncomms10228,https://openalex.org/W2397919288,658,True,https://www.nature.com/articles/ncomms10228.pdf,https://doi.org/10.1038/ncomms10228,Nature Communications,10.1038ncomms10228,a polymer scaffold for self healing perovskite solar cells,32.453617672512536,0.1,0.0,0.0,0.7834355450863304,0.5912128655231335,doi_key,doi_key,9.401226541035964,4.729702924185068,14.130929465221032,46.68454713773357,C:\Users\inkjet\perovskite_ink_scraper\pdfs\2016_10.1038ncomms10228_A_polymer_scaffold_for_self-healing_perovskite_solar_cells.pdf,downloaded_pdf,https://www.nature.com/articles/ncomms10228.pdf
Highly efficient planar perovskite solar cells through band alignment engineering,2015,10.1039/c5ee02608c,https://openalex.org/W1941396097,1234,True,https://pubs.rsc.org/en/content/articlepdf/2015/ee/c5ee02608c,https://doi.org/10.1039/c5ee02608c,Energy & Environmental Science,10.1039c5ee02608c,highly efficient planar perovskite solar cells through band alignment engineering,35.59413124531039,0.0,0.0,0.0,0.7692609653588279,0.2089597706151308,doi_key,doi_key,9.231131584305936,1.6716781649210464,10.90280974922698,46.496940994537376,C:\Users\inkjet\perovskite_ink_scraper\pdfs\2015_10.1039c5ee02608c_Highly_efficient_planar_perovskite_solar_cells_through_band_alignment_engineering.pdf,downloaded_pdf,https://pubs.rsc.org/en/content/articlepdf/2015/ee/c5ee02608c
Color-stable highly luminescent sky-blue perovskite light-emitting diodes,2018,10.1038/s41467-018-05909-8,https://openalex.org/W2888115472,711,True,https://www.nature.com/articles/s41467-018-05909-8.pdf,https://doi.org/10.1038/s41467-018-05909-8,Nature Communications,10.1038s41467-018-05909-8,color stable highly luminescent sky blue perovskite light emitting diodes,32.84038955705988,0.3,0.0,0.0,0.7949152984449944,0.3397458495189332,doi_key,doi_key,9.538983581339933,2.7179667961514657,12.256950377491398,45.39733993455128,C:\Users\inkjet\perovskite_ink_scraper\pdfs\2018_10.1038s41467-018-05909-8_Color-stable_highly_luminescent_sky-blue_perovskite_light-emitting_diodes.pdf,downloaded_pdf,https://www.nature.com/articles/s41467-018-05909-8.pdf
Perovskite Materials for Light‐Emitting Diodes and Lasers,2016,10.1002/adma.201600669,https://openalex.org/W2396261957,1429,True,https://onlinelibrary.wiley.com/doi/pdfdirect/10.1002/adma.201600669,https://doi.org/10.1002/adma.201600669,Advanced Materials,10.1002adma.201600669,perovskite materials for light emitting diodes and lasers,36.32714861626977,0.1,0.0,0.0,0.6607836139447292,0.1280008569153282,doi_key,doi_key,7.92940336733675,1.0240068553226256,8.953410222659375,45.38055883892915,,no_accessible_pdf_found,https://onlinelibrary.wiley.com/doi/pdfdirect/10.1002/adma.201600669
A molecular nematic liquid crystalline material for high-performance organic photovoltaics,2015,10.1038/ncomms7013,https://openalex.org/W2085915663,617,True,https://www.nature.com/articles/ncomms7013.pdf,https://doi.org/10.1038/ncomms7013,Nature Communications,10.1038ncomms7013,a molecular nematic liquid crystalline material for high performance organic photovoltaics,32.132442287288455,0.0,0.0,0.0,0.7554084347032964,0.511096823436706,doi_key,doi_key,9.064901216439557,4.088774587493648,13.153675803933204,45.28611809122166,C:\Users\inkjet\perovskite_ink_scraper\pdfs\2015_10.1038ncomms7013_A_molecular_nematic_liquid_crystalline_material_for_high-performance_organic_photovoltaics.pdf,downloaded_pdf,https://www.nature.com/articles/ncomms7013.pdf
Highly efficient all-inorganic perovskite solar cells with suppressed non-radiative recombination by a Lewis base,2020,10.1038/s41467-019-13909-5,https://openalex.org/W2999691245,632,True,https://www.nature.com/articles/s41467-019-13909-5.pdf,https://doi.org/10.1038/s41467-019-13909-5,Nature Communications,10.1038s41467-019-13909-5,highly efficient all inorganic perovskite solar cells with suppressed non radiative recombination by a lewis base,32.25235211072088,0.5,0.0,0.0,0.7775915878293944,0.3928136804794974,doi_key,doi_key,9.331099053952734,3.142509443835979,12.473608497788714,45.2259606085096,C:\Users\inkjet\perovskite_ink_scraper\pdfs\2020_10.1038s41467-019-13909-5_Highly_efficient_all-inorganic_perovskite_solar_cells_with_suppressed_non-radiative_recombination_by_a_Lewis_.pdf,downloaded_pdf,https://www.nature.com/articles/s41467-019-13909-5.pdf
Solvent-controlled growth of inorganic perovskite films in dry environment for efficient and stable solar cells,2018,10.1038/s41467-018-04636-4,https://openalex.org/W2806673750,628,True,https://www.nature.com/articles/s41467-018-04636-4.pdf,https://doi.org/10.1038/s41467-018-04636-4,Nature Communications,10.1038s41467-018-04636-4,solvent controlled growth of inorganic perovskite films in dry environment for efficient and stable solar cells,32.22065628350221,0.3,0.0,0.0,0.7800803177353132,0.4005097679011031,doi_key,doi_key,9.360963812823758,3.204078143208825,12.565041956032584,45.08569823953479,C:\Users\inkjet\perovskite_ink_scraper\pdfs\2018_10.1038s41467-018-04636-4_Solvent-controlled_growth_of_inorganic_perovskite_films_in_dry_environment_for_efficient_and_stable_solar_cel.pdf,downloaded_pdf,https://www.nature.com/articles/s41467-018-04636-4.pdf
"Humidity Sensors Principle, Mechanism, and Fabrication Technologies: A Comprehensive Review",2014,10.3390/s140507881,https://openalex.org/W2001086979,1218,True,https://www.mdpi.com/1424-8220/14/5/7881/pdf?version=1403353770,https://doi.org/10.3390/s140507881,Sensors,10.3390s140507881,humidity sensors principle mechanism and fabrication technologies a comprehensive review,35.528930647406355,0.0,0.0,0.0,0.6581463417490052,0.1742727270838239,doi_key,doi_key,7.897756100988063,1.3941818166705913,9.291937917658654,44.82086856506501,,no_accessible_pdf_found,https://www.mdpi.com/1424-8220/14/5/7881/pdf?version=1403353770
Solution-processed perovskite light emitting diodes with efficiency exceeding 15% through additive-controlled nanostructure tailoring,2018,10.1038/s41467-018-06425-5,https://openalex.org/W2891879216,482,True,https://www.nature.com/articles/s41467-018-06425-5.pdf,https://doi.org/10.1038/s41467-018-06425-5,Nature Communications,10.1038s41467-018-06425-5,solution processed perovskite light emitting diodes with efficiency exceeding 15 through additive controlled nanostructure tailoring,30.90008326826286,0.3,1.0,2.0,0.7262447790063006,0.3326990228550492,doi_key,doi_key,8.714937348075606,2.6615921828403937,11.376529530916,44.57661279917886,C:\Users\inkjet\perovskite_ink_scraper\pdfs\2018_10.1038s41467-018-06425-5_Solution-processed_perovskite_light_emitting_diodes_with_efficiency_exceeding_15_through_additive-controlled_.pdf,downloaded_pdf,https://www.nature.com/articles/s41467-018-06425-5.pdf
Sn(IV)-free tin perovskite films realized by in situ Sn(0) nanoparticle treatment of the precursor solution,2020,10.1038/s41467-020-16726-3,https://openalex.org/W3034736206,277,True,https://www.nature.com/articles/s41467-020-16726-3.pdf,https://doi.org/10.1038/s41467-020-16726-3,Nature Communications,10.1038s41467-020-16726-3,sn iv free tin perovskite films realized by in situ sn 0 nanoparticle treatment of the precursor solution,28.138105568453184,0.5,3.0,6.0,0.5708702317576309,0.3853574223241612,doi_key,doi_key,6.85044278109157,3.0828593785932896,9.93330215968486,44.57140772813804,C:\Users\inkjet\perovskite_ink_scraper\pdfs\2020_10.1038s41467-020-16726-3_SnIV-free_tin_perovskite_films_realized_by_in_situ_Sn0_nanoparticle_treatment_of_the_precursor_solution.pdf,downloaded_pdf,https://www.nature.com/articles/s41467-020-16726-3.pdf
Nucleation-controlled growth of superior lead-free perovskite Cs3Bi2I9 single-crystals for high-performance X-ray detection,2020,10.1038/s41467-020-16034-w,https://openalex.org/W3022329226,495,True,https://www.nature.com/articles/s41467-020-16034-w.pdf,https://doi.org/10.1038/s41467-020-16034-w,Nature Communications,10.1038s41467-020-16034-w,nucleation controlled growth of superior lead free perovskite cs3bi2i9 single crystals for high performance x ray detection,31.03287963362464,0.5,0.0,0.0,0.7393685319855464,0.4947688890158161,doi_key,doi_key,8.872422383826557,3.958151112126529,12.830573495953086,44.36345312957772,C:\Users\inkjet\perovskite_ink_scraper\pdfs\2020_10.1038s41467-020-16034-w_Nucleation-controlled_growth_of_superior_lead-free_perovskite_Cs3Bi2I9_single-crystals_for_high-performance_X.pdf,downloaded_pdf,https://www.nature.com/articles/s41467-020-16034-w.pdf
Modulation of recombination zone position for quasi-two-dimensional blue perovskite light-emitting diodes with efficiency exceeding 5%,2019,10.1038/s41467-019-09011-5,https://openalex.org/W2919782722,558,True,https://www.nature.com/articles/s41467-019-09011-5.pdf,https://doi.org/10.1038/s41467-019-09011-5,Nature Communications,10.1038s41467-019-09011-5,modulation of recombination zone position for quasi two dimensional blue perovskite light emitting diodes with efficiency exceeding 5,31.63074736577549,0.4,0.0,0.0,0.7364850566810881,0.4335674286359521,doi_key,doi_key,8.837820680173056,3.468539429087617,12.306360109260671,44.33710747503617,C:\Users\inkjet\perovskite_ink_scraper\pdfs\2019_10.1038s41467-019-09011-5_Modulation_of_recombination_zone_position_for_quasi-two-dimensional_blue_perovskite_light-emitting_diodes_wit.pdf,downloaded_pdf,https://www.nature.com/articles/s41467-019-09011-5.pdf
Highly stable flexible pressure sensors with a quasi-homogeneous composition and interlinked interfaces,2022,10.1038/s41467-022-29093-y,https://openalex.org/W4221009261,382,True,https://www.nature.com/articles/s41467-022-29093-y.pdf,https://doi.org/10.1038/s41467-022-29093-y,Nature Communications,10.1038s41467-022-29093-y,highly stable flexible pressure sensors with a quasi homogeneous composition and interlinked interfaces,29.740174945903227,0.7,2.0,4.0,0.6178771901779471,0.2844576341329164,doi_key,doi_key,7.414526282135364,2.275661073063332,9.690187355198695,44.13036230110192,C:\Users\inkjet\perovskite_ink_scraper\pdfs\2022_10.1038s41467-022-29093-y_Highly_stable_flexible_pressure_sensors_with_a_quasi-homogeneous_composition_and_interlinked_interfaces.pdf,downloaded_pdf,https://www.nature.com/articles/s41467-022-29093-y.pdf
End-to-end design of wearable sensors,2022,10.1038/s41578-022-00460-x,https://openalex.org/W4286560842,1034,True,https://www.nature.com/articles/s41578-022-00460-x.pdf,https://doi.org/10.1038/s41578-022-00460-x,Nature Reviews Materials,10.1038s41578-022-00460-x,end to end design of wearable sensors,34.710783528497345,0.7,0.0,0.0,0.5990147155160309,0.1864859817292396,doi_key,doi_key,7.188176586192371,1.4918878538339169,8.680064440026289,44.09084796852363,C:\Users\inkjet\perovskite_ink_scraper\pdfs\2022_10.1038s41578-022-00460-x_End-to-end_design_of_wearable_sensors.pdf,downloaded_pdf,https://www.nature.com/articles/s41578-022-00460-x.pdf
All-inorganic cesium lead iodide perovskite solar cells with stabilized efficiency beyond 15%,2018,10.1038/s41467-018-06915-6,https://openalex.org/W2898318364,486,True,https://www.nature.com/articles/s41467-018-06915-6.pdf,https://doi.org/10.1038/s41467-018-06915-6,Nature Communications,10.1038s41467-018-06915-6,all inorganic cesium lead iodide perovskite solar cells with stabilized efficiency beyond 15,30.94132061541295,0.3,0.0,0.0,0.7482337328516196,0.4468754052359227,doi_key,doi_key,8.978804794219435,3.5750032418873814,12.553808036106815,43.79512865151977,C:\Users\inkjet\perovskite_ink_scraper\pdfs\2018_10.1038s41467-018-06915-6_All-inorganic_cesium_lead_iodide_perovskite_solar_cells_with_stabilized_efficiency_beyond_15.pdf,downloaded_pdf,https://www.nature.com/articles/s41467-018-06915-6.pdf
Metal oxide nanoparticles and their applications in nanotechnology,2019,10.1007/s42452-019-0592-3,https://openalex.org/W2944906172,1001,True,https://link.springer.com/content/pdf/10.1007/s42452-019-0592-3.pdf,https://doi.org/10.1007/s42452-019-0592-3,SN Applied Sciences,10.1007s42452-019-0592-3,metal oxide nanoparticles and their applications in nanotechnology,34.54876640822405,0.4,0.0,0.0,0.5912500126166279,0.1938913543726276,doi_key,doi_key,7.095000151399535,1.551130834981021,8.646130986380555,43.5948973946046,C:\Users\inkjet\perovskite_ink_scraper\pdfs\2019_10.1007s42452-019-0592-3_Metal_oxide_nanoparticles_and_their_applications_in_nanotechnology.pdf,downloaded_pdf,https://link.springer.com/content/pdf/10.1007/s42452-019-0592-3.pdf
Facile fabrication of large-grain CH3NH3PbI3−xBrx films for high-efficiency solar cells via CH3NH3Br-selective Ostwald ripening,2016,10.1038/ncomms12305,https://openalex.org/W2478184717,526,True,https://www.nature.com/articles/ncomms12305.pdf,https://doi.org/10.1038/ncomms12305,Nature Communications,10.1038ncomms12305,facile fabrication of large grain ch3nh3pbi3 xbrx films for high efficiency solar cells via ch3nh3br selective ostwald ripening,31.33600274270681,0.1,0.0,0.0,0.7291555007601245,0.4250908711407534,doi_key,doi_key,8.749866009121494,3.400726969126027,12.15059297824752,43.586595720954335,C:\Users\inkjet\perovskite_ink_scraper\pdfs\2016_10.1038ncomms12305_Facile_fabrication_of_large-grain_CH3NH3PbI3xBrx_films_for_high-efficiency_solar_cells_via_CH3NH3Br-selective_Ostwal.pdf,downloaded_pdf,https://www.nature.com/articles/ncomms12305.pdf
Circularly polarized light detection using chiral hybrid perovskite,2019,10.1038/s41467-019-09942-z,https://openalex.org/W2941942848,552,True,https://www.nature.com/articles/s41467-019-09942-z.pdf,https://doi.org/10.1038/s41467-019-09942-z,Nature Communications,10.1038s41467-019-09942-z,circularly polarized light detection using chiral hybrid perovskite,31.57679000761168,0.4,0.0,0.0,0.7317589535137154,0.3521045995769767,doi_key,doi_key,8.781107442164586,2.8168367966158137,11.5979442387804,43.57473424639207,C:\Users\inkjet\perovskite_ink_scraper\pdfs\2019_10.1038s41467-019-09942-z_Circularly_polarized_light_detection_using_chiral_hybrid_perovskite.pdf,downloaded_pdf,https://www.nature.com/articles/s41467-019-09942-z.pdf
One-stone-for-two-birds strategy to attain beyond 25% perovskite solar cells,2023,10.1038/s41467-023-36229-1,https://openalex.org/W4321002470,295,True,https://www.nature.com/articles/s41467-023-36229-1.pdf,https://doi.org/10.1038/s41467-023-36229-1,Nature Communications,10.1038s41467-023-36229-1,one stone for two birds strategy to attain beyond 25 perovskite solar cells,28.4517972716203,0.8,0.0,0.0,0.5734818758971764,0.9230917216138336,doi_key,doi_key,6.881782510766117,7.384733772910669,14.266516283676786,43.51831355529709,C:\Users\inkjet\perovskite_ink_scraper\pdfs\2023_10.1038s41467-023-36229-1_One-stone-for-two-birds_strategy_to_attain_beyond_25_perovskite_solar_cells.pdf,downloaded_pdf,https://www.nature.com/articles/s41467-023-36229-1.pdf
Recent progress in metal–organic complexes for optoelectronic applications,2014,10.1039/c3cs60449g,https://openalex.org/W2171635616,1126,True,https://pubs.rsc.org/en/content/articlepdf/2014/cs/c3cs60449g,https://doi.org/10.1039/c3cs60449g,Chemical Society Reviews,10.1039c3cs60449g,recent progress in metal organic complexes for optoelectronic applications,35.13657257019888,0.0,0.0,0.0,0.5918207907297325,0.153590603677018,doi_key,doi_key,7.101849488756789,1.228724829416144,8.330574318172934,43.467146888371815,C:\Users\inkjet\perovskite_ink_scraper\pdfs\2014_10.1039c3cs60449g_Recent_progress_in_metalorganic_complexes_for_optoelectronic_applications.pdf,downloaded_pdf,https://pubs.rsc.org/en/content/articlepdf/2014/cs/c3cs60449g
Dipolar cations confer defect tolerance in wide-bandgap metal halide perovskites,2018,10.1038/s41467-018-05531-8,https://openalex.org/W2885341599,298,True,https://www.nature.com/articles/s41467-018-05531-8.pdf,https://doi.org/10.1038/s41467-018-05531-8,Nature Communications,10.1038s41467-018-05531-8,dipolar cations confer defect tolerance in wide bandgap metal halide perovskites,28.50221786695344,0.3,0.0,0.0,0.5922236553626579,0.9276047821006532,doi_key,doi_key,7.106683864351894,7.420838256805226,14.52752212115712,43.32973998811055,C:\Users\inkjet\perovskite_ink_scraper\pdfs\2018_10.1038s41467-018-05531-8_Dipolar_cations_confer_defect_tolerance_in_wide-bandgap_metal_halide_perovskites.pdf,downloaded_pdf,https://www.nature.com/articles/s41467-018-05531-8.pdf
Synthetic control over orientational degeneracy of spacer cations enhances solar cell efficiency in two-dimensional perovskites,2019,10.1038/s41467-019-08980-x,https://openalex.org/W2924619706,294,True,https://www.nature.com/articles/s41467-019-08980-x.pdf,https://doi.org/10.1038/s41467-019-08980-x,Nature Communications,10.1038s41467-019-08980-x,synthetic control over orientational degeneracy of spacer cations enhances solar cell efficiency in two dimensional perovskites,28.434876781699103,0.4,0.0,0.0,0.5710916290249921,0.929764541560316,doi_key,doi_key,6.853099548299905,7.438116332482528,14.291215880782431,43.12609266248153,C:\Users\inkjet\perovskite_ink_scraper\pdfs\2019_10.1038s41467-019-08980-x_Synthetic_control_over_orientational_degeneracy_of_spacer_cations_enhances_solar_cell_efficiency_in_two-dimen.pdf,downloaded_pdf,https://www.nature.com/articles/s41467-019-08980-x.pdf
Machine learning in materials science,2019,10.1002/inf2.12028,https://openalex.org/W2972418846,944,True,https://onlinelibrary.wiley.com/doi/pdfdirect/10.1002/inf2.12028,https://doi.org/10.1002/inf2.12028,InfoMat,10.1002inf2.12028,machine learning in materials science,34.25592463746872,0.4,0.0,0.0,0.5784571878195132,0.1894461230468633,doi_key,doi_key,6.941486253834158,1.5155689843749065,8.457055238209065,43.11297987567778,,no_accessible_pdf_found,https://onlinelibrary.wiley.com/doi/pdfdirect/10.1002/inf2.12028
A general approach to high-efficiency perovskite solar cells by any antisolvent,2021,10.1038/s41467-021-22049-8,https://openalex.org/W3129036993,417,True,https://www.nature.com/articles/s41467-021-22049-8.pdf,https://doi.org/10.1038/s41467-021-22049-8,Nature Communications,10.1038s41467-021-22049-8,a general approach to high efficiency perovskite solar cells by any antisolvent,30.17740716262378,0.6,0.0,0.0,0.7322204513702688,0.4242227013812713,doi_key,doi_key,8.786645416443225,3.3937816110501706,12.180427027493396,42.957834190117175,C:\Users\inkjet\perovskite_ink_scraper\pdfs\2021_10.1038s41467-021-22049-8_A_general_approach_to_high-efficiency_perovskite_solar_cells_by_any_antisolvent.pdf,downloaded_pdf,https://www.nature.com/articles/s41467-021-22049-8.pdf
Degradation mechanism of hybrid tin-based perovskite solar cells and the critical role of tin (IV) iodide,2021,10.1038/s41467-021-22864-z,https://openalex.org/W3160621054,453,True,https://www.nature.com/articles/s41467-021-22864-z.pdf,https://doi.org/10.1038/s41467-021-22864-z,Nature Communications,10.1038s41467-021-22864-z,degradation mechanism of hybrid tin based perovskite solar cells and the critical role of tin iv iodide,30.59048599020674,0.6,0.0,0.0,0.7187008311246217,0.3646455247773327,doi_key,doi_key,8.62440997349546,2.9171641982186616,11.54157417171412,42.73206016192086,C:\Users\inkjet\perovskite_ink_scraper\pdfs\2021_10.1038s41467-021-22864-z_Degradation_mechanism_of_hybrid_tin-based_perovskite_solar_cells_and_the_critical_role_of_tin_IV_iodide.pdf,downloaded_pdf,https://www.nature.com/articles/s41467-021-22864-z.pdf
Conversion of invisible metal-organic frameworks to luminescent perovskite nanocrystals for confidential information encryption and decryption,2017,10.1038/s41467-017-01248-2,https://openalex.org/W2766836967,499,True,https://www.nature.com/articles/s41467-017-01248-2.pdf,https://doi.org/10.1038/s41467-017-01248-2,Nature Communications,10.1038s41467-017-01248-2,conversion of invisible metal organic frameworks to luminescent perovskite nanocrystals for confidential information encryption and decryption,31.073040492110955,0.2,0.0,0.0,0.6937003954361474,0.3787134624555176,doi_key,doi_key,8.324404745233767,3.029707699644141,11.35411244487791,42.627152936988864,C:\Users\inkjet\perovskite_ink_scraper\pdfs\2017_10.1038s41467-017-01248-2_Conversion_of_invisible_metal-organic_frameworks_to_luminescent_perovskite_nanocrystals_for_confidential_info.pdf,downloaded_pdf,https://www.nature.com/articles/s41467-017-01248-2.pdf
A high-conductivity n-type polymeric ink for printed electronics,2021,10.1038/s41467-021-22528-y,https://openalex.org/W3155455451,241,True,https://www.nature.com/articles/s41467-021-22528-y.pdf,https://doi.org/10.1038/s41467-021-22528-y,Nature Communications,10.1038s41467-021-22528-y,a high conductivity n type polymeric ink for printed electronics,27.444688630783432,0.6,3.5,7.0,0.4740819982697293,0.2248488824642371,doi_key,doi_key,5.688983979236752,1.7987910597138967,7.487775038950648,42.532463669734085,C:\Users\inkjet\perovskite_ink_scraper\pdfs\2021_10.1038s41467-021-22528-y_A_high-conductivity_n-type_polymeric_ink_for_printed_electronics.pdf,downloaded_pdf,https://www.nature.com/articles/s41467-021-22528-y.pdf
Slot-die coating large-area formamidinium-cesium perovskite film for efficient and stable parallel solar module,2021,10.1126/sciadv.abg3749,https://openalex.org/W3159483471,299,True,https://www.science.org/doi/pdf/10.1126/sciadv.abg3749?download=true,https://doi.org/10.1126/sciadv.abg3749,Science Advances,10.1126sciadv.abg3749,slot die coating large area formamidinium cesium perovskite film for efficient and stable parallel solar module,28.518912373281005,0.6,5.0,10.0,0.2461403845972288,0.0413856598550574,doi_key,doi_key,2.953684615166746,0.3310852788404592,3.284769894007205,42.40368226728821,,no_accessible_pdf_found,https://www.science.org/doi/pdf/10.1126/sciadv.abg3749?download=true
Inkjet‐Printed Micrometer‐Thick Perovskite Solar Cells with Large Columnar Grains,2019,10.1002/aenm.201903184,https://openalex.org/W2995089958,214,True,https://onlinelibrary.wiley.com/doi/pdfdirect/10.1002/aenm.201903184,https://doi.org/10.1002/aenm.201903184,Advanced Energy Materials,10.1002aenm.201903184,inkjet printed micrometer thick perovskite solar cells with large columnar grains,26.85319014063831,0.4,6.5,13.0,0.1585732865866715,0.029956267314562,doi_key,doi_key,1.902879439040058,0.239650138516496,2.1425295775565543,42.39571971819486,,no_accessible_pdf_found,https://onlinelibrary.wiley.com/doi/pdfdirect/10.1002/aenm.201903184
Covalent organic frameworks: an ideal platform for designing ordered materials and advanced applications,2020,10.1039/d0cs00620c,https://openalex.org/W3111457036,978,True,https://pubs.rsc.org/en/content/articlepdf/2021/cs/d0cs00620c,https://doi.org/10.1039/d0cs00620c,Chemical Society Reviews,10.1039d0cs00620c,covalent organic frameworks an ideal platform for designing ordered materials and advanced applications,34.432658212652555,0.5,0.0,0.0,0.5363663022606924,0.1087938831370065,doi_key,doi_key,6.4363956271283085,0.870351065096052,7.30674669222436,42.23940490487691,C:\Users\inkjet\perovskite_ink_scraper\pdfs\2020_10.1039d0cs00620c_Covalent_organic_frameworks_an_ideal_platform_for_designing_ordered_materials_and_advanced_applications.pdf,downloaded_pdf,https://pubs.rsc.org/en/content/articlepdf/2021/cs/d0cs00620c
Lead halide perovskites for photocatalytic organic synthesis,2019,10.1038/s41467-019-10634-x,https://openalex.org/W2955361498,433,True,https://www.nature.com/articles/s41467-019-10634-x.pdf,https://doi.org/10.1038/s41467-019-10634-x,Nature Communications,10.1038s41467-019-10634-x,lead halide perovskites for photocatalytic organic synthesis,30.365222670502025,0.4,0.0,0.0,0.6729970350479333,0.4163641949927292,doi_key,doi_key,8.0759644205752,3.3309135599418336,11.406877980517034,42.17210065101906,C:\Users\inkjet\perovskite_ink_scraper\pdfs\2019_10.1038s41467-019-10634-x_Lead_halide_perovskites_for_photocatalytic_organic_synthesis.pdf,downloaded_pdf,https://www.nature.com/articles/s41467-019-10634-x.pdf
Mixed halide perovskites for spectrally stable and high-efficiency blue light-emitting diodes,2021,10.1038/s41467-020-20582-6,https://openalex.org/W3120423813,460,True,https://www.nature.com/articles/s41467-020-20582-6.pdf,https://doi.org/10.1038/s41467-020-20582-6,Nature Communications,10.1038s41467-020-20582-6,mixed halide perovskites for spectrally stable and high efficiency blue light emitting diodes,30.666990214983244,0.6,0.0,0.0,0.6931452660472114,0.31145939681744,doi_key,doi_key,8.317743192566537,2.49167517453952,10.809418367106057,42.0764085820893,C:\Users\inkjet\perovskite_ink_scraper\pdfs\2021_10.1038s41467-020-20582-6_Mixed_halide_perovskites_for_spectrally_stable_and_high-efficiency_blue_light-emitting_diodes.pdf,downloaded_pdf,https://www.nature.com/articles/s41467-020-20582-6.pdf
Chiral-perovskite optoelectronics,2020,10.1038/s41578-020-0181-5,https://openalex.org/W3011088795,821,True,https://www.nature.com/articles/s41578-020-0181-5.pdf,https://doi.org/10.1038/s41578-020-0181-5,Nature Reviews Materials,10.1038s41578-020-0181-5,chiral perovskite optoelectronics,33.5587019752809,0.5,0.0,0.0,0.5327943113047804,0.1843250602362365,doi_key,doi_key,6.393531735657365,1.474600481889892,7.868132217547257,41.92683419282815,C:\Users\inkjet\perovskite_ink_scraper\pdfs\2020_10.1038s41578-020-0181-5_Chiral-perovskite_optoelectronics.pdf,downloaded_pdf,https://www.nature.com/articles/s41578-020-0181-5.pdf
Trifluoroacetate induced small-grained CsPbBr3 perovskite films result in efficient and stable light-emitting devices,2019,10.1038/s41467-019-08425-5,https://openalex.org/W2914440772,488,True,https://www.nature.com/articles/s41467-019-08425-5.pdf,https://doi.org/10.1038/s41467-019-08425-5,Nature Communications,10.1038s41467-019-08425-5,trifluoroacetate induced small grained cspbbr3 perovskite films result in efficient and stable light emitting devices,30.961812447374363,0.4,0.0,0.0,0.6921849785704182,0.2802037359829364,doi_key,doi_key,8.306219742845018,2.241629887863492,10.547849630708509,41.90966207808288,C:\Users\inkjet\perovskite_ink_scraper\pdfs\2019_10.1038s41467-019-08425-5_Trifluoroacetate_induced_small-grained_CsPbBr3_perovskite_films_result_in_efficient_and_stable_light-emitting.pdf,downloaded_pdf,https://www.nature.com/articles/s41467-019-08425-5.pdf
A chemically inert bismuth interlayer enhances long-term stability of inverted perovskite solar cells,2019,10.1038/s41467-019-09167-0,https://openalex.org/W2922321003,362,True,https://www.nature.com/articles/s41467-019-09167-0.pdf,https://doi.org/10.1038/s41467-019-09167-0,Nature Communications,10.1038s41467-019-09167-0,a chemically inert bismuth interlayer enhances long term stability of inverted perovskite solar cells,29.47201417132425,0.4,0.0,0.0,0.6933500641960898,0.4291591218170346,doi_key,doi_key,8.320200770353077,3.4332729745362767,11.753473744889352,41.62548791621361,C:\Users\inkjet\perovskite_ink_scraper\pdfs\2019_10.1038s41467-019-09167-0_A_chemically_inert_bismuth_interlayer_enhances_long-term_stability_of_inverted_perovskite_solar_cells.pdf,downloaded_pdf,https://www.nature.com/articles/s41467-019-09167-0.pdf
Highly Reproducible Sn‐Based Hybrid Perovskite Solar Cells with 9% Efficiency,2017,10.1002/aenm.201702019,https://openalex.org/W2760629443,883,True,https://onlinelibrary.wiley.com/doi/pdfdirect/10.1002/aenm.201702019,https://doi.org/10.1002/aenm.201702019,Advanced Energy Materials,10.1002aenm.201702019,highly reproducible sn based hybrid perovskite solar cells with 9 efficiency,33.92228531318822,0.2,0.0,0.0,0.5438639482219962,0.1135803376322777,doi_key,doi_key,6.526367378663955,0.9086427010582216,7.435010079722176,41.5572953929104,,no_accessible_pdf_found,https://onlinelibrary.wiley.com/doi/pdfdirect/10.1002/aenm.201702019
Spectra stable blue perovskite light-emitting diodes,2019,10.1038/s41467-019-09794-7,https://openalex.org/W2940595295,471,True,https://www.nature.com/articles/s41467-019-09794-7.pdf,https://doi.org/10.1038/s41467-019-09794-7,Nature Communications,10.1038s41467-019-09794-7,spectra stable blue perovskite light emitting diodes,30.784894927927773,0.4,0.0,0.0,0.6908742336777636,0.2569968432712685,doi_key,doi_key,8.290490804133164,2.055974746170148,10.34646555030331,41.53136047823108,C:\Users\inkjet\perovskite_ink_scraper\pdfs\2019_10.1038s41467-019-09794-7_Spectra_stable_blue_perovskite_light-emitting_diodes.pdf,downloaded_pdf,https://www.nature.com/articles/s41467-019-09794-7.pdf
"High-resolution patterning of colloidal quantum dots via non-destructive, light-driven ligand crosslinking",2020,10.1038/s41467-020-16652-4,https://openalex.org/W3033478592,243,True,https://www.nature.com/articles/s41467-020-16652-4.pdf,https://doi.org/10.1038/s41467-020-16652-4,Nature Communications,10.1038s41467-020-16652-4,high resolution patterning of colloidal quantum dots via non destructive light driven ligand crosslinking,27.48584112646601,0.5,3.0,6.0,0.4790398123215998,0.2048048284014339,doi_key,doi_key,5.748477747859198,1.6384386272114713,7.386916375070669,41.37275750153668,C:\Users\inkjet\perovskite_ink_scraper\pdfs\2020_10.1038s41467-020-16652-4_High-resolution_patterning_of_colloidal_quantum_dots_via_non-destructive_light-driven_ligand_crosslinking.pdf,downloaded_pdf,https://www.nature.com/articles/s41467-020-16652-4.pdf
Roll-to-roll gravure-printed flexible perovskite solar cells using eco-friendly antisolvent bathing with wide processing window,2020,10.1038/s41467-020-18940-5,https://openalex.org/W3092176741,294,True,https://www.nature.com/articles/s41467-020-18940-5.pdf,https://doi.org/10.1038/s41467-020-18940-5,Nature Communications,10.1038s41467-020-18940-5,roll to roll gravure printed flexible perovskite solar cells using eco friendly antisolvent bathing with wide processing window,28.434876781699103,0.5,1.5,3.0,0.5566547453426439,0.3328947217380648,doi_key,doi_key,6.679856944111727,2.6631577739045182,9.343014718016246,41.27789149971535,C:\Users\inkjet\perovskite_ink_scraper\pdfs\2020_10.1038s41467-020-18940-5_Roll-to-roll_gravure-printed_flexible_perovskite_solar_cells_using_eco-friendly_antisolvent_bathing_with_wide.pdf,downloaded_pdf,https://www.nature.com/articles/s41467-020-18940-5.pdf
"Indoor Air Pollution, Related Human Diseases, and Recent Trends in the Control and Improvement of Indoor Air Quality",2020,10.3390/ijerph17082927,https://openalex.org/W3020484714,736,True,https://www.mdpi.com/1660-4601/17/8/2927/pdf?version=1587738024,https://doi.org/10.3390/ijerph17082927,International Journal of Environmental Research and Public Health,10.3390ijerph17082927,indoor air pollution related human diseases and recent trends in the control and improvement of indoor air quality,33.01293946094668,0.5,0.0,0.0,0.5130721014168003,0.1593610363962874,doi_key,doi_key,6.156865217001603,1.2748882911702992,7.431753508171902,40.94469296911858,,no_accessible_pdf_found,https://www.mdpi.com/1660-4601/17/8/2927/pdf?version=1587738024
Classifications and Applications of Inkjet Printing Technology: A Review,2021,10.1109/access.2021.3119219,https://openalex.org/W3206452593,248,True,https://ieeexplore.ieee.org/ielx7/6287639/6514899/09565892.pdf,https://doi.org/10.1109/access.2021.3119219,IEEE Access,10.1109access.2021.3119219,classifications and applications of inkjet printing technology a review,27.587264482323537,0.6,5.0,10.0,0.1947178238228284,0.044913265057453,doi_key,doi_key,2.3366138858739407,0.359306120459624,2.695920006333565,40.88318448865711,,no_accessible_pdf_found,https://ieeexplore.ieee.org/ielx7/6287639/6514899/09565892.pdf
Perovskite seeding growth of formamidinium-lead-iodide-based perovskites for efficient and stable solar cells,2018,10.1038/s41467-018-04029-7,https://openalex.org/W2801523206,402,True,https://www.nature.com/articles/s41467-018-04029-7.pdf,https://doi.org/10.1038/s41467-018-04029-7,Nature Communications,10.1038s41467-018-04029-7,perovskite seeding growth of formamidinium lead iodide based perovskites for efficient and stable solar cells,29.99468280973341,0.3,0.0,0.0,0.6842093823264573,0.292519701526805,doi_key,doi_key,8.210512587917489,2.34015761221444,10.550670200131927,40.84535300986534,C:\Users\inkjet\perovskite_ink_scraper\pdfs\2018_10.1038s41467-018-04029-7_Perovskite_seeding_growth_of_formamidinium-lead-iodide-based_perovskites_for_efficient_and_stable_solar_cells.pdf,downloaded_pdf,https://www.nature.com/articles/s41467-018-04029-7.pdf
20.8% Slot‐Die Coated MAPbI<sub>3</sub> Perovskite Solar Cells by Optimal DMSO‐Content and Age of 2‐ME Based Precursor Inks,2021,10.1002/aenm.202003460,https://openalex.org/W3113214473,191,True,https://onlinelibrary.wiley.com/doi/pdfdirect/10.1002/aenm.202003460,https://doi.org/10.1002/aenm.202003460,Advanced Energy Materials,10.1002aenm.202003460,20 8 slot die coated mapbi 3 perovskite solar cells by optimal dmso content and age of 2 me based precursor inks,26.28747686013891,0.6,6.0,12.0,0.1402220957144174,0.0303001029814441,doi_key,doi_key,1.6826651485730089,0.2424008238515528,1.9250659724245616,40.81254283256347,,no_accessible_pdf_found,https://onlinelibrary.wiley.com/doi/pdfdirect/10.1002/aenm.202003460
Multifunctional molecular modulators for perovskite solar cells with over 20% efficiency and high operational stability,2018,10.1038/s41467-018-06709-w,https://openalex.org/W2897375678,328,True,https://www.nature.com/articles/s41467-018-06709-w.pdf,https://doi.org/10.1038/s41467-018-06709-w,Nature Communications,10.1038s41467-018-06709-w,multifunctional molecular modulators for perovskite solar cells with over 20 efficiency and high operational stability,28.98028875382686,0.3,0.0,0.0,0.6334515961043203,0.4779772547404955,doi_key,doi_key,7.601419153251844,3.823818037923964,11.425237191175809,40.70552594500267,C:\Users\inkjet\perovskite_ink_scraper\pdfs\2018_10.1038s41467-018-06709-w_Multifunctional_molecular_modulators_for_perovskite_solar_cells_with_over_20_efficiency_and_high_operational_.pdf,downloaded_pdf,https://www.nature.com/articles/s41467-018-06709-w.pdf
Myths and reality of HPbI3 in halide perovskite solar cells,2018,10.1038/s41467-018-07204-y,https://openalex.org/W2900078643,298,True,https://www.nature.com/articles/s41467-018-07204-y.pdf,https://doi.org/10.1038/s41467-018-07204-y,Nature Communications,10.1038s41467-018-07204-y,myths and reality of hpbi3 in halide perovskite solar cells,28.50221786695344,0.3,0.0,0.0,0.6482769072634192,0.5121142176085028,doi_key,doi_key,7.779322887161031,4.096913740868023,11.876236628029057,40.67845449498249,C:\Users\inkjet\perovskite_ink_scraper\pdfs\2018_10.1038s41467-018-07204-y_Myths_and_reality_of_HPbI3_in_halide_perovskite_solar_cells.pdf,downloaded_pdf,https://www.nature.com/articles/s41467-018-07204-y.pdf
Status and perspectives of key materials for PEM electrolyzer,2022,10.26599/nre.2022.9120032,https://openalex.org/W4295011639,440,True,https://www.sciopen.com/article_pdf/1567427372770799617.pdf,https://doi.org/10.26599/nre.2022.9120032,Nano Research Energy,10.26599nre.2022.9120032,status and perspectives of key materials for pem electrolyzer,30.44522437723423,0.7,0.0,0.0,0.4026189742422352,0.5781741263861344,doi_key,doi_key,4.831427690906822,4.625393011089075,9.456820701995898,40.60204507923012,C:\Users\inkjet\perovskite_ink_scraper\pdfs\2022_10.26599nre.2022.9120032_Status_and_perspectives_of_key_materials_for_PEM_electrolyzer.pdf,downloaded_pdf,https://www.sciopen.com/article_pdf/10.26599/NRE.2022.9120032.pdf
Smoothing the energy transfer pathway in quasi-2D perovskite films using methanesulfonate leads to highly efficient light-emitting devices,2021,10.1038/s41467-021-21522-8,https://openalex.org/W3131699578,415,True,https://www.nature.com/articles/s41467-021-21522-8.pdf,https://doi.org/10.1038/s41467-021-21522-8,Nature Communications,10.1038s41467-021-21522-8,smoothing the energy transfer pathway in quasi 2d perovskite films using methanesulfonate leads to highly efficient light emitting devices,30.15342630130632,0.6,0.0,0.0,0.6422605580766758,0.2539320894720345,doi_key,doi_key,7.70712669692011,2.031456715776276,9.738583412696386,40.49200971400271,C:\Users\inkjet\perovskite_ink_scraper\pdfs\2021_10.1038s41467-021-21522-8_Smoothing_the_energy_transfer_pathway_in_quasi-2D_perovskite_films_using_methanesulfonate_leads_to_highly_eff.pdf,downloaded_pdf,https://www.nature.com/articles/s41467-021-21522-8.pdf
Accelerating the discovery of materials for clean energy in the era of smart automation,2018,10.1038/s41578-018-0005-z,https://openalex.org/W2799915630,745,True,https://www.nature.com/articles/s41578-018-0005-z.pdf,https://doi.org/10.1038/s41578-018-0005-z,Nature Reviews Materials,10.1038s41578-018-0005-z,accelerating the discovery of materials for clean energy in the era of smart automation,33.073628001018804,0.3,0.0,0.0,0.5020614618429216,0.121920768984853,doi_key,doi_key,6.024737542115059,0.975366151878824,7.000103693993883,40.37373169501269,C:\Users\inkjet\perovskite_ink_scraper\pdfs\2018_10.1038s41578-018-0005-z_Accelerating_the_discovery_of_materials_for_clean_energy_in_the_era_of_smart_automation.pdf,downloaded_pdf,https://www.nature.com/articles/s41578-018-0005-z.pdf
Hysteresis-free perovskite solar cells made of potassium-doped organometal halide perovskite,2017,10.1038/s41598-017-12436-x,https://openalex.org/W2754484403,267,True,https://www.nature.com/articles/s41598-017-12436-x.pdf,https://doi.org/10.1038/s41598-017-12436-x,Scientific Reports,10.1038s41598-017-12436-x,hysteresis free perovskite solar cells made of potassium doped organometal halide perovskite,27.95493490255428,0.2,0.0,0.0,0.3836026037603522,0.923913213409258,doi_key,doi_key,4.603231245124227,7.391305707274064,11.994536952398292,40.14947185495257,C:\Users\inkjet\perovskite_ink_scraper\pdfs\2017_10.1038s41598-017-12436-x_Hysteresis-free_perovskite_solar_cells_made_of_potassium-doped_organometal_halide_perovskite.pdf,downloaded_pdf,https://www.nature.com/articles/s41598-017-12436-x.pdf
Stability of perovskite solar cells: issues and prospects,2023,10.1039/d2ra05903g,https://openalex.org/W4313893985,366,True,https://pubs.rsc.org/en/content/articlepdf/2023/ra/d2ra05903g,https://doi.org/10.1039/d2ra05903g,RSC Advances,10.1039d2ra05903g,stability of perovskite solar cells issues and prospects,29.52680924027285,0.8,0.0,0.0,0.4753934521492741,0.4981376035860699,doi_key,doi_key,5.7047214257912895,3.985100828688559,9.689822254479848,40.0166314947527,C:\Users\inkjet\perovskite_ink_scraper\pdfs\2023_10.1039d2ra05903g_Stability_of_perovskite_solar_cells_issues_and_prospects.pdf,downloaded_pdf,https://pubs.rsc.org/en/content/articlepdf/2023/ra/d2ra05903g
Reduced graphene oxide today,2019,10.1039/c9tc04916a,https://openalex.org/W2997981563,669,True,https://pubs.rsc.org/en/content/articlepdf/2020/tc/c9tc04916a,https://doi.org/10.1039/c9tc04916a,Journal of Materials Chemistry C,10.1039c9tc04916a,reduced graphene oxide today,32.53638856192506,0.4,0.0,0.0,0.4694752883094187,0.144359577267567,doi_key,doi_key,5.633703459713025,1.154876618140536,6.7885800778535605,39.724968639778616,,no_accessible_pdf_found,https://pubs.rsc.org/en/content/articlelanding/2020/tc/c9tc04916a/unauth
Development of Greener and Stable Inkjet‐Printable Perovskite Precursor Inks for All‐Printed Annealing‐Free Perovskite Solar Mini‐Modules Manufacturing,2023,10.1002/smtd.202300664,https://openalex.org/W4382502101,32,True,https://onlinelibrary.wiley.com/doi/pdfdirect/10.1002/smtd.202300664,https://doi.org/10.1002/smtd.202300664,Small Methods,10.1002smtd.202300664,development of greener and stable inkjet printable perovskite precursor inks for all printed annealing free perovskite solar mini modules manufacturing,17.482537807332402,0.8,10.5,21.0,0.0201072722157417,0.0106913288728036,doi_key,doi_key,0.2412872665889004,0.0855306309824288,0.3268178975713292,39.60935570490373,,no_accessible_pdf_found,https://onlinelibrary.wiley.com/doi/pdfdirect/10.1002/smtd.202300664
High-performance large-area quasi-2D perovskite light-emitting diodes,2021,10.1038/s41467-021-22529-x,https://openalex.org/W3156248107,315,True,https://www.nature.com/articles/s41467-021-22529-x.pdf,https://doi.org/10.1038/s41467-021-22529-x,Nature Communications,10.1038s41467-021-22529-x,high performance large area quasi 2d perovskite light emitting diodes,28.77871106793456,0.6,1.0,2.0,0.5634436017595293,0.177402597636489,doi_key,doi_key,6.761323221114353,1.419220781091912,8.180544002206265,39.55925507014083,C:\Users\inkjet\perovskite_ink_scraper\pdfs\2021_10.1038s41467-021-22529-x_High-performance_large-area_quasi-2D_perovskite_light-emitting_diodes.pdf,downloaded_pdf,https://www.nature.com/articles/s41467-021-22529-x.pdf
A Review on Metasurface: From Principle to Smart Metadevices,2021,10.3389/fphy.2020.586087,https://openalex.org/W3128209717,645,True,https://www.frontiersin.org/articles/10.3389/fphy.2020.586087/pdf,https://doi.org/10.3389/fphy.2020.586087,Frontiers in Physics,10.3389fphy.2020.586087,a review on metasurface from principle to smart metadevices,32.35399751891301,0.6,0.0,0.0,0.4539593165216118,0.1149324143509522,doi_key,doi_key,5.447511798259342,0.9194593148076176,6.36697111306696,39.32096863197997,C:\Users\inkjet\perovskite_ink_scraper\pdfs\2021_10.3389fphy.2020.586087_A_Review_on_Metasurface_From_Principle_to_Smart_Metadevices.pdf,downloaded_pdf,https://public-pages-files-2025.frontiersin.org/journals/physics/articles/10.3389/fphy.2020.586087/pdf
Scalable PbS Quantum Dot Solar Cell Production by Blade Coating from Stable Inks,2021,10.1021/acsami.0c18204,https://openalex.org/W3121776178,145,True,https://pubs.acs.org/doi/pdf/10.1021/acsami.0c18204,https://doi.org/10.1021/acsami.0c18204,ACS Applied Materials & Interfaces,10.1021acsami.0c18204,scalable pbs quantum dot solar cell production by blade coating from stable inks,24.91803310854168,0.6,6.0,12.0,0.1161646896446302,0.0462917430252249,doi_key,doi_key,1.3939762757355625,0.3703339442017992,1.7643102199373617,39.28234332847905,,no_accessible_pdf_found,https://pubs.acs.org/doi/pdf/10.1021/acsami.0c18204
Large-area and efficient perovskite light-emitting diodes via low-temperature blade-coating,2021,10.1038/s41467-020-20433-4,https://openalex.org/W3120128877,161,True,https://www.nature.com/articles/s41467-020-20433-4.pdf,https://doi.org/10.1038/s41467-020-20433-4,Nature Communications,10.1038s41467-020-20433-4,large area and efficient perovskite light emitting diodes via low temperature blade coating,25.43798167616192,0.6,4.0,8.0,0.3535209873466207,0.1192858111761703,doi_key,doi_key,4.242251848159448,0.9542864894093624,5.196538337568811,39.23452001373073,C:\Users\inkjet\perovskite_ink_scraper\pdfs\2021_10.1038s41467-020-20433-4_Large-area_and_efficient_perovskite_light-emitting_diodes_via_low-temperature_blade-coating.pdf,downloaded_pdf,https://www.nature.com/articles/s41467-020-20433-4.pdf
Progress in understanding structure and transport properties of PEDOT-based materials: A critical review,2019,10.1016/j.pmatsci.2019.100616,https://openalex.org/W2984074512,617,True,https://www.sciencedirect.com/science/article/am/pii/S0079642519300982?via%3Dihub,https://doi.org/10.1016/j.pmatsci.2019.100616,Progress in Materials Science,10.1016j.pmatsci.2019.100616,progress in understanding structure and transport properties of pedot based materials a critical review,32.132442287288455,0.4,0.0,0.0,0.4599932585287754,0.1474583683440633,doi_key,doi_key,5.5199191023453045,1.1796669467525065,6.699586049097811,39.23202833638626,,no_accessible_pdf_found,https://www.sciencedirect.com/science/article/am/pii/S0079642519300982?via%3Dihub
"Recycling of Lithium‐Ion Batteries—Current State of the Art, Circular Economy, and Next Generation Recycling",2022,10.1002/aenm.202102917,https://openalex.org/W4205771230,690,True,https://onlinelibrary.wiley.com/doi/pdfdirect/10.1002/aenm.202102917,https://doi.org/10.1002/aenm.202102917,Advanced Energy Materials,10.1002aenm.202102917,recycling of lithium ion batteries current state of the art circular economy and next generation recycling,32.69069911883835,0.7,0.0,0.0,0.4297384847017556,0.0844242532920259,doi_key,doi_key,5.156861816421067,0.6753940263362072,5.832255842757274,39.22295496159563,,no_accessible_pdf_found,https://onlinelibrary.wiley.com/doi/pdfdirect/10.1002/aenm.202102917
Electrode Materials for Supercapacitors: A Review of Recent Advances,2020,10.3390/catal10090969,https://openalex.org/W3082954565,658,True,https://www.mdpi.com/2073-4344/10/9/969/pdf?version=1598493922,https://doi.org/10.3390/catal10090969,Catalysts,10.3390catal10090969,electrode materials for supercapacitors a review of recent advances,32.453617672512536,0.5,0.0,0.0,0.4452051275985608,0.1157914389343685,doi_key,doi_key,5.34246153118273,0.926331511474948,6.268793042657678,39.22241071517021,,no_accessible_pdf_found,https://www.mdpi.com/2073-4344/10/9/969/pdf?version=1598493922
Bio-inspired vertebral design for scalable and flexible perovskite solar cells,2020,10.1038/s41467-020-16831-3,https://openalex.org/W3034870143,259,True,https://www.nature.com/articles/s41467-020-16831-3.pdf,https://doi.org/10.1038/s41467-020-16831-3,Nature Communications,10.1038s41467-020-16831-3,bio inspired vertebral design for scalable and flexible perovskite solar cells,27.80340815507764,0.5,1.0,2.0,0.5187663922132257,0.3316086637572133,doi_key,doi_key,6.225196706558709,2.6528693100577065,8.878066016616415,39.18147417169405,C:\Users\inkjet\perovskite_ink_scraper\pdfs\2020_10.1038s41467-020-16831-3_Bio-inspired_vertebral_design_for_scalable_and_flexible_perovskite_solar_cells.pdf,downloaded_pdf,https://www.nature.com/articles/s41467-020-16831-3.pdf
Lattice strain causes non-radiative losses in halide perovskites,2019,10.1039/c8ee02751j,https://openalex.org/W2911095050,486,True,https://pubs.rsc.org/en/content/articlepdf/2019/ee/c8ee02751j,https://doi.org/10.1039/c8ee02751j,Energy & Environmental Science,10.1039c8ee02751j,lattice strain causes non radiative losses in halide perovskites,30.94132061541295,0.4,0.0,0.0,0.5608368213434755,0.1160970231822283,doi_key,doi_key,6.730041856121705,0.9287761854578264,7.658818041579531,39.00013865699248,C:\Users\inkjet\perovskite_ink_scraper\pdfs\2019_10.1039c8ee02751j_Lattice_strain_causes_non-radiative_losses_in_halide_perovskites.pdf,downloaded_pdf,https://pubs.rsc.org/en/content/articlepdf/2019/ee/c8ee02751j
Dimensionality engineering of hybrid halide perovskite light absorbers,2018,10.1038/s41467-018-07382-9,https://openalex.org/W2901657000,318,True,https://www.nature.com/articles/s41467-018-07382-9.pdf,https://doi.org/10.1038/s41467-018-07382-9,Nature Communications,10.1038s41467-018-07382-9,dimensionality engineering of hybrid halide perovskite light absorbers,28.82595551392422,0.3,0.0,0.0,0.5963388516681681,0.3327516562291167,doi_key,doi_key,7.156066220018017,2.6620132498329334,9.81807946985095,38.94403498377517,C:\Users\inkjet\perovskite_ink_scraper\pdfs\2018_10.1038s41467-018-07382-9_Dimensionality_engineering_of_hybrid_halide_perovskite_light_absorbers.pdf,downloaded_pdf,https://www.nature.com/articles/s41467-018-07382-9.pdf
Unveiling the operation mechanism of layered perovskite solar cells,2019,10.1038/s41467-019-08958-9,https://openalex.org/W2917115373,290,True,https://www.nature.com/articles/s41467-019-08958-9.pdf,https://doi.org/10.1038/s41467-019-08958-9,Nature Communications,10.1038s41467-019-08958-9,unveiling the operation mechanism of layered perovskite solar cells,28.366616335857465,0.4,0.0,0.0,0.6068696618604261,0.3134578166610182,doi_key,doi_key,7.2824359423251135,2.507662533288145,9.79009847561326,38.55671481147073,C:\Users\inkjet\perovskite_ink_scraper\pdfs\2019_10.1038s41467-019-08958-9_Unveiling_the_operation_mechanism_of_layered_perovskite_solar_cells.pdf,downloaded_pdf,https://www.nature.com/articles/s41467-019-08958-9.pdf
X-ray Scintillation in Lead Halide Perovskite Crystals,2016,10.1038/srep37254,https://openalex.org/W2556394029,366,True,https://www.nature.com/articles/srep37254.pdf,https://doi.org/10.1038/srep37254,Scientific Reports,10.1038srep37254,x ray scintillation in lead halide perovskite crystals,29.52680924027285,0.1,0.0,0.0,0.4549671541625144,0.4236589534685875,doi_key,doi_key,5.459605849950172,3.3892716277487,8.848877477698872,38.475686717971726,C:\Users\inkjet\perovskite_ink_scraper\pdfs\2016_10.1038srep37254_X-ray_Scintillation_in_Lead_Halide_Perovskite_Crystals.pdf,downloaded_pdf,https://www.nature.com/articles/srep37254.pdf
Efficient sky-blue perovskite light-emitting diodes via photoluminescence enhancement,2019,10.1038/s41467-019-13580-w,https://openalex.org/W2995822675,337,True,https://www.nature.com/articles/s41467-019-13580-w.pdf,https://doi.org/10.1038/s41467-019-13580-w,Nature Communications,10.1038s41467-019-13580-w,efficient sky blue perovskite light emitting diodes via photoluminescence enhancement,29.11522947741509,0.4,0.0,0.0,0.6108528148664382,0.2008041272627683,doi_key,doi_key,7.3302337783972575,1.6064330181021464,8.936666796499404,38.4518962739145,C:\Users\inkjet\perovskite_ink_scraper\pdfs\2019_10.1038s41467-019-13580-w_Efficient_sky-blue_perovskite_light-emitting_diodes_via_photoluminescence_enhancement.pdf,downloaded_pdf,https://www.nature.com/articles/s41467-019-13580-w.pdf
Graded bulk-heterojunction enables 17% binary organic solar cells via nonhalogenated open air coating,2021,10.1038/s41467-021-25148-8,https://openalex.org/W3187580872,233,True,https://www.nature.com/articles/s41467-021-25148-8.pdf,https://doi.org/10.1038/s41467-021-25148-8,Nature Communications,10.1038s41467-021-25148-8,graded bulk heterojunction enables 17 binary organic solar cells via nonhalogenated open air coating,27.27660557678851,0.6,1.5,3.0,0.4631665315168446,0.2320882979611589,doi_key,doi_key,5.557998378202136,1.8567063836892712,7.414704761891407,38.29131033867992,C:\Users\inkjet\perovskite_ink_scraper\pdfs\2021_10.1038s41467-021-25148-8_Graded_bulk-heterojunction_enables_17_binary_organic_solar_cells_via_nonhalogenated_open_air_coating.pdf,downloaded_pdf,https://www.nature.com/articles/s41467-021-25148-8.pdf
Advances in Inkjet‐Printed Metal Halide Perovskite Photovoltaic and Optoelectronic Devices,2019,10.1002/ente.201900991,https://openalex.org/W2982978902,111,True,https://onlinelibrary.wiley.com/doi/pdfdirect/10.1002/ente.201900991,https://doi.org/10.1002/ente.201900991,Energy Technology,10.1002ente.201900991,advances in inkjet printed metal halide perovskite photovoltaic and optoelectronic devices,23.59249435647547,0.4,6.5,13.0,0.0855997585976382,0.0330144295248011,doi_key,doi_key,1.0271971031716585,0.2641154361984088,1.2913125393700673,38.28380689584554,,no_accessible_pdf_found,https://onlinelibrary.wiley.com/doi/pdfdirect/10.1002/ente.201900991
Flow-enhanced solution printing of all-polymer solar cells,2015,10.1038/ncomms8955,https://openalex.org/W1938540289,245,True,https://www.nature.com/articles/ncomms8955.pdf,https://doi.org/10.1038/ncomms8955,Nature Communications,10.1038ncomms8955,flow enhanced solution printing of all polymer solar cells,27.526657679661813,0.0,1.0,2.0,0.5305977878146199,0.2938452657321617,doi_key,doi_key,6.367173453775438,2.350762125857293,8.717935579632732,38.24459325929455,C:\Users\inkjet\perovskite_ink_scraper\pdfs\2015_10.1038ncomms8955_Flow-enhanced_solution_printing_of_all-polymer_solar_cells.pdf,downloaded_pdf,https://www.nature.com/articles/ncomms8955.pdf
Metal halide perovskite light emitters,2016,10.1073/pnas.1607471113,https://openalex.org/W2525292295,538,True,https://www.pnas.org/content/pnas/113/42/11694.full.pdf,https://doi.org/10.1073/pnas.1607471113,Proceedings of the National Academy of Sciences,10.1073pnas.1607471113,metal halide perovskite light emitters,31.448577854544983,0.1,0.0,0.0,0.4369811021473915,0.1802999879033137,doi_key,doi_key,5.243773225768698,1.4423999032265096,6.686173128995208,38.2347509835402,,downloaded_but_file_missing,https://www.pnas.org/content/pnas/113/42/11694.full.pdf
Types of Solar Cells and Application,2015,10.11648/j.ajop.20150305.17,https://openalex.org/W1529571442,548,True,http://article.sciencepublishinggroup.com/pdf/10.11648.j.ajop.20150305.17.pdf,https://doi.org/10.11648/j.ajop.20150305.17,American Journal of Optics and Photonics,10.11648j.ajop.20150305.17,types of solar cells and application,31.54049220754765,0.0,0.0,0.0,0.4326938301746045,0.1815673901435679,doi_key,doi_key,5.1923259620952535,1.4525391211485432,6.644865083243797,38.18535729079144,,downloaded_but_file_missing,https://article.sciencepublishinggroup.com/pdf/10.11648.j.ajop.20150305.17.pdf
Crystallization of CsPbBr3 single crystals in water for X-ray detection,2021,10.1038/s41467-021-21805-0,https://openalex.org/W3135205382,300,True,https://www.nature.com/articles/s41467-021-21805-0.pdf,https://doi.org/10.1038/s41467-021-21805-0,Nature Communications,10.1038s41467-021-21805-0,crystallization of cspbbr3 single crystals in water for x ray detection,28.53555132374438,0.6,0.0,0.0,0.568930224358171,0.2571507822402095,doi_key,doi_key,6.827162692298051,2.057206257921676,8.884368950219727,38.0199202739641,C:\Users\inkjet\perovskite_ink_scraper\pdfs\2021_10.1038s41467-021-21805-0_Crystallization_of_CsPbBr3_single_crystals_in_water_for_X-ray_detection.pdf,downloaded_pdf,https://www.nature.com/articles/s41467-021-21805-0.pdf
"Preparations, Properties, and Applications of Polyaniline and Polyaniline Thin Films—A Review",2021,10.3390/polym13122003,https://openalex.org/W3175137827,581,True,https://www.mdpi.com/2073-4360/13/12/2003/pdf?version=1624351148,https://doi.org/10.3390/polym13122003,Polymers,10.3390polym13122003,preparations properties and applications of polyaniline and polyaniline thin films a review,31.83235223865719,0.6,0.0,0.0,0.4092570881830694,0.0755466226446796,doi_key,doi_key,4.911085058196832,0.6043729811574368,5.515458039354269,37.94781027801146,,no_accessible_pdf_found,https://www.mdpi.com/2073-4360/13/12/2003/pdf?version=1624351148
Impacts of alkaline on the defects property and crystallization kinetics in perovskite solar cells,2019,10.1038/s41467-019-09093-1,https://openalex.org/W2918872551,271,True,https://www.nature.com/articles/s41467-019-09093-1.pdf,https://doi.org/10.1038/s41467-019-09093-1,Nature Communications,10.1038s41467-019-09093-1,impacts of alkaline on the defects property and crystallization kinetics in perovskite solar cells,28.029010331479988,0.4,0.0,0.0,0.5486904389479067,0.3639318990497759,doi_key,doi_key,6.584285267374881,2.911455192398208,9.495740459773089,37.92475079125308,C:\Users\inkjet\perovskite_ink_scraper\pdfs\2019_10.1038s41467-019-09093-1_Impacts_of_alkaline_on_the_defects_property_and_crystallization_kinetics_in_perovskite_solar_cells.pdf,downloaded_pdf,https://www.nature.com/articles/s41467-019-09093-1.pdf
Manipulation of facet orientation in hybrid perovskite polycrystalline films by cation cascade,2018,10.1038/s41467-018-05076-w,https://openalex.org/W2870524276,258,True,https://www.nature.com/articles/s41467-018-05076-w.pdf,https://doi.org/10.1038/s41467-018-05076-w,Nature Communications,10.1038s41467-018-05076-w,manipulation of facet orientation in hybrid perovskite polycrystalline films by cation cascade,27.784140308497687,0.3,0.0,0.0,0.6148342636343945,0.299469396385513,doi_key,doi_key,7.378011163612735,2.395755171084104,9.77376633469684,37.857906643194525,C:\Users\inkjet\perovskite_ink_scraper\pdfs\2018_10.1038s41467-018-05076-w_Manipulation_of_facet_orientation_in_hybrid_perovskite_polycrystalline_films_by_cation_cascade.pdf,downloaded_pdf,https://www.nature.com/articles/s41467-018-05076-w.pdf
Defects engineering for high-performance perovskite solar cells,2018,10.1038/s41528-018-0035-z,https://openalex.org/W2883938439,518,True,https://www.nature.com/articles/s41528-018-0035-z.pdf,https://doi.org/10.1038/s41528-018-0035-z,npj Flexible Electronics,10.1038s41528-018-0035-z,defects engineering for high performance perovskite solar cells,31.25951941582944,0.3,0.0,0.0,0.4193881741712292,0.1551406527564907,doi_key,doi_key,5.032658090054751,1.2411252220519255,6.273783312106676,37.83330272793612,C:\Users\inkjet\perovskite_ink_scraper\pdfs\2018_10.1038s41528-018-0035-z_Defects_engineering_for_high-performance_perovskite_solar_cells.pdf,downloaded_pdf,https://www.nature.com/articles/s41528-018-0035-z.pdf
Interpenetrating interfaces for efficient perovskite solar cells with high operational stability and mechanical robustness,2021,10.1038/s41467-021-21292-3,https://openalex.org/W3126723938,278,True,https://www.nature.com/articles/s41467-021-21292-3.pdf,https://doi.org/10.1038/s41467-021-21292-3,Nature Communications,10.1038s41467-021-21292-3,interpenetrating interfaces for efficient perovskite solar cells with high operational stability and mechanical robustness,28.156058909106825,0.6,0.0,0.0,0.5618112716106394,0.2884673669553178,doi_key,doi_key,6.7417352593276725,2.3077389356425426,9.049474194970216,37.80553310407704,C:\Users\inkjet\perovskite_ink_scraper\pdfs\2021_10.1038s41467-021-21292-3_Interpenetrating_interfaces_for_efficient_perovskite_solar_cells_with_high_operational_stability_and_mechanic.pdf,downloaded_pdf,https://www.nature.com/articles/s41467-021-21292-3.pdf
Self-assembled monolayer enabling improved buried interfaces in blade-coated perovskite solar cells for high efficiency and stability,2022,10.26599/nre.2022.9120004,https://openalex.org/W4220832752,132,True,https://www.sciopen.com/article_pdf/1505803554504044545.pdf,https://doi.org/10.26599/nre.2022.9120004,Nano Research Energy,10.26599nre.2022.9120004,self assembled monolayer enabling improved buried interfaces in blade coated perovskite solar cells for high efficiency and stability,24.45174564110877,0.7,1.5,3.0,0.1850457809555343,0.9243254053328044,doi_key,doi_key,2.2205493714664115,7.394603242662435,9.615152614128846,37.766898255237614,C:\Users\inkjet\perovskite_ink_scraper\pdfs\2022_10.26599nre.2022.9120004_Self-assembled_monolayer_enabling_improved_buried_interfaces_in_blade-coated_perovskite_solar_cells_for_high_e.pdf,downloaded_pdf,https://www.sciopen.com/article_pdf/10.26599/NRE.2022.9120004.pdf
Large cation ethylammonium incorporated perovskite for efficient and spectra stable blue light-emitting diodes,2020,10.1038/s41467-020-17943-6,https://openalex.org/W3061209496,313,True,https://www.nature.com/articles/s41467-020-17943-6.pdf,https://doi.org/10.1038/s41467-020-17943-6,Nature Communications,10.1038s41467-020-17943-6,large cation ethylammonium incorporated perovskite for efficient and spectra stable blue light emitting diodes,28.746964929541264,0.5,0.0,0.0,0.5734167761490984,0.1958171601085057,doi_key,doi_key,6.881001313789181,1.5665372808680456,8.447538594657226,37.69450352419849,C:\Users\inkjet\perovskite_ink_scraper\pdfs\2020_10.1038s41467-020-17943-6_Large_cation_ethylammonium_incorporated_perovskite_for_efficient_and_spectra_stable_blue_light-emitting_diode.pdf,downloaded_pdf,https://www.nature.com/articles/s41467-020-17943-6.pdf
Enhanced optical path and electron diffusion length enable high-efficiency perovskite tandems,2020,10.1038/s41467-020-15077-3,https://openalex.org/W3010082540,272,True,https://www.nature.com/articles/s41467-020-15077-3.pdf,https://doi.org/10.1038/s41467-020-15077-3,Nature Communications,10.1038s41467-020-15077-3,enhanced optical path and electron diffusion length enable high efficiency perovskite tandems,28.0473589759248,0.5,0.0,0.0,0.5808430188024838,0.2698430792995912,doi_key,doi_key,6.9701162256298055,2.15874463439673,9.128860860026537,37.67621983595133,C:\Users\inkjet\perovskite_ink_scraper\pdfs\2020_10.1038s41467-020-15077-3_Enhanced_optical_path_and_electron_diffusion_length_enable_high-efficiency_perovskite_tandems.pdf,downloaded_pdf,https://www.nature.com/articles/s41467-020-15077-3.pdf
Understanding effects of precursor solution aging in triple cation lead perovskite,2018,10.1039/c8ra03471k,https://openalex.org/W2808525272,75,True,https://pubs.rsc.org/en/content/articlepdf/2018/ra/c8ra03471k,https://doi.org/10.1039/c8ra03471k,RSC Advances,10.1039c8ra03471k,understanding effects of precursor solution aging in triple cation lead perovskite,21.653666701431654,0.3,3.0,6.0,0.2068240153794998,0.9047156973812672,doi_key,doi_key,2.481888184553997,7.237725579050138,9.719613763604135,37.67328046503579,C:\Users\inkjet\perovskite_ink_scraper\pdfs\2018_10.1039c8ra03471k_Understanding_effects_of_precursor_solution_aging_in_triple_cation_lead_perovskite.pdf,downloaded_pdf,https://pubs.rsc.org/en/content/articlepdf/2018/ra/c8ra03471k
Large guanidinium cation mixed with methylammonium in lead iodide perovskites for 19% efficient solar cells,2017,10.1038/s41560-017-0054-3,https://openalex.org/W2771319237,515,True,https://www.nature.com/articles/s41560-017-0054-3.pdf,https://doi.org/10.1038/s41560-017-0054-3,Nature Energy,10.1038s41560-017-0054-3,large guanidinium cation mixed with methylammonium in lead iodide perovskites for 19 efficient solar cells,31.23053382740781,0.2,0.0,0.0,0.432689004871673,0.1214700210098066,doi_key,doi_key,5.192268058460076,0.9717601680784528,6.164028226538529,37.59456205394634,C:\Users\inkjet\perovskite_ink_scraper\pdfs\2017_10.1038s41560-017-0054-3_Large_guanidinium_cation_mixed_with_methylammonium_in_lead_iodide_perovskites_for_19_efficient_solar_cells.pdf,downloaded_pdf,https://www.nature.com/articles/s41560-017-0054-3.pdf
Recent advances in organic light-emitting diodes: toward smart lighting and displays,2019,10.1039/c9qm00716d,https://openalex.org/W2996329972,556,True,https://pubs.rsc.org/en/content/articlepdf/2020/qm/c9qm00716d,https://doi.org/10.1039/c9qm00716d,Materials Chemistry Frontiers,10.1039c9qm00716d,recent advances in organic light emitting diodes toward smart lighting and displays,31.612826199636423,0.4,0.0,0.0,0.4009516479274675,0.069279163056203,doi_key,doi_key,4.81141977512961,0.554233304449624,5.365653079579234,37.37847927921565,C:\Users\inkjet\perovskite_ink_scraper\pdfs\2019_10.1039c9qm00716d_Recent_advances_in_organic_light-emitting_diodes_toward_smart_lighting_and_displays.pdf,downloaded_pdf,https://pubs.rsc.org/en/content/articlepdf/2020/qm/c9qm00716d
Unveiling the synergistic effect of precursor stoichiometry and interfacial reactions for perovskite light-emitting diodes,2019,10.1038/s41467-019-10612-3,https://openalex.org/W2955901718,184,True,https://www.nature.com/articles/s41467-019-10612-3.pdf,https://doi.org/10.1038/s41467-019-10612-3,Nature Communications,10.1038s41467-019-10612-3,unveiling the synergistic effect of precursor stoichiometry and interfacial reactions for perovskite light emitting diodes,26.101779125391623,0.4,2.0,4.0,0.4381919785972172,0.1965962739210485,doi_key,doi_key,5.258303743166606,1.572770191368388,6.831073934534994,37.33285305992661,C:\Users\inkjet\perovskite_ink_scraper\pdfs\2019_10.1038s41467-019-10612-3_Unveiling_the_synergistic_effect_of_precursor_stoichiometry_and_interfacial_reactions_for_perovskite_light-em.pdf,downloaded_pdf,https://www.nature.com/articles/s41467-019-10612-3.pdf
Impact of H<sub>2</sub>O on organic–inorganic hybrid perovskite solar cells,2017,10.1039/c7ee01674c,https://openalex.org/W2758692133,459,True,https://pubs.rsc.org/en/content/articlepdf/2017/ee/c7ee01674c,https://doi.org/10.1039/c7ee01674c,Energy & Environmental Science,10.1039c7ee01674c,impact of h 2 o on organic inorganic hybrid perovskite solar cells,30.656132447415704,0.2,0.0,0.0,0.4800394792264714,0.0687761029836633,doi_key,doi_key,5.760473750717656,0.5502088238693064,6.310682574586963,37.166815022002666,C:\Users\inkjet\perovskite_ink_scraper\pdfs\2017_10.1039c7ee01674c_Impact_of_Hsub2subO_on_organicinorganic_hybrid_perovskite_solar_cells.pdf,downloaded_pdf,https://pubs.rsc.org/en/content/articlepdf/2017/ee/c7ee01674c
New frontiers for the materials genome initiative,2019,10.1038/s41524-019-0173-4,https://openalex.org/W2929465105,525,True,https://www.nature.com/articles/s41524-019-0173-4.pdf,https://doi.org/10.1038/s41524-019-0173-4,npj Computational Materials,10.1038s41524-019-0173-4,new frontiers for the materials genome initiative,31.32650606368855,0.4,0.0,0.0,0.3928855264433959,0.0899920342743038,doi_key,doi_key,4.714626317320751,0.7199362741944304,5.434562591515181,37.161068655203735,C:\Users\inkjet\perovskite_ink_scraper\pdfs\2019_10.1038s41524-019-0173-4_New_frontiers_for_the_materials_genome_initiative.pdf,downloaded_pdf,https://www.nature.com/articles/s41524-019-0173-4.pdf
How the formation of interfacial charge causes hysteresis in perovskite solar cells,2018,10.1039/c8ee01447g,https://openalex.org/W2805286264,360,True,https://pubs.rsc.org/en/content/articlepdf/2018/ee/c8ee01447g,https://doi.org/10.1039/c8ee01447g,Energy & Environmental Science,10.1039c8ee01447g,how the formation of interfacial charge causes hysteresis in perovskite solar cells,29.444389791664403,0.3,0.0,0.0,0.5439314286888199,0.1022067650550344,doi_key,doi_key,6.527177144265839,0.8176541204402752,7.344831264706114,37.08922105637052,C:\Users\inkjet\perovskite_ink_scraper\pdfs\2018_10.1039c8ee01447g_How_the_formation_of_interfacial_charge_causes_hysteresis_in_perovskite_solar_cells.pdf,downloaded_pdf,https://pubs.rsc.org/en/content/articlepdf/2018/ee/c8ee01447g
Slot-die coating of perovskite solar cells: An overview,2019,10.1016/j.mtcomm.2019.100808,https://openalex.org/W2995852576,191,True,https://ars.els-cdn.com/content/image/1-s2.0-S2352492819308414-ga1_lrg.jpg,https://doi.org/10.1016/j.mtcomm.2019.100808,Materials Today Communications,10.1016j.mtcomm.2019.100808,slot die coating of perovskite solar cells an overview,26.28747686013891,0.4,4.0,8.0,0.1676501716187962,0.048429562400648,doi_key,doi_key,2.0118020594255546,0.387436499205184,2.3992385586307385,37.08671541876964,,no_accessible_pdf_found,https://ars.els-cdn.com/content/image/1-s2.0-S2352492819308414-ga1_lrg.jpg
Long-lived hot-carrier light emission and large blue shift in formamidinium tin triiodide perovskites,2018,10.1038/s41467-017-02684-w,https://openalex.org/W2783473290,277,True,https://www.nature.com/articles/s41467-017-02684-w.pdf,https://doi.org/10.1038/s41467-017-02684-w,Nature Communications,10.1038s41467-017-02684-w,long lived hot carrier light emission and large blue shift in formamidinium tin triiodide perovskites,28.138105568453184,0.3,0.0,0.0,0.5284612368463161,0.2867222217929435,doi_key,doi_key,6.341534842155793,2.293777774343548,8.635312616499341,37.07341818495253,C:\Users\inkjet\perovskite_ink_scraper\pdfs\2018_10.1038s41467-017-02684-w_Long-lived_hot-carrier_light_emission_and_large_blue_shift_in_formamidinium_tin_triiodide_perovskites.pdf,downloaded_pdf,https://www.nature.com/articles/s41467-017-02684-w.pdf
Carrier separation and transport in perovskite solar cells studied by nanometre-scale profiling of electrical potential,2015,10.1038/ncomms9397,https://openalex.org/W2273321167,257,True,https://www.nature.com/articles/ncomms9397.pdf,https://doi.org/10.1038/ncomms9397,Nature Communications,10.1038ncomms9397,carrier separation and transport in perovskite solar cells studied by nanometre scale profiling of electrical potential,27.76479792460809,0.0,0.0,0.0,0.5356155082985942,0.3594917384577294,doi_key,doi_key,6.42738609958313,2.875933907661836,9.303320007244965,37.06811793185305,C:\Users\inkjet\perovskite_ink_scraper\pdfs\2015_10.1038ncomms9397_Carrier_separation_and_transport_in_perovskite_solar_cells_studied_by_nanometre-scale_profiling_of_electrical_potenti.pdf,downloaded_pdf,https://www.nature.com/articles/ncomms9397.pdf
Flexible Perovskite Photovoltaic Modules and Solar Cells Based on Atomic Layer Deposited Compact Layers and UV‐Irradiated TiO<sub>2</sub> Scaffolds on Plastic Substrates,2015,10.1002/aenm.201401808,https://openalex.org/W2150690597,586,True,https://onlinelibrary.wiley.com/doi/pdfdirect/10.1002/aenm.201401808,https://doi.org/10.1002/aenm.201401808,Advanced Energy Materials,10.1002aenm.201401808,flexible perovskite photovoltaic modules and solar cells based on atomic layer deposited compact layers and uv irradiated tio 2 scaffolds on plastic substrates,31.87512409914049,0.0,0.0,0.0,0.377466467351155,0.0737152375285237,doi_key,doi_key,4.5295976082138605,0.5897219002281896,5.11931950844205,36.99444360758254,,no_accessible_pdf_found,https://onlinelibrary.wiley.com/doi/pdfdirect/10.1002/aenm.201401808
"Third-generation solar cells: a review and comparison of polymer:fullerene, hybrid polymer and perovskite solar cells",2014,10.1039/c4ra07064j,https://openalex.org/W2161663950,313,True,https://pubs.rsc.org/en/content/articlepdf/2014/ra/c4ra07064j,https://doi.org/10.1039/c4ra07064j,RSC Advances,10.1039c4ra07064j,third generation solar cells a review and comparison of polymer fullerene hybrid polymer and perovskite solar cells,28.746964929541264,0.0,0.0,0.0,0.4120714097492237,0.4081055059864493,doi_key,doi_key,4.944856916990684,3.2648440478915943,8.209700964882279,36.95666589442354,C:\Users\inkjet\perovskite_ink_scraper\pdfs\2014_10.1039c4ra07064j_Third-generation_solar_cells_a_review_and_comparison_of_polymerfullerene_hybrid_polymer_and_perovskite_solar_cells.pdf,downloaded_pdf,https://pubs.rsc.org/en/content/articlepdf/2014/ra/c4ra07064j
Pure crystal orientation and anisotropic charge transport in large-area hybrid perovskite films,2016,10.1038/ncomms13407,https://openalex.org/W2552559875,227,True,https://www.nature.com/articles/ncomms13407.pdf,https://doi.org/10.1038/ncomms13407,Nature Communications,10.1038ncomms13407,pure crystal orientation and anisotropic charge transport in large area hybrid perovskite films,27.146728144772204,0.1,1.0,2.0,0.491534420266685,0.2079075508203933,doi_key,doi_key,5.89841304320022,1.6632604065631464,7.561673449763367,36.80840159453557,C:\Users\inkjet\perovskite_ink_scraper\pdfs\2016_10.1038ncomms13407_Pure_crystal_orientation_and_anisotropic_charge_transport_in_large-area_hybrid_perovskite_films.pdf,downloaded_pdf,https://www.nature.com/articles/ncomms13407.pdf
"A Review on Printed Electronics: Fabrication Methods, Inks, Substrates, Applications and Environmental Impacts",2021,10.3390/jmmp5030089,https://openalex.org/W3167283458,212,True,https://www.mdpi.com/2504-4494/5/3/89/pdf?version=1628853717,https://doi.org/10.3390/jmmp5030089,Journal of Manufacturing and Materials Processing,10.3390jmmp5030089,a review on printed electronics fabrication methods inks substrates applications and environmental impacts,26.806460828547127,0.6,3.5,7.0,0.1655327734614098,0.0450362041441604,doi_key,doi_key,1.9863932815369167,0.3602896331532832,2.3466829146902004,36.75314374323733,,no_accessible_pdf_found,https://www.mdpi.com/2504-4494/5/3/89/pdf?version=1628853717
Mixed‐Organic‐Cation Tin Iodide for Lead‐Free Perovskite Solar Cells with an Efficiency of 8.12%,2017,10.1002/advs.201700204,https://openalex.org/W2734778715,486,True,https://onlinelibrary.wiley.com/doi/pdfdirect/10.1002/advs.201700204,https://doi.org/10.1002/advs.201700204,Advanced Science,10.1002advs.201700204,mixed organic cation tin iodide for lead free perovskite solar cells with an efficiency of 8 12,30.94132061541295,0.2,0.0,0.0,0.3853224135290223,0.1224466539692666,doi_key,doi_key,4.623868962348268,0.9795732317541328,5.6034421941024,36.74476280951535,,no_accessible_pdf_found,https://onlinelibrary.wiley.com/doi/pdfdirect/10.1002/advs.201700204
The rise of self-driving labs in chemical and materials sciences,2023,10.1038/s44160-022-00231-0,https://openalex.org/W4318486595,457,True,https://www.nature.com/articles/s44160-022-00231-0.pdf,https://doi.org/10.1038/s44160-022-00231-0,Nature Synthesis,10.1038s44160-022-00231-0,the rise of self driving labs in chemical and materials sciences,30.63434592057093,0.8,0.0,0.0,0.3626520814102277,0.1149276143211857,doi_key,doi_key,4.351824976922733,0.9194209145694856,5.271245891492218,36.70559181206315,C:\Users\inkjet\perovskite_ink_scraper\pdfs\2023_10.1038s44160-022-00231-0_The_rise_of_self-driving_labs_in_chemical_and_materials_sciences.pdf,downloaded_pdf,https://www.nature.com/articles/s44160-022-00231-0.pdf
Dye-sensitized solar cells strike back,2021,10.1039/d0cs01336f,https://openalex.org/W3203019058,499,True,https://pubs.rsc.org/en/content/articlepdf/2021/cs/d0cs01336f,https://doi.org/10.1039/d0cs01336f,Chemical Society Reviews,10.1039d0cs01336f,dye sensitized solar cells strike back,31.073040492110955,0.6,0.0,0.0,0.3563593277947838,0.0839926172102354,doi_key,doi_key,4.276311933537405,0.6719409376818832,4.948252871219289,36.621293363330246,C:\Users\inkjet\perovskite_ink_scraper\pdfs\2021_10.1039d0cs01336f_Dye-sensitized_solar_cells_strike_back.pdf,downloaded_pdf,https://pubs.rsc.org/en/content/articlepdf/2021/cs/d0cs01336f
Recent Progress on Piezoelectric and Triboelectric Energy Harvesters in Biomedical Systems,2017,10.1002/advs.201700029,https://openalex.org/W2603913268,537,True,https://onlinelibrary.wiley.com/doi/pdfdirect/10.1002/advs.201700029,https://doi.org/10.1002/advs.201700029,Advanced Science,10.1002advs.201700029,recent progress on piezoelectric and triboelectric energy harvesters in biomedical systems,31.43929280080892,0.2,0.0,0.0,0.3659930040768606,0.073188728435785,doi_key,doi_key,4.391916048922327,0.58550982748628,4.977425876408606,36.61671867721753,,no_accessible_pdf_found,https://onlinelibrary.wiley.com/doi/pdfdirect/10.1002/advs.201700029
Advances in flexible organic field-effect transistors and their applications for flexible electronics,2022,10.1038/s41528-022-00133-3,https://openalex.org/W4205740463,486,True,https://www.nature.com/articles/s41528-022-00133-3.pdf,https://doi.org/10.1038/s41528-022-00133-3,npj Flexible Electronics,10.1038s41528-022-00133-3,advances in flexible organic field effect transistors and their applications for flexible electronics,30.94132061541295,0.7,0.0,0.0,0.353312980401549,0.0857675713126973,doi_key,doi_key,4.239755764818588,0.6861405705015784,4.925896335320166,36.56721695073311,C:\Users\inkjet\perovskite_ink_scraper\pdfs\2022_10.1038s41528-022-00133-3_Advances_in_flexible_organic_field-effect_transistors_and_their_applications_for_flexible_electronics.pdf,downloaded_pdf,https://www.nature.com/articles/s41528-022-00133-3.pdf
Highly efficient oxygen evolution reaction via facile bubble transport realized by three-dimensionally stack-printed catalysts,2020,10.1038/s41467-020-18686-0,https://openalex.org/W3089918156,203,True,https://www.nature.com/articles/s41467-020-18686-0.pdf,https://doi.org/10.1038/s41467-020-18686-0,Nature Communications,10.1038s41467-020-18686-0,highly efficient oxygen evolution reaction via facile bubble transport realized by three dimensionally stack printed catalysts,26.59059996922108,0.5,1.5,3.0,0.421242620274593,0.1759928193904829,doi_key,doi_key,5.054911443295117,1.4079425551238631,6.46285399841898,36.55345396764006,C:\Users\inkjet\perovskite_ink_scraper\pdfs\2020_10.1038s41467-020-18686-0_Highly_efficient_oxygen_evolution_reaction_via_facile_bubble_transport_realized_by_three-dimensionally_stack-.pdf,downloaded_pdf,https://www.nature.com/articles/s41467-020-18686-0.pdf
"Zinc Anode for Mild Aqueous Zinc-Ion Batteries: Challenges, Strategies, and Perspectives",2022,10.1007/s40820-021-00782-5,https://openalex.org/W4206321081,510,True,https://link.springer.com/content/pdf/10.1007/s40820-021-00782-5.pdf,https://doi.org/10.1007/s40820-021-00782-5,Nano-Micro Letters,10.1007s40820-021-00782-5,zinc anode for mild aqueous zinc ion batteries challenges strategies and perspectives,31.18184795101852,0.7,0.0,0.0,0.3421016961895512,0.0690682193017852,doi_key,doi_key,4.105220354274614,0.5525457544142816,4.657766108688896,36.53961405970742,C:\Users\inkjet\perovskite_ink_scraper\pdfs\2022_10.1007s40820-021-00782-5_Zinc_Anode_for_Mild_Aqueous_Zinc-Ion_Batteries_Challenges_Strategies_and_Perspectives.pdf,downloaded_pdf,https://link.springer.com/content/pdf/10.1007/s40820-021-00782-5.pdf
Piezoelectric Nano‐Biomaterials for Biomedicine and Tissue Regeneration,2020,10.1002/adfm.201909045,https://openalex.org/W3008594216,497,True,https://onlinelibrary.wiley.com/doi/pdfdirect/10.1002/adfm.201909045,https://doi.org/10.1002/adfm.201909045,Advanced Functional Materials,10.1002adfm.201909045,piezoelectric nano biomaterials for biomedicine and tissue regeneration,31.053000385123266,0.5,0.0,0.0,0.3589775196245056,0.0836071811257775,doi_key,doi_key,4.307730235494067,0.66885744900622,4.976587684500287,36.52958806962355,,no_accessible_pdf_found,https://onlinelibrary.wiley.com/doi/pdfdirect/10.1002/adfm.201909045
Recent Progresses in Electrocatalysts for Water Electrolysis,2018,10.1007/s41918-018-0014-z,https://openalex.org/W2883757223,475,True,https://link.springer.com/content/pdf/10.1007/s41918-018-0014-z.pdf,https://doi.org/10.1007/s41918-018-0014-z,Electrochemical Energy Reviews,10.1007s41918-018-0014-z,recent progresses in electrocatalysts for water electrolysis,30.827089271157103,0.3,0.0,0.0,0.3685742997395379,0.1187499753735669,doi_key,doi_key,4.422891596874456,0.9499998029885351,5.372891399862991,36.4999806710201,C:\Users\inkjet\perovskite_ink_scraper\pdfs\2018_10.1007s41918-018-0014-z_Recent_Progresses_in_Electrocatalysts_for_Water_Electrolysis.pdf,downloaded_pdf,https://link.springer.com/content/pdf/10.1007/s41918-018-0014-z.pdf
"Synthesis, optoelectronic properties and applications of halide perovskites",2020,10.1039/c9cs00848a,https://openalex.org/W3020144358,506,True,https://pubs.rsc.org/en/content/articlepdf/2020/cs/c9cs00848a,https://doi.org/10.1039/c9cs00848a,Chemical Society Reviews,10.1039c9cs00848a,synthesis optoelectronic properties and applications of halide perovskites,31.14255501795592,0.5,0.0,0.0,0.3444290919088888,0.0832607450418393,doi_key,doi_key,4.133149102906666,0.6660859603347145,4.7992350632413805,36.4417900811973,,no_accessible_pdf_found,https://pubs.rsc.org/en/content/articlelanding/2020/cs/c9cs00848a/unauth
"Progress, challenges and perspectives in flexible perovskite solar cells",2016,10.1039/c6ee01137c,https://openalex.org/W2516530664,417,True,https://pubs.rsc.org/en/content/articlepdf/2016/ee/c6ee01137c,https://doi.org/10.1039/c6ee01137c,Energy & Environmental Science,10.1039c6ee01137c,progress challenges and perspectives in flexible perovskite solar cells,30.17740716262378,0.1,0.0,0.0,0.4634530267366895,0.0750941534207249,doi_key,doi_key,5.561436320840274,0.6007532273657992,6.162189548206073,36.43959671082985,C:\Users\inkjet\perovskite_ink_scraper\pdfs\2016_10.1039c6ee01137c_Progress_challenges_and_perspectives_in_flexible_perovskite_solar_cells.pdf,downloaded_from_html_link,https://www.rsc.org/suppdata/c6/ee/c6ee01137c/c6ee01137c1.pdf
"Colloidal lead halide perovskite nanocrystals: synthesis, optical properties and applications",2016,10.1038/am.2016.167,https://openalex.org/W2555716431,479,True,https://www.nature.com/articles/am2016167.pdf,https://doi.org/10.1038/am.2016.167,NPG Asia Materials,10.1038am.2016.167,colloidal lead halide perovskite nanocrystals synthesis optical properties and applications,30.86893051950968,0.1,0.0,0.0,0.386596512016108,0.0897302383337235,doi_key,doi_key,4.639158144193296,0.717841906669788,5.357000050863084,36.32593057037277,C:\Users\inkjet\perovskite_ink_scraper\pdfs\2016_10.1038am.2016.167_Colloidal_lead_halide_perovskite_nanocrystals_synthesis_optical_properties_and_applications.pdf,downloaded_pdf,https://www.nature.com/articles/am2016167.pdf
Edge stabilization in reduced-dimensional perovskites,2020,10.1038/s41467-019-13944-2,https://openalex.org/W3000612679,224,True,https://www.nature.com/articles/s41467-019-13944-2.pdf,https://doi.org/10.1038/s41467-019-13944-2,Nature Communications,10.1038s41467-019-13944-2,edge stabilization in reduced dimensional perovskites,27.0805020110221,0.5,0.0,0.0,0.4688518367886498,0.3671863290446988,doi_key,doi_key,5.626222041463797,2.9374906323575902,8.563712673821387,36.14421468484349,C:\Users\inkjet\perovskite_ink_scraper\pdfs\2020_10.1038s41467-019-13944-2_Edge_stabilization_in_reduced-dimensional_perovskites.pdf,downloaded_pdf,https://www.nature.com/articles/s41467-019-13944-2.pdf
"Research Update: Large-area deposition, coating, printing, and processing techniques for the upscaling of perovskite solar cell technology",2016,10.1063/1.4962478,https://openalex.org/W2521353428,263,True,https://aip.scitation.org/doi/pdf/10.1063/1.4962478,https://doi.org/10.1063/1.4962478,APL Materials,10.10631.4962478,research update large area deposition coating printing and processing techniques for the upscaling of perovskite solar cell technology,27.87974551573157,0.1,2.5,5.0,0.2207924403811897,0.0590761576393859,doi_key,doi_key,2.6495092845742763,0.4726092611150872,3.1221185456893634,36.10186406142094,,no_accessible_pdf_found,https://aip.scitation.org/doi/pdf/10.1063/1.4962478
Monolithic Perovskite Tandem Solar Cells: A Review of the Present Status and Advanced Characterization Methods Toward 30% Efficiency,2020,10.1002/aenm.201904102,https://openalex.org/W3023269376,492,True,https://onlinelibrary.wiley.com/doi/pdfdirect/10.1002/aenm.201904102,https://doi.org/10.1002/aenm.201904102,Advanced Energy Materials,10.1002aenm.201904102,monolithic perovskite tandem solar cells a review of the present status and advanced characterization methods toward 30 efficiency,31.00254587021345,0.5,0.0,0.0,0.3337928026482005,0.0625027618809336,doi_key,doi_key,4.005513631778406,0.5000220950474688,4.505535726825875,36.00808159703932,,no_accessible_pdf_found,https://onlinelibrary.wiley.com/doi/pdfdirect/10.1002/aenm.201904102
High-performance quasi-2D perovskite light-emitting diodes: from materials to devices,2021,10.1038/s41377-021-00501-0,https://openalex.org/W3138583285,477,True,https://www.nature.com/articles/s41377-021-00501-0.pdf,https://doi.org/10.1038/s41377-021-00501-0,Light Science & Applications,10.1038s41377-021-00501-0,high performance quasi 2d perovskite light emitting diodes from materials to devices,30.84805366245728,0.6,0.0,0.0,0.3473816750434244,0.0458092460258144,doi_key,doi_key,4.168580100521092,0.3664739682065152,4.535054068727607,35.98310773118489,C:\Users\inkjet\perovskite_ink_scraper\pdfs\2021_10.1038s41377-021-00501-0_High-performance_quasi-2D_perovskite_light-emitting_diodes_from_materials_to_devices.pdf,downloaded_pdf,https://www.nature.com/articles/s41377-021-00501-0.pdf
"The versatile biomedical applications of bismuth-based nanoparticles and composites: therapeutic, diagnostic, biosensing, and regenerative properties",2020,10.1039/c9cs00283a,https://openalex.org/W3003821136,483,True,https://pubs.rsc.org/en/content/articlepdf/2020/cs/c9cs00283a,https://doi.org/10.1039/c9cs00283a,Chemical Society Reviews,10.1039c9cs00283a,the versatile biomedical applications of bismuth based nanoparticles and composites therapeutic diagnostic biosensing and regenerative properties,30.91042453358316,0.5,0.0,0.0,0.3352095845705702,0.0530906339523396,doi_key,doi_key,4.022515014846842,0.4247250716187168,4.447240086465559,35.85766462004872,C:\Users\inkjet\perovskite_ink_scraper\pdfs\2020_10.1039c9cs00283a_The_versatile_biomedical_applications_of_bismuth-based_nanoparticles_and_composites_therapeutic_diagnostic_biosensing.pdf,downloaded_pdf,https://pubs.rsc.org/en/content/articlepdf/2020/cs/c9cs00283a
Cu2O photocathodes with band-tail states assisted hole transport for standalone solar water splitting,2020,10.1038/s41467-019-13987-5,https://openalex.org/W2999746085,231,True,https://www.nature.com/articles/s41467-019-13987-5.pdf,https://doi.org/10.1038/s41467-019-13987-5,Nature Communications,10.1038s41467-019-13987-5,cu2o photocathodes with band tail states assisted hole transport for standalone solar water splitting,27.23368685833155,0.5,0.0,0.0,0.4547637085040272,0.3317134423031024,doi_key,doi_key,5.457164502048326,2.653707538424819,8.110872040473145,35.84455889880469,C:\Users\inkjet\perovskite_ink_scraper\pdfs\2020_10.1038s41467-019-13987-5_Cu2O_photocathodes_with_band-tail_states_assisted_hole_transport_for_standalone_solar_water_splitting.pdf,downloaded_pdf,https://www.nature.com/articles/s41467-019-13987-5.pdf
"Future prospects and recent developments of polyvinylidene fluoride (PVDF) piezoelectric polymer; fabrication methods, structure, and electro-mechanical properties",2023,10.1039/d2ra06774a,https://openalex.org/W4317777902,284,True,https://pubs.rsc.org/en/content/articlepdf/2023/ra/d2ra06774a,https://doi.org/10.1039/d2ra06774a,RSC Advances,10.1039d2ra06774a,future prospects and recent developments of polyvinylidene fluoride pvdf piezoelectric polymer fabrication methods structure and electro mechanical properties,28.262445901343256,0.8,0.0,0.0,0.3516460808394621,0.3127107055742871,doi_key,doi_key,4.219752970073545,2.5016856445942968,6.721438614667841,35.7838845160111,C:\Users\inkjet\perovskite_ink_scraper\pdfs\2023_10.1039d2ra06774a_Future_prospects_and_recent_developments_of_polyvinylidene_fluoride_PVDF_piezoelectric_polymer_fabrication_methods_st.pdf,downloaded_pdf,https://pubs.rsc.org/en/content/articlepdf/2023/ra/d2ra06774a
Formulation of functional materials for inkjet printing: A pathway towards fully 3D printed electronics,2023,10.1016/j.mtelec.2023.100058,https://openalex.org/W4386753321,70,True,https://ars.els-cdn.com/content/image/1-s2.0-S2772949423000347-ga1_lrg.jpg,https://doi.org/10.1016/j.mtelec.2023.100058,Materials Today Electronics,10.1016j.mtelec.2023.100058,formulation of functional materials for inkjet printing a pathway towards fully 3d printed electronics,21.313399385206576,0.8,6.5,13.0,0.0455956470059376,0.0113981974216113,doi_key,doi_key,0.5471477640712512,0.0911855793728904,0.6383333434441416,35.751732728650715,,no_accessible_pdf_found,https://ars.els-cdn.com/content/image/1-s2.0-S2772949423000347-ga1_lrg.jpg
"Graphene quantum dot based materials for sensing, bio-imaging and energy storage applications: a review",2020,10.1039/d0ra03938a,https://openalex.org/W3036362356,302,True,https://pubs.rsc.org/en/content/articlepdf/2020/ra/d0ra03938a,https://doi.org/10.1039/d0ra03938a,RSC Advances,10.1039d0ra03938a,graphene quantum dot based materials for sensing bio imaging and energy storage applications a review,28.568664027546845,0.5,0.0,0.0,0.3542132453802989,0.2981351422917465,doi_key,doi_key,4.250558944563587,2.385081138333972,6.63564008289756,35.704304110444404,C:\Users\inkjet\perovskite_ink_scraper\pdfs\2020_10.1039d0ra03938a_Graphene_quantum_dot_based_materials_for_sensing_bio-imaging_and_energy_storage_applications_a_review.pdf,downloaded_pdf,https://pubs.rsc.org/en/content/articlepdf/2020/ra/d0ra03938a
Graphene Oxide and Derivatives: The Place in Graphene Family,2019,10.3389/fphy.2018.00149,https://openalex.org/W2912008130,426,True,https://www.frontiersin.org/articles/10.3389/fphy.2018.00149/pdf,https://doi.org/10.3389/fphy.2018.00149,Frontiers in Physics,10.3389fphy.2018.00149,graphene oxide and derivatives the place in graphene family,30.283920066143125,0.4,0.0,0.0,0.3440296384404177,0.083832734955463,doi_key,doi_key,4.128355661285012,0.670661879643704,4.799017540928716,35.48293760707184,C:\Users\inkjet\perovskite_ink_scraper\pdfs\2019_10.3389fphy.2018.00149_Graphene_Oxide_and_Derivatives_The_Place_in_Graphene_Family.pdf,downloaded_pdf,https://public-pages-files-2025.frontiersin.org/journals/physics/articles/10.3389/fphy.2018.00149/pdf
20.8% slot-die coated MAPbI3 perovskite solar cells by optimal DMSO-content and age of 2-ME based precursor inks,2020,10.21203/rs.3.rs-93765/v1,https://openalex.org/W4242375312,33,True,https://www.researchsquare.com/article/rs-93765/v1.pdf?c=1603247062000,https://doi.org/10.21203/rs.3.rs-93765/v1,UNKNOWN,10.21203rs.3.rs-93765v1,20 8 slot die coated mapbi3 perovskite solar cells by optimal dmso content and age of 2 me based precursor inks,17.63180262308081,0.5,8.5,17.0,0.0221879463714693,0.0094171373190772,doi_key,doi_key,0.2662553564576316,0.0753370985526176,0.3415924550102492,35.47339507809106,C:\Users\inkjet\perovskite_ink_scraper\pdfs\2020_10.21203rs.3.rs-93765v1_20.8_slot-die_coated_MAPbI3_perovskite_solar_cells_by_optimal_DMSO-content_and_age_of_2-ME_based_precursor_inks.pdf,downloaded_pdf,https://assets-eu.researchsquare.com/files/rs-93765/v1/de7648b6-1779-4224-a1fa-503e4cc3e186.pdf?c=1631858380
Emerging electrochemical energy conversion and storage technologies,2014,10.3389/fchem.2014.00079,https://openalex.org/W2161867954,456,True,https://www.frontiersin.org/articles/10.3389/fchem.2014.00079/pdf,https://doi.org/10.3389/fchem.2014.00079,Frontiers in Chemistry,10.3389fchem.2014.00079,emerging electrochemical energy conversion and storage technologies,30.623416954471026,0.0,0.0,0.0,0.3480555315746034,0.0822845730677039,doi_key,doi_key,4.1766663788952405,0.6582765845416312,4.834942963436872,35.4583599179079,C:\Users\inkjet\perovskite_ink_scraper\pdfs\2014_10.3389fchem.2014.00079_Emerging_electrochemical_energy_conversion_and_storage_technologies.pdf,downloaded_pdf,https://public-pages-files-2025.frontiersin.org/journals/chemistry/articles/10.3389/fchem.2014.00079/pdf
Device simulation of highly efficient eco-friendly CH3NH3SnI3 perovskite solar cell,2021,10.1038/s41598-021-82817-w,https://openalex.org/W3128517286,297,True,https://www.nature.com/articles/s41598-021-82817-w.pdf,https://doi.org/10.1038/s41598-021-82817-w,Scientific Reports,10.1038s41598-021-82817-w,device simulation of highly efficient eco friendly ch3nh3sni3 perovskite solar cell,28.485467432527024,0.6,0.0,0.0,0.3186646562893739,0.3180779259179412,doi_key,doi_key,3.823975875472487,2.5446234073435297,6.3685992828160165,35.45406671534304,C:\Users\inkjet\perovskite_ink_scraper\pdfs\2021_10.1038s41598-021-82817-w_Device_simulation_of_highly_efficient_eco-friendly_CH3NH3SnI3_perovskite_solar_cell.pdf,downloaded_pdf,https://www.nature.com/articles/s41598-021-82817-w.pdf
Recent Progress on the Long‐Term Stability of Perovskite Solar Cells,2018,10.1002/advs.201700387,https://openalex.org/W2790911031,438,True,https://onlinelibrary.wiley.com/doi/pdfdirect/10.1002/advs.201700387,https://doi.org/10.1002/advs.201700387,Advanced Science,10.1002advs.201700387,recent progress on the long term stability of perovskite solar cells,30.422497065375858,0.3,0.0,0.0,0.3538167178981555,0.0605748533981476,doi_key,doi_key,4.245800614777866,0.4845988271851808,4.730399441963047,35.452896507338906,,no_accessible_pdf_found,https://onlinelibrary.wiley.com/doi/pdfdirect/10.1002/advs.201700387
Excess charge-carrier induced instability of hybrid perovskites,2018,10.1038/s41467-018-07438-w,https://openalex.org/W2900711066,231,True,https://www.nature.com/articles/s41467-018-07438-w.pdf,https://doi.org/10.1038/s41467-018-07438-w,Nature Communications,10.1038s41467-018-07438-w,excess charge carrier induced instability of hybrid perovskites,27.23368685833155,0.3,0.0,0.0,0.4898911241867817,0.2444348672496886,doi_key,doi_key,5.87869349024138,1.9554789379975088,7.834172428238888,35.36785928657044,C:\Users\inkjet\perovskite_ink_scraper\pdfs\2018_10.1038s41467-018-07438-w_Excess_charge-carrier_induced_instability_of_hybrid_perovskites.pdf,downloaded_pdf,https://www.nature.com/articles/s41467-018-07438-w.pdf
The 2020 photovoltaic technologies roadmap,2020,10.1088/1361-6463/ab9c6a,https://openalex.org/W3034837531,421,True,https://iopscience.iop.org/article/10.1088/1361-6463/ab9c6a/pdf,https://doi.org/10.1088/1361-6463/ab9c6a,Journal of Physics D Applied Physics,10.10881361-6463ab9c6a,the 2020 photovoltaic technologies roadmap,30.22502657018006,0.5,0.0,0.0,0.3282130447987477,0.0770806677846189,doi_key,doi_key,3.938556537584972,0.6166453422769512,4.555201879861923,35.28022845004198,C:\Users\inkjet\perovskite_ink_scraper\pdfs\2020_10.10881361-6463ab9c6a_The_2020_photovoltaic_technologies_roadmap.pdf,downloaded_pdf,https://iopscience.iop.org/article/10.1088/1361-6463/ab9c6a/pdf
Dimension control of in situ fabricated CsPbClBr2 nanocrystal films toward efficient blue light-emitting diodes,2020,10.1038/s41467-020-20163-7,https://openalex.org/W3116386156,238,True,https://www.nature.com/articles/s41467-020-20163-7.pdf,https://doi.org/10.1038/s41467-020-20163-7,Nature Communications,10.1038s41467-020-20163-7,dimension control of in situ fabricated cspbclbr2 nanocrystal films toward efficient blue light emitting diodes,27.38231775965756,0.5,0.0,0.0,0.4790729085495349,0.2016083174781397,doi_key,doi_key,5.748874902594419,1.6128665398251176,7.361741442419536,35.24405920207709,C:\Users\inkjet\perovskite_ink_scraper\pdfs\2020_10.1038s41467-020-20163-7_Dimension_control_of_in_situ_fabricated_CsPbClBr2_nanocrystal_films_toward_efficient_blue_light-emitting_diod.pdf,downloaded_pdf,https://www.nature.com/articles/s41467-020-20163-7.pdf
In situ dynamic observations of perovskite crystallisation and microstructure evolution intermediated from [PbI6]4− cage nanoparticles,2017,10.1038/ncomms15688,https://openalex.org/W2662873333,240,True,https://www.nature.com/articles/ncomms15688.pdf,https://doi.org/10.1038/ncomms15688,Nature Communications,10.1038ncomms15688,in situ dynamic observations of perovskite crystallisation and microstructure evolution intermediated from pbi6 4 cage nanoparticles,27.42398466745328,0.2,0.0,0.0,0.4825223350669506,0.2249531617074451,doi_key,doi_key,5.790268020803407,1.7996252936595607,7.589893314462968,35.21387798191624,C:\Users\inkjet\perovskite_ink_scraper\pdfs\2017_10.1038ncomms15688_In_situ_dynamic_observations_of_perovskite_crystallisation_and_microstructure_evolution_intermediated_from_PbI64_cag.pdf,downloaded_pdf,https://www.nature.com/articles/ncomms15688.pdf
Aqueous dye-sensitized solar cells,2015,10.1039/c4cs00456f,https://openalex.org/W2163203770,453,True,https://pubs.rsc.org/en/content/articlepdf/2015/cs/c4cs00456f,https://doi.org/10.1039/c4cs00456f,Chemical Society Reviews,10.1039c4cs00456f,aqueous dye sensitized solar cells,30.59048599020674,0.0,0.0,0.0,0.3322157176859635,0.0759532956047737,doi_key,doi_key,3.9865886122315617,0.6076263648381895,4.594214977069751,35.18470096727649,C:\Users\inkjet\perovskite_ink_scraper\pdfs\2015_10.1039c4cs00456f_Aqueous_dye-sensitized_solar_cells.pdf,downloaded_pdf,https://pubs.rsc.org/en/content/articlepdf/2015/cs/c4cs00456f
Roll‐to‐Roll Slot Die Coated Perovskite for Efficient Flexible Solar Cells,2018,10.1002/aenm.201801935,https://openalex.org/W2896268144,239,True,https://onlinelibrary.wiley.com/doi/pdfdirect/10.1002/aenm.201801935,https://doi.org/10.1002/aenm.201801935,Advanced Energy Materials,10.1002aenm.201801935,roll to roll slot die coated perovskite for efficient flexible solar cells,27.40319461670996,0.3,2.5,5.0,0.177282810519697,0.043458661841302,doi_key,doi_key,2.127393726236364,0.347669294730416,2.47506302096678,35.17825763767674,,no_accessible_pdf_found,https://onlinelibrary.wiley.com/doi/pdfdirect/10.1002/aenm.201801935
Templated growth of oriented layered hybrid perovskites on 3D-like perovskites,2020,10.1038/s41467-019-13856-1,https://openalex.org/W3004055767,224,True,https://www.nature.com/articles/s41467-019-13856-1.pdf,https://doi.org/10.1038/s41467-019-13856-1,Nature Communications,10.1038s41467-019-13856-1,templated growth of oriented layered hybrid perovskites on 3d like perovskites,27.0805020110221,0.5,0.0,0.0,0.472359198296758,0.2397469755396717,doi_key,doi_key,5.668310379561095,1.9179758043173736,7.586286183878469,35.16678819490057,C:\Users\inkjet\perovskite_ink_scraper\pdfs\2020_10.1038s41467-019-13856-1_Templated_growth_of_oriented_layered_hybrid_perovskites_on_3D-like_perovskites.pdf,downloaded_pdf,https://www.nature.com/articles/s41467-019-13856-1.pdf
Design of highly efficient deep-blue organic afterglow through guest sensitization and matrices rigidification,2020,10.1038/s41467-020-18572-9,https://openalex.org/W3088438454,245,True,https://www.nature.com/articles/s41467-020-18572-9.pdf,https://doi.org/10.1038/s41467-020-18572-9,Nature Communications,10.1038s41467-020-18572-9,design of highly efficient deep blue organic afterglow through guest sensitization and matrices rigidification,27.526657679661813,0.5,0.0,0.0,0.4741754680487346,0.1802979765002693,doi_key,doi_key,5.690105616584815,1.4423838120021544,7.13248942858697,35.15914710824878,C:\Users\inkjet\perovskite_ink_scraper\pdfs\2020_10.1038s41467-020-18572-9_Design_of_highly_efficient_deep-blue_organic_afterglow_through_guest_sensitization_and_matrices_rigidificatio.pdf,downloaded_pdf,https://www.nature.com/articles/s41467-020-18572-9.pdf
A review of aerosol jet printing—a non-traditional hybrid process for micro-manufacturing,2019,10.1007/s00170-019-03438-2,https://openalex.org/W2944404756,413,True,https://link.springer.com/content/pdf/10.1007/s00170-019-03438-2.pdf,https://doi.org/10.1007/s00170-019-03438-2,The International Journal of Advanced Manufacturing Technology,10.1007s00170-019-03438-2,a review of aerosol jet printing a non traditional hybrid process for micro manufacturing,30.12932986912657,0.4,0.0,0.0,0.3265354436193801,0.0770865287699347,doi_key,doi_key,3.918425323432561,0.6166922301594776,4.535117553592039,35.06444742271861,C:\Users\inkjet\perovskite_ink_scraper\pdfs\2019_10.1007s00170-019-03438-2_A_review_of_aerosol_jet_printinga_non-traditional_hybrid_process_for_micro-manufacturing.pdf,downloaded_pdf,https://link.springer.com/content/pdf/10.1007/s00170-019-03438-2.pdf
Interfacial self-healing polymer electrolytes for long-cycle solid-state lithium-sulfur batteries,2024,10.1038/s41467-023-43467-w,https://openalex.org/W4390670057,222,True,https://www.nature.com/articles/s41467-023-43467-w.pdf,https://doi.org/10.1038/s41467-023-43467-w,Nature Communications,10.1038s41467-023-43467-w,interfacial self healing polymer electrolytes for long cycle solid state lithium sulfur batteries,27.0358588573006,0.9,0.0,0.0,0.4472716178295161,0.2190862627155376,doi_key,doi_key,5.3672594139541925,1.7526901017243008,7.119949515678494,35.05580837297909,C:\Users\inkjet\perovskite_ink_scraper\pdfs\2024_10.1038s41467-023-43467-w_Interfacial_self-healing_polymer_electrolytes_for_long-cycle_solid-state_lithium-sulfur_batteries.pdf,downloaded_pdf,https://www.nature.com/articles/s41467-023-43467-w.pdf
Semiconducting Metal Oxide Based Sensors for Selective Gas Pollutant Detection,2009,10.3390/s91008158,https://openalex.org/W2128742521,435,True,https://www.mdpi.com/1424-8220/9/10/8158/pdf?version=1403311813,https://doi.org/10.3390/s91008158,Sensors,10.3390s91008158,semiconducting metal oxide based sensors for selective gas pollutant detection,30.38821121674517,0.0,0.0,0.0,0.3358909675895332,0.0784896238901877,doi_key,doi_key,4.030691611074398,0.6279169911215016,4.6586086021959,35.04681981894107,,no_accessible_pdf_found,https://www.mdpi.com/1424-8220/9/10/8158/pdf?version=1403311813
Interfacial Materials for Organic Solar Cells: Recent Advances and Perspectives,2016,10.1002/advs.201500362,https://openalex.org/W2281370366,463,True,https://onlinelibrary.wiley.com/doi/pdfdirect/10.1002/advs.201500362,https://doi.org/10.1002/advs.201500362,Advanced Science,10.1002advs.201500362,interfacial materials for organic solar cells recent advances and perspectives,30.69942276113128,0.1,0.0,0.0,0.3187729861524505,0.0522279801035938,doi_key,doi_key,3.825275833829406,0.4178238408287504,4.243099674658156,35.04252243578944,,no_accessible_pdf_found,https://onlinelibrary.wiley.com/doi/pdfdirect/10.1002/advs.201500362
Lead-Free Perovskite Materials for Solar Cells,2021,10.1007/s40820-020-00578-z,https://openalex.org/W3125938257,376,True,https://link.springer.com/content/pdf/10.1007/s40820-020-00578-z.pdf,https://doi.org/10.1007/s40820-020-00578-z,Nano-Micro Letters,10.1007s40820-020-00578-z,lead free perovskite materials for solar cells,29.66122593724005,0.6,0.0,0.0,0.2876601352985022,0.1385745560068509,doi_key,doi_key,3.4519216235820265,1.1085964480548072,4.560518071636833,34.82174400887689,C:\Users\inkjet\perovskite_ink_scraper\pdfs\2021_10.1007s40820-020-00578-z_Lead-Free_Perovskite_Materials_for_Solar_Cells.pdf,downloaded_pdf,https://link.springer.com/content/pdf/10.1007/s40820-020-00578-z.pdf
Thin-Film Coating Methods: A Successful Marriage of High-Quality and Cost-Effectiveness—A Brief Exploration,2022,10.3390/coatings12081115,https://openalex.org/W4289985740,272,True,https://www.mdpi.com/2079-6412/12/8/1115/pdf?version=1659689198,https://doi.org/10.3390/coatings12081115,Coatings,10.3390coatings12081115,thin film coating methods a successful marriage of high quality and cost effectiveness a brief exploration,28.0473589759248,0.7,1.5,3.0,0.2187488241663805,0.052929312355057,doi_key,doi_key,2.624985889996566,0.423434498840456,3.048420388837022,34.79577936476182,,no_accessible_pdf_found,https://www.mdpi.com/2079-6412/12/8/1115/pdf?version=1659689198
"Advances in organic photovoltaic cells: a comprehensive review of materials, technologies, and performance",2023,10.1039/d3ra01454a,https://openalex.org/W4366453611,254,True,https://pubs.rsc.org/en/content/articlepdf/2023/ra/d3ra01454a,https://doi.org/10.1039/d3ra01454a,RSC Advances,10.1039d3ra01454a,advances in organic photovoltaic cells a comprehensive review of materials technologies and performance,27.70631772579213,0.8,0.0,0.0,0.3181996618399003,0.2970363036360486,doi_key,doi_key,3.818395942078803,2.376290429088389,6.194686371167192,34.70100409695932,C:\Users\inkjet\perovskite_ink_scraper\pdfs\2023_10.1039d3ra01454a_Advances_in_organic_photovoltaic_cells_a_comprehensive_review_of_materials_technologies_and_performance.pdf,downloaded_pdf,https://pubs.rsc.org/en/content/articlepdf/2023/ra/d3ra01454a
Dye Sensitized Solar Cells,2010,10.3390/ijms11031103,https://openalex.org/W3146047478,395,True,https://www.mdpi.com/1422-0067/11/3/1103/pdf?version=1403139375,https://doi.org/10.3390/ijms11031103,International Journal of Molecular Sciences,10.3390ijms11031103,dye sensitized solar cells,29.907071056272404,0.0,0.0,0.0,0.3316048512992104,0.1017592953181166,doi_key,doi_key,3.9792582155905247,0.8140743625449328,4.793332578135457,34.70040363440786,,no_accessible_pdf_found,https://www.mdpi.com/1422-0067/11/3/1103/pdf?version=1403139375
Degradation of Highly Alloyed Metal Halide Perovskite Precursor Inks: Mechanism and Storage Solutions,2018,10.1021/acsenergylett.8b00305,https://openalex.org/W2790258356,101,True,https://www.osti.gov/servlets/purl/1432603,https://www.osti.gov/biblio/1432603,ACS Energy Letters,10.1021acsenergylett.8b00305,degradation of highly alloyed metal halide perovskite precursor inks mechanism and storage solutions,23.12486406642136,0.3,5.0,10.0,0.0841325178364451,0.0313352689972946,doi_key,doi_key,1.0095902140373412,0.2506821519783568,1.260272366015698,34.68513643243705,C:\Users\inkjet\perovskite_ink_scraper\pdfs\2018_10.1021acsenergylett.8b00305_Degradation_of_Highly_Alloyed_Metal_Halide_Perovskite_Precursor_Inks_Mechanism_and_Storage_Solutions.pdf,downloaded_pdf,https://www.osti.gov/servlets/purl/1432603
Advanced Materials for Use in Soft Self‐Healing Devices,2017,10.1002/adma.201604973,https://openalex.org/W2590494583,428,True,https://onlinelibrary.wiley.com/doi/pdfdirect/10.1002/adma.201604973,https://doi.org/10.1002/adma.201604973,Advanced Materials,10.1002adma.201604973,advanced materials for use in soft self healing devices,30.307284594640084,0.2,0.0,0.0,0.2940444285537913,0.0802635192154776,doi_key,doi_key,3.528533142645496,0.6421081537238208,4.1706412963693165,34.6779258910094,,no_accessible_pdf_found,https://onlinelibrary.wiley.com/doi/pdfdirect/10.1002/adma.201604973
Inkjet printed mesoscopic perovskite solar cells with custom design capability,2020,10.1039/d0ma00077a,https://openalex.org/W3020619809,60,True,https://pubs.rsc.org/en/content/articlepdf/2020/ma/d0ma00077a,https://doi.org/10.1039/d0ma00077a,Materials Advances,10.1039d0ma00077a,inkjet printed mesoscopic perovskite solar cells with custom design capability,20.55436932086656,0.5,6.5,13.0,0.0422298368822599,0.0120283925854042,doi_key,doi_key,0.5067580425871188,0.0962271406832336,0.6029851832703523,34.65735450413691,C:\Users\inkjet\perovskite_ink_scraper\pdfs\2020_10.1039d0ma00077a_Inkjet_printed_mesoscopic_perovskite_solar_cells_with_custom_design_capability.pdf,downloaded_pdf,https://pubs.rsc.org/en/content/articlepdf/2020/ma/d0ma00077a
Enhancement of thermal stability for perovskite solar cells through cesium doping,2017,10.1039/c6ra28501e,https://openalex.org/W2603238395,226,True,https://pubs.rsc.org/en/content/articlepdf/2017/ra/c6ra28501e,https://doi.org/10.1039/c6ra28501e,RSC Advances,10.1039c6ra28501e,enhancement of thermal stability for perovskite solar cells through cesium doping,27.124750087407016,0.2,0.0,0.0,0.3266857929143963,0.4163849336969644,doi_key,doi_key,3.920229514972756,3.331079469575715,7.251308984548471,34.576059071955484,C:\Users\inkjet\perovskite_ink_scraper\pdfs\2017_10.1039c6ra28501e_Enhancement_of_thermal_stability_for_perovskite_solar_cells_through_cesium_doping.pdf,downloaded_pdf,https://pubs.rsc.org/en/content/articlepdf/2017/ra/c6ra28501e
