title,year,doi,openalex_id,cited_by,is_oa,pdf_url,landing_url,venue
"Genesis, challenges and opportunities for colloidal lead halide perovskite nanocrystals",2018,10.1038/s41563-018-0018-4,https://openalex.org/W2794107391,2263,True,https://www.dora.lib4ri.ch/empa/dload/empa:16545/PDF2/view,https://www.dora.lib4ri.ch/empa/islandora/object/empa%3A16545,Nature Materials
One-Year stable perovskite solar cells by 2D/3D interface engineering,2017,10.1038/ncomms15684,https://openalex.org/W2621222172,2056,True,https://www.nature.com/articles/ncomms15684.pdf,https://doi.org/10.1038/ncomms15684,Nature Communications
High-quality bulk hybrid perovskite single crystals within minutes by inverse temperature crystallization,2015,10.1038/ncomms8586,https://openalex.org/W773815729,1910,True,https://www.nature.com/articles/ncomms8586.pdf,https://doi.org/10.1038/ncomms8586,Nature Communications
Methylammonium Chloride Induces Intermediate Phase Stabilization for Efficient Perovskite Solar Cells,2019,10.1016/j.joule.2019.06.014,https://openalex.org/W2952213661,1743,True,http://www.cell.com/article/S2542435119303058/pdf,https://doi.org/10.1016/j.joule.2019.06.014,Joule
Solvent Annealing of Perovskite‐Induced Crystal Growth for Photovoltaic‐Device Efficiency Enhancement,2014,10.1002/adma.201401685,https://openalex.org/W1986717625,1703,True,https://www.osti.gov/servlets/purl/1237997,https://www.osti.gov/biblio/1237997,Advanced Materials
Van der Waals integration before and beyond two-dimensional materials,2019,10.1038/s41586-019-1013-x,https://openalex.org/W2925217409,1534,True,https://www.nature.com/articles/s41586-019-1013-x.pdf,https://doi.org/10.1038/s41586-019-1013-x,Nature
Solution-processed semiconductors for next-generation photodetectors,2017,10.1038/natrevmats.2016.100,https://openalex.org/W2580498825,1531,True,https://utoronto.scholaris.ca/bitstreams/544533a9-d2ba-47fd-bcad-e7a7554dac98/download,http://hdl.handle.net/1807/75852,Nature Reviews Materials
Perovskite Materials for Light‐Emitting Diodes and Lasers,2016,10.1002/adma.201600669,https://openalex.org/W2396261957,1468,True,https://onlinelibrary.wiley.com/doi/pdfdirect/10.1002/adma.201600669,https://doi.org/10.1002/adma.201600669,Advanced Materials
High efficiency planar-type perovskite solar cells with negligible hysteresis using EDTA-complexed SnO2,2018,10.1038/s41467-018-05760-x,https://openalex.org/W2885088646,1400,True,https://www.nature.com/articles/s41467-018-05760-x.pdf,https://doi.org/10.1038/s41467-018-05760-x,Nature Communications
Improved charge extraction in inverted perovskite solar cells with dual-site-binding ligands,2024,10.1126/science.adm9474,https://openalex.org/W4394728226,1362,True,https://utoronto.scholaris.ca/bitstreams/4aaf4125-1290-4e5c-bf07-9b53ed6c035f/download,http://hdl.handle.net/1807/139363,Science
Highly efficient planar perovskite solar cells through band alignment engineering,2015,10.1039/c5ee02608c,https://openalex.org/W1941396097,1262,True,https://pubs.rsc.org/en/content/articlepdf/2015/ee/c5ee02608c,https://doi.org/10.1039/c5ee02608c,Energy & Environmental Science
Managing grains and interfaces via ligand anchoring enables 22.3%-efficiency inverted perovskite solar cells,2020,10.1038/s41560-019-0538-4,https://openalex.org/W2998919826,1246,True,https://utoronto.scholaris.ca/bitstreams/fcd62a5b-5e8b-4735-9ff4-2f030a53834e/download,http://hdl.handle.net/1807/100242,Nature Energy
Towards stable and commercially available perovskite solar cells,2016,10.1038/nenergy.2016.152,https://openalex.org/W2536873010,1186,True,https://www.osti.gov/servlets/purl/1329525,https://www.osti.gov/biblio/1329525,Nature Energy
Detection of X-ray photons by solution-processed lead halide perovskites,2015,10.1038/nphoton.2015.82,https://openalex.org/W1517556801,1177,True,https://www.dora.lib4ri.ch/empa/dload/empa:11995/PDF2/view,https://www.dora.lib4ri.ch/empa/islandora/object/empa%3A11995,Nature Photonics
Scalable fabrication of perovskite solar cells,2018,10.1038/natrevmats.2018.17,https://openalex.org/W2790131079,1150,True,https://www.osti.gov/servlets/purl/1430821,https://www.osti.gov/biblio/1430821,Nature Reviews Materials
Under the spotlight: The organic–inorganic hybrid halide perovskite for optoelectronic applications,2015,10.1016/j.nantod.2015.04.009,https://openalex.org/W2185508523,1144,True,https://www.sciencedirect.com/science/article/pii/S1748013215000560/pdf,https://doi.org/10.1016/j.nantod.2015.04.009,Nano Today
Opportunities and challenges for tandem solar cells using metal halide perovskite semiconductors,2018,10.1038/s41560-018-0190-4,https://openalex.org/W2847347814,1113,True,https://www.osti.gov/servlets/purl/1686155,https://www.osti.gov/biblio/1686155,Nature Energy
Monolithic all-perovskite tandem solar cells with 24.8% efficiency exploiting comproportionation to suppress Sn(ii) oxidation in precursor ink,2019,10.1038/s41560-019-0466-3,https://openalex.org/W2973335593,1069,True,https://utoronto.scholaris.ca/bitstreams/1657147f-a8ba-4220-8150-73ca5b33a2a5/download,http://hdl.handle.net/1807/97401,Nature Energy
Strain engineering in perovskite solar cells and its impacts on carrier dynamics,2019,10.1038/s41467-019-08507-4,https://openalex.org/W2912153941,1037,True,https://www.nature.com/articles/s41467-019-08507-4.pdf,https://doi.org/10.1038/s41467-019-08507-4,Nature Communications
Efficient green light-emitting diodes based on quasi-two-dimensional composition and phase engineered perovskite with surface passivation,2018,10.1038/s41467-018-02978-7,https://openalex.org/W2800279715,1000,True,https://www.nature.com/articles/s41467-018-02978-7.pdf,https://doi.org/10.1038/s41467-018-02978-7,Nature Communications
Perovskites for Next-Generation Optical Sources,2019,10.1021/acs.chemrev.9b00107,https://openalex.org/W2940692781,983,True,https://dr.ntu.edu.sg/bitstream/10356/140305/2/Chem%20Rev_combined_revision%20tedits-Clean.pdf,https://hdl.handle.net/10356/140305,Chemical Reviews
Highly Reproducible Sn‐Based Hybrid Perovskite Solar Cells with 9% Efficiency,2017,10.1002/aenm.201702019,https://openalex.org/W2760629443,897,True,https://onlinelibrary.wiley.com/doi/pdfdirect/10.1002/aenm.201702019,https://doi.org/10.1002/aenm.201702019,Advanced Energy Materials
Chiral-perovskite optoelectronics,2020,10.1038/s41578-020-0181-5,https://openalex.org/W3011088795,895,True,https://www.nature.com/articles/s41578-020-0181-5.pdf,https://doi.org/10.1038/s41578-020-0181-5,Nature Reviews Materials
Band Gap Tuning via Lattice Contraction and Octahedral Tilting in Perovskite Materials for Photovoltaics,2017,10.1021/jacs.7b04981,https://openalex.org/W2735613780,887,True,https://www.osti.gov/servlets/purl/1390619,https://www.osti.gov/biblio/1390619,Journal of the American Chemical Society
Highly Oriented Low-Dimensional Tin Halide Perovskites with Enhanced Stability and Photovoltaic Performance,2017,10.1021/jacs.7b01815,https://openalex.org/W2609670982,882,True,https://utoronto.scholaris.ca/bitstreams/077a57f9-1c2e-4414-b5df-965a6fc982ea/download,http://hdl.handle.net/1807/77210,Journal of the American Chemical Society
Ultra-bright and highly efficient inorganic based perovskite light-emitting diodes,2017,10.1038/ncomms15640,https://openalex.org/W2623955189,854,True,https://www.nature.com/articles/ncomms15640.pdf,https://doi.org/10.1038/ncomms15640,Nature Communications
"Tailored interfaces of unencapsulated perovskite solar cells for >1,000 hour operational stability",2018,10.1038/s41560-017-0067-y,https://openalex.org/W2782219842,826,True,https://www.osti.gov/servlets/purl/1419410,https://www.osti.gov/biblio/1419410,Nature Energy
Universal passivation strategy to slot-die printed SnO2 for hysteresis-free efficient flexible perovskite solar module,2018,10.1038/s41467-018-07099-9,https://openalex.org/W2898941509,820,True,https://www.nature.com/articles/s41467-018-07099-9.pdf,https://doi.org/10.1038/s41467-018-07099-9,Nature Communications
Additive Engineering for Efficient and Stable Perovskite Solar Cells,2019,10.1002/aenm.201902579,https://openalex.org/W2977917184,799,True,https://www.osti.gov/servlets/purl/1570188,https://www.osti.gov/biblio/1569293,Advanced Energy Materials
Lead‐Free Inverted Planar Formamidinium Tin Triiodide Perovskite Solar Cells Achieving Power Conversion Efficiencies up to 6.22%,2016,10.1002/adma.201602992,https://openalex.org/W2511864954,790,True,https://www.osti.gov/servlets/purl/1331968,https://www.osti.gov/biblio/1331968,Advanced Materials
Advancements in perovskite solar cells: photophysics behind the photovoltaics,2014,10.1039/c4ee00673a,https://openalex.org/W2123478102,782,True,https://pubs.rsc.org/en/content/articlepdf/2014/ee/c4ee00673a,https://doi.org/10.1039/c4ee00673a,Energy & Environmental Science
Low-bandgap mixed tin–lead iodide perovskite absorbers with long carrier lifetimes for all-perovskite tandem solar cells,2017,10.1038/nenergy.2017.18,https://openalex.org/W2591756686,772,True,https://www.osti.gov/servlets/purl/1371834,https://www.osti.gov/biblio/1371834,Nature Energy
All-perovskite tandem solar cells with 24.2% certified efficiency and area over 1 cm2 using surface-anchoring zwitterionic antioxidant,2020,10.1038/s41560-020-00705-5,https://openalex.org/W3091827613,763,True,https://utoronto.scholaris.ca/bitstreams/ef3983aa-3f5b-4259-ab80-a33ed6ca25d4/download,https://doi.org/10.1038/s41560-020-00705-5,Nature Energy
Long-term operating stability in perovskite photovoltaics,2023,10.1038/s41578-023-00582-w,https://openalex.org/W4385891984,726,True,https://utoronto.scholaris.ca/bitstreams/14ec58d7-2f78-454f-bf5a-aa32b14331a3/download,http://hdl.handle.net/1807/134282,Nature Reviews Materials
Color-stable highly luminescent sky-blue perovskite light-emitting diodes,2018,10.1038/s41467-018-05909-8,https://openalex.org/W2888115472,721,True,https://www.nature.com/articles/s41467-018-05909-8.pdf,https://doi.org/10.1038/s41467-018-05909-8,Nature Communications
Lead halide–templated crystallization of methylamine-free perovskite for efficient photovoltaic modules,2021,10.1126/science.abh1035,https://openalex.org/W3172692239,720,True,https://oist.repo.nii.ac.jp/record/2202/files/Accepted%20Manuscript-TL-20210506.pdf,https://oist.repo.nii.ac.jp/records/2202,Science
Ultrahydrophobic 3D/2D fluoroarene bilayer-based water-resistant perovskite solar cells with efficiencies exceeding 22%,2019,10.1126/sciadv.aaw2543,https://openalex.org/W2948992934,706,True,https://advances.sciencemag.org/content/advances/5/6/eaaw2543.full.pdf,https://doi.org/10.1126/sciadv.aaw2543,Science Advances
Surface passivation engineering strategy to fully-inorganic cubic CsPbI3 perovskites for high-performance solar cells,2018,10.1038/s41467-018-03169-0,https://openalex.org/W2789697021,670,True,https://www.nature.com/articles/s41467-018-03169-0.pdf,https://doi.org/10.1038/s41467-018-03169-0,Nature Communications
Highly efficient all-inorganic perovskite solar cells with suppressed non-radiative recombination by a Lewis base,2020,10.1038/s41467-019-13909-5,https://openalex.org/W2999691245,667,True,https://www.nature.com/articles/s41467-019-13909-5.pdf,https://doi.org/10.1038/s41467-019-13909-5,Nature Communications
A polymer scaffold for self-healing perovskite solar cells,2016,10.1038/ncomms10228,https://openalex.org/W2397919288,666,True,https://www.nature.com/articles/ncomms10228.pdf,https://doi.org/10.1038/ncomms10228,Nature Communications
Solvent-controlled growth of inorganic perovskite films in dry environment for efficient and stable solar cells,2018,10.1038/s41467-018-04636-4,https://openalex.org/W2806673750,640,True,https://www.nature.com/articles/s41467-018-04636-4.pdf,https://doi.org/10.1038/s41467-018-04636-4,Nature Communications
Advances in two-dimensional organic–inorganic hybrid perovskites,2020,10.1039/c9ee03757h,https://openalex.org/W3008295325,624,True,https://www.osti.gov/servlets/purl/1605081,https://www.osti.gov/biblio/1602077,Energy & Environmental Science
Perovskite ink with wide processing window for scalable high-efficiency solar cells,2017,10.1038/nenergy.2017.38,https://openalex.org/W2603394065,615,True,https://www.osti.gov/servlets/purl/1349021,https://www.osti.gov/biblio/1349021,Nature Energy
Harnessing Defect-Tolerance at the Nanoscale: Highly Luminescent Lead Halide Perovskite Nanocrystals in Mesoporous Silica Matrixes,2016,10.1021/acs.nanolett.6b02688,https://openalex.org/W2510601879,614,True,,https://doi.org/10.1021/acs.nanolett.6b02688,Nano Letters
"Solar-Driven Metal Halide Perovskite Photocatalysis: Design, Stability, and Performance",2020,10.1021/acsenergylett.0c00058,https://openalex.org/W3010364008,611,True,,https://doi.org/10.1021/acsenergylett.0c00058,ACS Energy Letters
Regulating surface potential maximizes voltage in all-perovskite tandems,2022,10.1038/s41586-022-05541-z,https://openalex.org/W4309158972,607,True,https://www.osti.gov/servlets/purl/1900407,https://www.osti.gov/biblio/1903181,Nature
Flexible Perovskite Photovoltaic Modules and Solar Cells Based on Atomic Layer Deposited Compact Layers and UV‐Irradiated TiO2 Scaffolds on Plastic Substrates,2015,10.1002/aenm.201401808,https://openalex.org/W2150690597,594,True,https://onlinelibrary.wiley.com/doi/pdfdirect/10.1002/aenm.201401808,https://doi.org/10.1002/aenm.201401808,Advanced Energy Materials
Circularly polarized light detection using chiral hybrid perovskite,2019,10.1038/s41467-019-09942-z,https://openalex.org/W2941942848,581,True,https://www.nature.com/articles/s41467-019-09942-z.pdf,https://doi.org/10.1038/s41467-019-09942-z,Nature Communications
Perovskite-polymer composite cross-linker approach for highly-stable and efficient perovskite solar cells,2019,10.1038/s41467-019-08455-z,https://openalex.org/W2914692117,581,True,https://www.nature.com/articles/s41467-019-08455-z.pdf,https://doi.org/10.1038/s41467-019-08455-z,Nature Communications
Highly efficient p-i-n perovskite solar cells that endure temperature variations,2023,10.1126/science.add7331,https://openalex.org/W4318263747,568,True,https://cronfa.swan.ac.uk/Record/cronfa62477/Download/62477__26444__eb1b921aa7ef44fd8aefd71b14400751.pdf,https://cronfa.swan.ac.uk/Record/cronfa62477,Science
Modulation of recombination zone position for quasi-two-dimensional blue perovskite light-emitting diodes with efficiency exceeding 5%,2019,10.1038/s41467-019-09011-5,https://openalex.org/W2919782722,566,True,https://www.nature.com/articles/s41467-019-09011-5.pdf,https://doi.org/10.1038/s41467-019-09011-5,Nature Communications
Defects engineering for high-performance perovskite solar cells,2018,10.1038/s41528-018-0035-z,https://openalex.org/W2883938439,562,True,https://www.nature.com/articles/s41528-018-0035-z.pdf,https://doi.org/10.1038/s41528-018-0035-z,npj Flexible Electronics
Deterministic fabrication of 3D/2D perovskite bilayer stacks for durable and efficient solar cells,2022,10.1126/science.abq7652,https://openalex.org/W4296766770,554,True,https://www.osti.gov/servlets/purl/1909609,https://www.osti.gov/biblio/1909609,Science
Efficient two-terminal all-perovskite tandem solar cells enabled by high-quality low-bandgap absorber layers,2018,10.1038/s41560-018-0278-x,https://openalex.org/W2901015524,550,True,https://www.osti.gov/servlets/purl/1485560,https://www.osti.gov/biblio/1485560,Nature Energy
Metal halide perovskite light emitters,2016,10.1073/pnas.1607471113,https://openalex.org/W2525292295,549,True,https://www.pnas.org/content/pnas/113/42/11694.full.pdf,https://doi.org/10.1073/pnas.1607471113,Proceedings of the National Academy of Sciences
"Synthesis, optoelectronic properties and applications of halide perovskites",2020,10.1039/c9cs00848a,https://openalex.org/W3020144358,545,True,https://pubs.rsc.org/en/content/articlepdf/2020/cs/c9cs00848a,https://doi.org/10.1039/c9cs00848a,Chemical Society Reviews
Facile fabrication of large-grain CH3NH3PbI3−xBrx films for high-efficiency solar cells via CH3NH3Br-selective Ostwald ripening,2016,10.1038/ncomms12305,https://openalex.org/W2478184717,541,True,https://www.nature.com/articles/ncomms12305.pdf,https://doi.org/10.1038/ncomms12305,Nature Communications
Nucleation-controlled growth of superior lead-free perovskite Cs3Bi2I9 single-crystals for high-performance X-ray detection,2020,10.1038/s41467-020-16034-w,https://openalex.org/W3022329226,536,True,https://www.nature.com/articles/s41467-020-16034-w.pdf,https://doi.org/10.1038/s41467-020-16034-w,Nature Communications
Large guanidinium cation mixed with methylammonium in lead iodide perovskites for 19% efficient solar cells,2017,10.1038/s41560-017-0054-3,https://openalex.org/W2771319237,531,True,https://www.nature.com/articles/s41560-017-0054-3.pdf,https://doi.org/10.1038/s41560-017-0054-3,Nature Energy
Monolithic Perovskite Tandem Solar Cells: A Review of the Present Status and Advanced Characterization Methods Toward 30% Efficiency,2020,10.1002/aenm.201904102,https://openalex.org/W3023269376,523,True,https://onlinelibrary.wiley.com/doi/pdfdirect/10.1002/aenm.201904102,https://doi.org/10.1002/aenm.201904102,Advanced Energy Materials
High-performance quasi-2D perovskite light-emitting diodes: from materials to devices,2021,10.1038/s41377-021-00501-0,https://openalex.org/W3138583285,515,True,https://www.nature.com/articles/s41377-021-00501-0.pdf,https://doi.org/10.1038/s41377-021-00501-0,Light Science & Applications
Conversion of invisible metal-organic frameworks to luminescent perovskite nanocrystals for confidential information encryption and decryption,2017,10.1038/s41467-017-01248-2,https://openalex.org/W2766836967,513,True,https://www.nature.com/articles/s41467-017-01248-2.pdf,https://doi.org/10.1038/s41467-017-01248-2,Nature Communications
Tailoring the Energy Landscape in Quasi-2D Halide Perovskites Enables Efficient Green-Light Emission,2017,10.1021/acs.nanolett.7b00976,https://openalex.org/W2611277466,508,True,https://utoronto.scholaris.ca/bitstreams/0a70018f-8027-41f4-be22-a7615d325e66/download,http://hdl.handle.net/1807/77204,Nano Letters
Lattice strain causes non-radiative losses in halide perovskites,2019,10.1039/c8ee02751j,https://openalex.org/W2911095050,505,True,https://pubs.rsc.org/en/content/articlepdf/2019/ee/c8ee02751j,https://doi.org/10.1039/c8ee02751j,Energy & Environmental Science
All-inorganic cesium lead iodide perovskite solar cells with stabilized efficiency beyond 15%,2018,10.1038/s41467-018-06915-6,https://openalex.org/W2898318364,504,True,https://www.nature.com/articles/s41467-018-06915-6.pdf,https://doi.org/10.1038/s41467-018-06915-6,Nature Communications
Mixed‐Organic‐Cation Tin Iodide for Lead‐Free Perovskite Solar Cells with an Efficiency of 8.12%,2017,10.1002/advs.201700204,https://openalex.org/W2734778715,503,True,https://onlinelibrary.wiley.com/doi/pdfdirect/10.1002/advs.201700204,https://doi.org/10.1002/advs.201700204,Advanced Science
Trifluoroacetate induced small-grained CsPbBr3 perovskite films result in efficient and stable light-emitting devices,2019,10.1038/s41467-019-08425-5,https://openalex.org/W2914440772,503,True,https://www.nature.com/articles/s41467-019-08425-5.pdf,https://doi.org/10.1038/s41467-019-08425-5,Nature Communications
"Colloidal lead halide perovskite nanocrystals: synthesis, optical properties and applications",2016,10.1038/am.2016.167,https://openalex.org/W2555716431,497,True,https://www.nature.com/articles/am2016167.pdf,https://doi.org/10.1038/am.2016.167,NPG Asia Materials
Enhanced Efficiency and Stability of Inverted Perovskite Solar Cells Using Highly Crystalline SnO 2 Nanocrystals as the Robust Electron‐Transporting Layer,2016,10.1002/adma.201600619,https://openalex.org/W2390031586,496,True,https://www.osti.gov/servlets/purl/1343586,https://www.osti.gov/biblio/1343586,Advanced Materials
Antioxidant Grain Passivation for Air‐Stable Tin‐Based Perovskite Solar Cells,2018,10.1002/anie.201811539,https://openalex.org/W2903026162,496,True,http://ira.lib.polyu.edu.hk/bitstream/10397/100316/1/Tai_Antioxidant_Grain_Passivation.pdf,http://hdl.handle.net/10397/100316,Angewandte Chemie International Edition
Degradation mechanism of hybrid tin-based perovskite solar cells and the critical role of tin (IV) iodide,2021,10.1038/s41467-021-22864-z,https://openalex.org/W3160621054,495,True,https://www.nature.com/articles/s41467-021-22864-z.pdf,https://doi.org/10.1038/s41467-021-22864-z,Nature Communications
Solution-processed perovskite light emitting diodes with efficiency exceeding 15% through additive-controlled nanostructure tailoring,2018,10.1038/s41467-018-06425-5,https://openalex.org/W2891879216,489,True,https://www.nature.com/articles/s41467-018-06425-5.pdf,https://doi.org/10.1038/s41467-018-06425-5,Nature Communications
Mixed halide perovskites for spectrally stable and high-efficiency blue light-emitting diodes,2021,10.1038/s41467-020-20582-6,https://openalex.org/W3120423813,488,True,https://www.nature.com/articles/s41467-020-20582-6.pdf,https://doi.org/10.1038/s41467-020-20582-6,Nature Communications
Spectra stable blue perovskite light-emitting diodes,2019,10.1038/s41467-019-09794-7,https://openalex.org/W2940595295,486,True,https://www.nature.com/articles/s41467-019-09794-7.pdf,https://doi.org/10.1038/s41467-019-09794-7,Nature Communications
Impact of H 2 O on organic–inorganic hybrid perovskite solar cells,2017,10.1039/c7ee01674c,https://openalex.org/W2758692133,481,True,,https://doi.org/10.1039/c7ee01674c,Energy & Environmental Science
Compositional Engineering for Efficient Wide Band Gap Perovskites with Improved Stability to Photoinduced Phase Segregation,2018,10.1021/acsenergylett.7b01255,https://openalex.org/W2785057478,476,True,https://www.osti.gov/servlets/purl/1693733,https://www.osti.gov/biblio/1693733,ACS Energy Letters
Recent Advances in Flexible Perovskite Solar Cells: Fabrication and Applications,2018,10.1002/anie.201809781,https://openalex.org/W2937886105,457,True,https://onlinelibrary.wiley.com/doi/pdfdirect/10.1002/anie.201809781,https://doi.org/10.1002/anie.201809781,Angewandte Chemie International Edition
Lead halide perovskites for photocatalytic organic synthesis,2019,10.1038/s41467-019-10634-x,https://openalex.org/W2955361498,456,True,https://www.nature.com/articles/s41467-019-10634-x.pdf,https://doi.org/10.1038/s41467-019-10634-x,Nature Communications
Meniscus-assisted solution printing of large-grained perovskite films for high-efficiency solar cells,2017,10.1038/ncomms16045,https://openalex.org/W2731818310,450,True,https://www.nature.com/articles/ncomms16045.pdf,https://doi.org/10.1038/ncomms16045,Nature Communications
Recent Progress on the Long‐Term Stability of Perovskite Solar Cells,2018,10.1002/advs.201700387,https://openalex.org/W2790911031,450,True,https://onlinelibrary.wiley.com/doi/pdfdirect/10.1002/advs.201700387,https://doi.org/10.1002/advs.201700387,Advanced Science
A general approach to high-efficiency perovskite solar cells by any antisolvent,2021,10.1038/s41467-021-22049-8,https://openalex.org/W3129036993,449,True,https://www.nature.com/articles/s41467-021-22049-8.pdf,https://doi.org/10.1038/s41467-021-22049-8,Nature Communications
Advances in hole transport materials engineering for stable and efficient perovskite solar cells,2017,10.1016/j.nanoen.2017.02.025,https://openalex.org/W2589370404,448,True,https://kops.uni-konstanz.de/server/api/core/bitstreams/5193df29-6b1b-4c44-b073-3e1ac3ba91dc/content,http://nbn-resolving.de/urn:nbn:de:bsz:352-0-411364,Nano Energy
Perovskite Solar Cells with ZnO Electron‐Transporting Materials,2017,10.1002/adma.201703737,https://openalex.org/W2767493122,446,True,https://discovery.ucl.ac.uk/10051643/1/final%20accepted.pdf,https://discovery.ucl.ac.uk/id/eprint/10051643/,Advanced Materials
Advances in the Application of Perovskite Materials,2023,10.1007/s40820-023-01140-3,https://openalex.org/W4383710709,444,True,https://link.springer.com/content/pdf/10.1007/s40820-023-01140-3.pdf,https://doi.org/10.1007/s40820-023-01140-3,Nano-Micro Letters
Stability of perovskite solar cells: issues and prospects,2023,10.1039/d2ra05903g,https://openalex.org/W4313893985,435,True,https://pubs.rsc.org/en/content/articlepdf/2023/ra/d2ra05903g,https://doi.org/10.1039/d2ra05903g,RSC Advances
Smoothing the energy transfer pathway in quasi-2D perovskite films using methanesulfonate leads to highly efficient light-emitting devices,2021,10.1038/s41467-021-21522-8,https://openalex.org/W3131699578,430,True,https://www.nature.com/articles/s41467-021-21522-8.pdf,https://doi.org/10.1038/s41467-021-21522-8,Nature Communications
"Progress, challenges and perspectives in flexible perovskite solar cells",2016,10.1039/c6ee01137c,https://openalex.org/W2516530664,430,True,https://pubs.rsc.org/en/content/articlepdf/2016/ee/c6ee01137c,https://doi.org/10.1039/c6ee01137c,Energy & Environmental Science
Broadband Emission in Two-Dimensional Hybrid Perovskites: The Role of Structural Deformation,2016,10.1021/jacs.6b10390,https://openalex.org/W2562952133,427,True,https://dr.ntu.edu.sg/bitstream/10356/86312/2/Broadband%20Emission%20in%20Two-Dimensional%20Hybrid%20Perovskites%20_%20The%20Role%20of%20Structural%20Deformation.pdf,http://hdl.handle.net/10220/43965,Journal of the American Chemical Society
Molecular doping enabled scalable blading of efficient hole-transport-layer-free perovskite solar cells,2018,10.1038/s41467-018-04028-8,https://openalex.org/W4239574994,425,True,https://www.nature.com/articles/s41467-018-04028-8.pdf,https://doi.org/10.1038/s41467-018-04028-8,Nature Communications
Stable and low-photovoltage-loss perovskite solar cells by multifunctional passivation,2021,10.1038/s41566-021-00829-4,https://openalex.org/W3179103525,423,True,http://ira.lib.polyu.edu.hk/bitstream/10397/103581/1/Yang_Stable_Low_Photovoltage.pdf,http://hdl.handle.net/10397/103581,Nature Photonics
Device stability of perovskite solar cells – A review,2017,10.1016/j.rser.2017.04.003,https://openalex.org/W2606544528,418,True,https://research.aalto.fi/files/13407053/Device_stability_of_perovskite_solar_cells_last_version.pdf,https://research.aalto.fi/en/publications/dc9a93ea-feb9-4c40-9b38-70f484266bab,Renewable and Sustainable Energy Reviews
Lead-Free Perovskite Materials for Solar Cells,2021,10.1007/s40820-020-00578-z,https://openalex.org/W3125938257,416,True,https://link.springer.com/content/pdf/10.1007/s40820-020-00578-z.pdf,https://doi.org/10.1007/s40820-020-00578-z,Nano-Micro Letters
Perovskite seeding growth of formamidinium-lead-iodide-based perovskites for efficient and stable solar cells,2018,10.1038/s41467-018-04029-7,https://openalex.org/W2801523206,414,True,https://www.nature.com/articles/s41467-018-04029-7.pdf,https://doi.org/10.1038/s41467-018-04029-7,Nature Communications
Enhanced photovoltaic performance and stability with a new type of hollow 3D perovskite {en}FASnI 3,2017,10.1126/sciadv.1701293,https://openalex.org/W2752922284,409,True,https://advances.sciencemag.org/content/advances/3/8/e1701293.full.pdf,https://doi.org/10.1126/sciadv.1701293,Science Advances
High-Efficiency Light-Emitting Diodes of Organometal Halide Perovskite Amorphous Nanoparticles,2016,10.1021/acsnano.6b01540,https://openalex.org/W2418723742,403,True,https://repository.bilkent.edu.tr/bitstreams/2d522915-02cd-4784-b1a3-119b2b33f67b/download,http://hdl.handle.net/11693/36721,ACS Nano
Bifunctional Surface Engineering on SnO2 Reduces Energy Loss in Perovskite Solar Cells,2020,10.1021/acsenergylett.0c01566,https://openalex.org/W3047518622,390,True,https://utoronto.scholaris.ca/bitstreams/44c4f0d7-bc73-4891-a3f6-4826fb7468ac/download,http://hdl.handle.net/1807/104149,ACS Energy Letters
Understanding how excess lead iodide precursor improves halide perovskite solar cell performance,2018,10.1038/s41467-018-05583-w,https://openalex.org/W2886506777,388,True,https://www.nature.com/articles/s41467-018-05583-w.pdf,https://doi.org/10.1038/s41467-018-05583-w,Nature Communications
Crystallization in one-step solution deposition of perovskite films: Upward or downward?,2021,10.1126/sciadv.abb2412,https://openalex.org/W3125798042,388,True,,https://doi.org/10.1126/sciadv.abb2412,Science Advances
X-ray Scintillation in Lead Halide Perovskite Crystals,2016,10.1038/srep37254,https://openalex.org/W2556394029,385,True,https://www.nature.com/articles/srep37254.pdf,https://doi.org/10.1038/srep37254,Scientific Reports
Reducing Saturation‐Current Density to Realize High‐Efficiency Low‐Bandgap Mixed Tin–Lead Halide Perovskite Solar Cells,2018,10.1002/aenm.201803135,https://openalex.org/W2903393784,381,True,https://www.osti.gov/servlets/purl/1487330,https://www.osti.gov/biblio/1487330,Advanced Energy Materials
A chemically inert bismuth interlayer enhances long-term stability of inverted perovskite solar cells,2019,10.1038/s41467-019-09167-0,https://openalex.org/W2922321003,378,True,https://www.nature.com/articles/s41467-019-09167-0.pdf,https://doi.org/10.1038/s41467-019-09167-0,Nature Communications
Perovskite solar cells: An integrated hybrid lifecycle assessment and review in comparison with other photovoltaic technologies,2017,10.1016/j.rser.2017.05.095,https://openalex.org/W2625669580,377,True,https://www.sciencedirect.com/science/article/pii/S1364032117307311/pdf,https://doi.org/10.1016/j.rser.2017.05.095,Renewable and Sustainable Energy Reviews
Performance-limiting nanoscale trap clusters at grain junctions in halide perovskites,2020,10.1038/s41586-020-2184-1,https://openalex.org/W3016443946,377,True,https://oist.repo.nii.ac.jp/record/1643/files/combined_paper_20200708_Final%20Version_with%20fig.pdf,https://oist.repo.nii.ac.jp/records/1643,Nature
Enhanced Charge Transport in 2D Perovskites via Fluorination of Organic Cation,2019,10.1021/jacs.9b00972,https://openalex.org/W2921931225,376,True,https://www.osti.gov/servlets/purl/1506616,https://www.osti.gov/biblio/1506616,Journal of the American Chemical Society
"Achievements, challenges, and future prospects for industrialization of perovskite solar cells",2024,10.1038/s41377-024-01461-x,https://openalex.org/W4402202469,372,True,https://www.nature.com/articles/s41377-024-01461-x.pdf,https://doi.org/10.1038/s41377-024-01461-x,Light Science & Applications
Highly Emissive Green Perovskite Nanocrystals in a Solid State Crystalline Matrix,2017,10.1002/adma.201605945,https://openalex.org/W2598461673,371,True,https://utoronto.scholaris.ca/bitstreams/0fea5967-710d-4387-ad20-7d4eb76d6a8a/download,http://hdl.handle.net/1807/76899,Advanced Materials
"Flexible, Printable Soft‐X‐Ray Detectors Based on All‐Inorganic Perovskite Quantum Dots",2019,10.1002/adma.201901644,https://openalex.org/W2953908119,371,True,https://researchmgt.monash.edu/ws/files/593932048/277933760_oa.pdf,https://research.monash.edu/en/publications/ec16319e-b9d5-45d4-aefd-4d0849e6c4e5,Advanced Materials
How the formation of interfacial charge causes hysteresis in perovskite solar cells,2018,10.1039/c8ee01447g,https://openalex.org/W2805286264,371,True,https://pubs.rsc.org/en/content/articlepdf/2018/ee/c8ee01447g,https://doi.org/10.1039/c8ee01447g,Energy & Environmental Science
Interstitial Occupancy by Extrinsic Alkali Cations in Perovskites and Its Impact on Ion Migration,2018,10.1002/adma.201707350,https://openalex.org/W2799799881,365,True,https://onlinelibrary.wiley.com/doi/pdfdirect/10.1002/adma.201707350,https://doi.org/10.1002/adma.201707350,Advanced Materials
Lead-chelating hole-transport layers for efficient and stable perovskite minimodules,2023,10.1126/science.ade9463,https://openalex.org/W4378194809,362,True,https://www.osti.gov/servlets/purl/2337955,https://www.osti.gov/biblio/2337955,Science
An open-access database and analysis tool for perovskite solar cells based on the FAIR data principles,2021,10.1038/s41560-021-00941-3,https://openalex.org/W4200394152,361,True,https://www.nature.com/articles/s41560-021-00941-3.pdf,https://doi.org/10.1038/s41560-021-00941-3,Nature Energy
Inorganic wide-bandgap perovskite subcells with dipole bridge for all-perovskite tandems,2023,10.1038/s41560-023-01250-7,https://openalex.org/W4365446710,361,True,https://utoronto.scholaris.ca/bitstreams/60c4d7cf-d8af-487d-a806-450bdaf2db9d/download,http://hdl.handle.net/1807/133809,Nature Energy
Co-deposition of hole-selective contact and absorber for improving the processability of perovskite solar cells,2023,10.1038/s41560-023-01227-6,https://openalex.org/W4327568952,356,True,https://www.osti.gov/servlets/purl/1969259,https://www.osti.gov/biblio/1969259,Nature Energy
Roles of Fullerene‐Based Interlayers in Enhancing the Performance of Organometal Perovskite Thin‐Film Solar Cells,2015,10.1002/aenm.201402321,https://openalex.org/W2116726557,354,True,https://www.osti.gov/servlets/purl/1343575,https://www.osti.gov/biblio/1343575,Advanced Energy Materials
New Strategies for Defect Passivation in High‐Efficiency Perovskite Solar Cells,2019,10.1002/aenm.201903090,https://openalex.org/W2989749893,351,True,https://onlinelibrary.wiley.com/doi/pdfdirect/10.1002/aenm.201903090,https://doi.org/10.1002/aenm.201903090,Advanced Energy Materials
Flexible and efficient perovskite quantum dot solar cells via hybrid interfacial architecture,2021,10.1038/s41467-020-20749-1,https://openalex.org/W3070422161,351,True,,https://doi.org/10.1038/s41467-020-20749-1,Nature Communications
"Carbon-based materials for stable, cheaper and large-scale processable perovskite solar cells",2019,10.1039/c9ee02115a,https://openalex.org/W2981670102,347,True,https://pubs.rsc.org/en/content/articlepdf/2019/ee/c9ee02115a,https://doi.org/10.1039/c9ee02115a,Energy & Environmental Science
Strain effects on halide perovskite solar cells,2022,10.1039/d2cs00278g,https://openalex.org/W4289868437,347,True,https://pubs.rsc.org/en/content/articlepdf/2022/cs/d2cs00278g,https://doi.org/10.1039/d2cs00278g,Chemical Society Reviews
Understanding Film Formation Morphology and Orientation in High Member 2D Ruddlesden–Popper Perovskites for High‐Efficiency Solar Cells,2017,10.1002/aenm.201700979,https://openalex.org/W2753117209,346,True,https://www.osti.gov/servlets/purl/1479900,https://www.osti.gov/biblio/1479900,Advanced Energy Materials
Mixed Cation FAxPEA1–xPbI3 with Enhanced Phase and Ambient Stability toward High‐Performance Perovskite Solar Cells,2016,10.1002/aenm.201601307,https://openalex.org/W2525399115,345,True,https://www.osti.gov/servlets/purl/1343600,https://www.osti.gov/biblio/1343600,Advanced Energy Materials
Efficient sky-blue perovskite light-emitting diodes via photoluminescence enhancement,2019,10.1038/s41467-019-13580-w,https://openalex.org/W2995822675,342,True,https://www.nature.com/articles/s41467-019-13580-w.pdf,https://doi.org/10.1038/s41467-019-13580-w,Nature Communications
A brief review of hole transporting materials commonly used in perovskite solar cells,2021,10.1007/s12598-020-01691-z,https://openalex.org/W3161202398,341,True,https://link.springer.com/content/pdf/10.1007/s12598-020-01691-z.pdf,https://doi.org/10.1007/s12598-020-01691-z,Rare Metals
Recent progress in the development of high-efficiency inverted perovskite solar cells,2023,10.1038/s41427-023-00474-z,https://openalex.org/W4368618114,338,True,https://www.nature.com/articles/s41427-023-00474-z.pdf,https://doi.org/10.1038/s41427-023-00474-z,NPG Asia Materials
Multifunctional molecular modulators for perovskite solar cells with over 20% efficiency and high operational stability,2018,10.1038/s41467-018-06709-w,https://openalex.org/W2897375678,337,True,https://www.nature.com/articles/s41467-018-06709-w.pdf,https://doi.org/10.1038/s41467-018-06709-w,Nature Communications
High-performance semitransparent perovskite solar cells with solution-processed silver nanowires as top electrodes,2014,10.1039/c4nr06033d,https://openalex.org/W2048098095,336,True,https://open.fau.de/bitstreams/4c6f355b-d39c-488e-bbab-5774024f7357/download,https://nbn-resolving.org/urn:nbn:de:bvb:29-opus4-83586,Nanoscale
Dimensionality engineering of hybrid halide perovskite light absorbers,2018,10.1038/s41467-018-07382-9,https://openalex.org/W2901657000,331,True,https://www.nature.com/articles/s41467-018-07382-9.pdf,https://doi.org/10.1038/s41467-018-07382-9,Nature Communications
Status and advances of deep eutectic solvents for metal separation and recovery,2022,10.1039/d1gc03851f,https://openalex.org/W4213272016,330,True,https://pubs.rsc.org/en/content/articlepdf/2022/gc/d1gc03851f,https://doi.org/10.1039/d1gc03851f,Green Chemistry
One-stone-for-two-birds strategy to attain beyond 25% perovskite solar cells,2023,10.1038/s41467-023-36229-1,https://openalex.org/W4321002470,329,True,https://www.nature.com/articles/s41467-023-36229-1.pdf,https://doi.org/10.1038/s41467-023-36229-1,Nature Communications
Passivation and process engineering approaches of halide perovskite films for high efficiency and stability perovskite solar cells,2021,10.1039/d1ee00062d,https://openalex.org/W3153702964,327,True,https://pubs.rsc.org/en/content/articlepdf/2021/ee/d1ee00062d,https://doi.org/10.1039/d1ee00062d,Energy & Environmental Science
High-performance large-area quasi-2D perovskite light-emitting diodes,2021,10.1038/s41467-021-22529-x,https://openalex.org/W3156248107,327,True,https://www.nature.com/articles/s41467-021-22529-x.pdf,https://doi.org/10.1038/s41467-021-22529-x,Nature Communications
Nano-optical designs for high-efficiency monolithic perovskite–silicon tandem solar cells,2022,10.1038/s41565-022-01228-8,https://openalex.org/W4307167599,326,True,https://www.nature.com/articles/s41565-022-01228-8.pdf,https://doi.org/10.1038/s41565-022-01228-8,Nature Nanotechnology
Device simulation of highly efficient eco-friendly CH3NH3SnI3 perovskite solar cell,2021,10.1038/s41598-021-82817-w,https://openalex.org/W3128517286,326,True,https://www.nature.com/articles/s41598-021-82817-w.pdf,https://doi.org/10.1038/s41598-021-82817-w,Scientific Reports
Band gap tuning of perovskite solar cells for enhancing the efficiency and stability: issues and prospects,2024,10.1039/d4ra01640h,https://openalex.org/W4396967500,325,True,,https://doi.org/10.1039/d4ra01640h,RSC Advances
Tin Halide Perovskites: From Fundamental Properties to Solar Cells,2021,10.1002/adma.202105844,https://openalex.org/W3203934365,325,True,https://onlinelibrary.wiley.com/doi/pdfdirect/10.1002/adma.202105844,https://doi.org/10.1002/adma.202105844,Advanced Materials
Efficient and stable inverted perovskite solar cells with very high fill factors via incorporation of star-shaped polymer,2021,10.1126/sciadv.abg0633,https://openalex.org/W3179866831,323,True,https://www.science.org/doi/pdf/10.1126/sciadv.abg0633?download=true,https://doi.org/10.1126/sciadv.abg0633,Science Advances
Slot-die coating large-area formamidinium-cesium perovskite film for efficient and stable parallel solar module,2021,10.1126/sciadv.abg3749,https://openalex.org/W3159483471,322,True,,https://doi.org/10.1126/sciadv.abg3749,Science Advances
Recent progress on PEDOT:PSS based polymer blends and composites for flexible electronics and thermoelectric devices,2020,10.1039/d0qm00308e,https://openalex.org/W3044345532,322,True,https://pubs.rsc.org/en/content/articlepdf/2020/qm/d0qm00308e,https://doi.org/10.1039/d0qm00308e,Materials Chemistry Frontiers
Crystallization of CsPbBr3 single crystals in water for X-ray detection,2021,10.1038/s41467-021-21805-0,https://openalex.org/W3135205382,322,True,https://www.nature.com/articles/s41467-021-21805-0.pdf,https://doi.org/10.1038/s41467-021-21805-0,Nature Communications
Large cation ethylammonium incorporated perovskite for efficient and spectra stable blue light-emitting diodes,2020,10.1038/s41467-020-17943-6,https://openalex.org/W3061209496,319,True,https://www.nature.com/articles/s41467-020-17943-6.pdf,https://doi.org/10.1038/s41467-020-17943-6,Nature Communications
"Third-generation solar cells: a review and comparison of polymer:fullerene, hybrid polymer and perovskite solar cells",2014,10.1039/c4ra07064j,https://openalex.org/W2161663950,317,True,https://pubs.rsc.org/en/content/articlepdf/2014/ra/c4ra07064j,https://doi.org/10.1039/c4ra07064j,RSC Advances
Roll-to-roll gravure-printed flexible perovskite solar cells using eco-friendly antisolvent bathing with wide processing window,2020,10.1038/s41467-020-18940-5,https://openalex.org/W3092176741,312,True,https://www.nature.com/articles/s41467-020-18940-5.pdf,https://doi.org/10.1038/s41467-020-18940-5,Nature Communications
Dipolar cations confer defect tolerance in wide-bandgap metal halide perovskites,2018,10.1038/s41467-018-05531-8,https://openalex.org/W2885341599,312,True,https://www.nature.com/articles/s41467-018-05531-8.pdf,https://doi.org/10.1038/s41467-018-05531-8,Nature Communications
Radiation Hardness and Self‐Healing of Perovskite Solar Cells,2016,10.1002/adma.201603326,https://openalex.org/W2509920167,309,True,https://www.helmholtz-berlin.de/pubbin/oai_publication?VT=1&ID=89666,https://www.helmholtz-berlin.de/pubbin/oai_publication?VT=1&ID=89666,Advanced Materials
Myths and reality of HPbI3 in halide perovskite solar cells,2018,10.1038/s41467-018-07204-y,https://openalex.org/W2900078643,307,True,https://www.nature.com/articles/s41467-018-07204-y.pdf,https://doi.org/10.1038/s41467-018-07204-y,Nature Communications
"Recent Progress in Single‐Crystalline Perovskite Research Including Crystal Preparation, Property Evaluation, and Applications",2017,10.1002/advs.201700471,https://openalex.org/W2767375089,307,True,https://onlinelibrary.wiley.com/doi/pdfdirect/10.1002/advs.201700471,https://doi.org/10.1002/advs.201700471,Advanced Science
Synthetic control over orientational degeneracy of spacer cations enhances solar cell efficiency in two-dimensional perovskites,2019,10.1038/s41467-019-08980-x,https://openalex.org/W2924619706,305,True,https://www.nature.com/articles/s41467-019-08980-x.pdf,https://doi.org/10.1038/s41467-019-08980-x,Nature Communications
Lead‐Free Halide Perovskite Materials and Optoelectronic Devices: Progress and Prospective,2023,10.1002/adfm.202307896,https://openalex.org/W4387968778,305,True,https://onlinelibrary.wiley.com/doi/pdfdirect/10.1002/adfm.202307896,https://doi.org/10.1002/adfm.202307896,Advanced Functional Materials
"Printed aerogels: chemistry, processing, and applications",2021,10.1039/c9cs00757a,https://openalex.org/W3128054074,304,True,https://pubs.rsc.org/en/content/articlepdf/2021/cs/c9cs00757a,https://doi.org/10.1039/c9cs00757a,Chemical Society Reviews
Dopant-additive synergism enhances perovskite solar modules,2024,10.1038/s41586-024-07228-z,https://openalex.org/W4392382108,302,True,https://www.nature.com/articles/s41586-024-07228-z.pdf,https://doi.org/10.1038/s41586-024-07228-z,Nature
The green solvent: a critical perspective,2021,10.1007/s10098-021-02188-8,https://openalex.org/W3204061141,299,True,https://link.springer.com/content/pdf/10.1007/s10098-021-02188-8.pdf,https://doi.org/10.1007/s10098-021-02188-8,Clean Technologies and Environmental Policy
Unveiling the operation mechanism of layered perovskite solar cells,2019,10.1038/s41467-019-08958-9,https://openalex.org/W2917115373,298,True,https://www.nature.com/articles/s41467-019-08958-9.pdf,https://doi.org/10.1038/s41467-019-08958-9,Nature Communications
Simplified interconnection structure based on C60/SnO2-x for all-perovskite tandem solar cells,2020,10.1038/s41560-020-0657-y,https://openalex.org/W3042935197,297,True,https://www.osti.gov/servlets/purl/1645622,https://www.osti.gov/biblio/1645622,Nature Energy
Phase Transition Control for High Performance Ruddlesden–Popper Perovskite Solar Cells,2018,10.1002/adma.201707166,https://openalex.org/W2796127803,297,True,https://www.osti.gov/servlets/purl/1558068,https://www.osti.gov/biblio/1558068,Advanced Materials
Wide-bandgap organic–inorganic hybrid and all-inorganic perovskite solar cells and their application in all-perovskite tandem solar cells,2021,10.1039/d1ee01562a,https://openalex.org/W3200186831,296,True,https://www.dora.lib4ri.ch/empa/dload/empa:27634/PDF2/view,https://www.dora.lib4ri.ch/empa/islandora/object/empa%3A27634,Energy & Environmental Science
Sn(IV)-free tin perovskite films realized by in situ Sn(0) nanoparticle treatment of the precursor solution,2020,10.1038/s41467-020-16726-3,https://openalex.org/W3034736206,296,True,https://www.nature.com/articles/s41467-020-16726-3.pdf,https://doi.org/10.1038/s41467-020-16726-3,Nature Communications
Interpenetrating interfaces for efficient perovskite solar cells with high operational stability and mechanical robustness,2021,10.1038/s41467-021-21292-3,https://openalex.org/W3126723938,295,True,https://www.nature.com/articles/s41467-021-21292-3.pdf,https://doi.org/10.1038/s41467-021-21292-3,Nature Communications
Lead‐Free Hybrid Perovskite Absorbers for Viable Application: Can We Eat the Cake and Have It too?,2017,10.1002/advs.201700331,https://openalex.org/W2768735656,293,True,https://onlinelibrary.wiley.com/doi/pdfdirect/10.1002/advs.201700331,https://doi.org/10.1002/advs.201700331,Advanced Science
Long-lived hot-carrier light emission and large blue shift in formamidinium tin triiodide perovskites,2018,10.1038/s41467-017-02684-w,https://openalex.org/W2783473290,293,True,https://www.nature.com/articles/s41467-017-02684-w.pdf,https://doi.org/10.1038/s41467-017-02684-w,Nature Communications
Pathways toward high-performance perovskite solar cells: review of recent advances in organo-metal halide perovskites for photovoltaic applications,2016,10.1117/1.jpe.6.022001,https://openalex.org/W2339358608,292,True,https://www.spiedigitallibrary.org/journals/Journal-of-Photonics-for-Energy/volume-6/issue-2/022001/Pathways-toward-high-performance-perovskite-solar-cells--review-of/10.1117/1.JPE.6.022001.pdf,https://doi.org/10.1117/1.jpe.6.022001,Journal of Photonics for Energy
Two birds with one stone: dual grain-boundary and interface passivation enables >22% efficient inverted methylammonium-free perovskite solar cells,2021,10.1039/d1ee01508g,https://openalex.org/W3191917802,289,True,https://pubs.rsc.org/en/content/articlepdf/2021/ee/d1ee01508g,https://doi.org/10.1039/d1ee01508g,Energy & Environmental Science
A comprehensive review on the advancements and challenges in perovskite solar cell technology,2024,10.1039/d3ra07518d,https://openalex.org/W4391660369,288,True,https://pubs.rsc.org/en/content/articlepdf/2024/ra/d3ra07518d,https://doi.org/10.1039/d3ra07518d,RSC Advances
Efficient Semitransparent Perovskite Solar Cells for 23.0%‐Efficiency Perovskite/Silicon Four‐Terminal Tandem Cells,2016,10.1002/aenm.201601128,https://openalex.org/W2500915427,284,True,https://www.osti.gov/servlets/purl/1342622,https://www.osti.gov/biblio/1342622,Advanced Energy Materials
Bifunctional hole-shuttle molecule for improved interfacial energy level alignment and defect passivation in perovskite solar cells,2023,10.1038/s41560-023-01249-0,https://openalex.org/W4366162946,284,True,https://www.nature.com/articles/s41560-023-01249-0.pdf,https://doi.org/10.1038/s41560-023-01249-0,Nature Energy
Advances and challenges to the commercialization of organic–inorganic halide perovskite solar cell technology,2017,10.1016/j.mtener.2017.09.008,https://openalex.org/W2756513271,284,True,https://www.sciencedirect.com/science/article/pii/S2468606917301363/pdf,https://doi.org/10.1016/j.mtener.2017.09.008,Materials Today Energy
Enhanced optical path and electron diffusion length enable high-efficiency perovskite tandems,2020,10.1038/s41467-020-15077-3,https://openalex.org/W3010082540,283,True,https://www.nature.com/articles/s41467-020-15077-3.pdf,https://doi.org/10.1038/s41467-020-15077-3,Nature Communications
Surface engineering toward stable lithium metal anodes,2023,10.1126/sciadv.adf1550,https://openalex.org/W4362636821,282,True,,https://doi.org/10.1126/sciadv.adf1550,Science Advances
Metal Halide Perovskites for High‐Energy Radiation Detection,2020,10.1002/advs.202002098,https://openalex.org/W3093266119,281,True,https://www.onlinelibrary.wiley.com/doi/pdfdirect/10.1002/advs.202002098,https://doi.org/10.1002/advs.202002098,Advanced Science
Tautomeric mixture coordination enables efficient lead-free perovskite LEDs,2023,10.1038/s41586-023-06514-6,https://openalex.org/W4385709064,278,True,https://infoscience.epfl.ch/bitstreams/9cfb62cf-969e-42c2-82bb-88324fd8ef14/download,https://infoscience.epfl.ch/handle/20.500.14299/201838,Nature
Impacts of alkaline on the defects property and crystallization kinetics in perovskite solar cells,2019,10.1038/s41467-019-09093-1,https://openalex.org/W2918872551,278,True,https://www.nature.com/articles/s41467-019-09093-1.pdf,https://doi.org/10.1038/s41467-019-09093-1,Nature Communications
Hysteresis-free perovskite solar cells made of potassium-doped organometal halide perovskite,2017,10.1038/s41598-017-12436-x,https://openalex.org/W2754484403,275,True,https://www.nature.com/articles/s41598-017-12436-x.pdf,https://doi.org/10.1038/s41598-017-12436-x,Scientific Reports
Suppressing ion migration in metal halide perovskite via interstitial doping with a trace amount of multivalent cations,2022,10.1038/s41563-022-01390-3,https://openalex.org/W4309219319,275,True,https://avesis.marmara.edu.tr/api/publication/ea618ee8-8094-4cb5-89a7-5305b6271b05/file,https://hdl.handle.net/11424/284042,Nature Materials
Bio-inspired vertebral design for scalable and flexible perovskite solar cells,2020,10.1038/s41467-020-16831-3,https://openalex.org/W3034870143,274,True,https://www.nature.com/articles/s41467-020-16831-3.pdf,https://doi.org/10.1038/s41467-020-16831-3,Nature Communications
Low‐Dimensional Metal Halide Perovskite Crystal Materials: Structure Strategies and Luminescence Applications,2021,10.1002/advs.202004805,https://openalex.org/W3170878588,273,True,https://onlinelibrary.wiley.com/doi/pdfdirect/10.1002/advs.202004805,https://doi.org/10.1002/advs.202004805,Advanced Science
Quantum Dots Supply Bulk- and Surface-Passivation Agents for Efficient and Stable Perovskite Solar Cells,2019,10.1016/j.joule.2019.05.005,https://openalex.org/W2946232135,272,True,http://www.cell.com/article/S254243511930217X/pdf,https://doi.org/10.1016/j.joule.2019.05.005,Joule
Recent progress in morphology optimization in perovskite solar cell,2020,10.1039/d0ta00143k,https://openalex.org/W3021792750,271,True,https://pubs.rsc.org/en/content/articlepdf/2020/ta/d0ta00143k,https://doi.org/10.1039/d0ta00143k,Journal of Materials Chemistry A
Manipulation of facet orientation in hybrid perovskite polycrystalline films by cation cascade,2018,10.1038/s41467-018-05076-w,https://openalex.org/W2870524276,271,True,https://www.nature.com/articles/s41467-018-05076-w.pdf,https://doi.org/10.1038/s41467-018-05076-w,Nature Communications
Low-temperature carbon-based electrodes in perovskite solar cells,2020,10.1039/d0ee02175j,https://openalex.org/W3084278585,270,True,https://pubs.rsc.org/en/content/articlepdf/2020/ee/d0ee02175j,https://doi.org/10.1039/d0ee02175j,Energy & Environmental Science
"Colloidal Metal‐Halide Perovskite Nanoplatelets: Thickness‐Controlled Synthesis, Properties, and Application in Light‐Emitting Diodes",2021,10.1002/adma.202107105,https://openalex.org/W3212817537,268,True,https://onlinelibrary.wiley.com/doi/pdfdirect/10.1002/adma.202107105,https://doi.org/10.1002/adma.202107105,Advanced Materials
Solution‐Processed Tin‐Based Perovskite for Near‐Infrared Lasing,2016,10.1002/adma.201601418,https://openalex.org/W2463375370,267,True,https://onlinelibrary.wiley.com/doi/pdfdirect/10.1002/adma.201601418,https://doi.org/10.1002/adma.201601418,Advanced Materials
Carrier separation and transport in perovskite solar cells studied by nanometre-scale profiling of electrical potential,2015,10.1038/ncomms9397,https://openalex.org/W2273321167,266,True,https://www.nature.com/articles/ncomms9397.pdf,https://doi.org/10.1038/ncomms9397,Nature Communications
"Research Update: Large-area deposition, coating, printing, and processing techniques for the upscaling of perovskite solar cell technology",2016,10.1063/1.4962478,https://openalex.org/W2521353428,266,True,https://aip.scitation.org/doi/pdf/10.1063/1.4962478,https://doi.org/10.1063/1.4962478,APL Materials
Efficient blue electroluminescence from reduced-dimensional perovskites,2024,10.1038/s41566-024-01382-6,https://openalex.org/W4391258645,265,True,https://www.repository.cam.ac.uk/bitstreams/c93a3b6a-0e88-4388-b662-67bf3316a1a8/download,https://www.repository.cam.ac.uk/handle/1810/363149,Nature Photonics
A Photonic Crystal Laser from Solution Based Organo-Lead Iodide Perovskite Thin Films,2016,10.1021/acsnano.5b08153,https://openalex.org/W2306803460,265,True,https://dr.ntu.edu.sg/bitstream/10356/141273/2/Manuscript.pdf,https://hdl.handle.net/10356/141273,ACS Nano
"Stretchable, Breathable, and Stable Lead‐Free Perovskite/Polymer Nanofiber Composite for Hybrid Triboelectric and Piezoelectric Energy Harvesting",2022,10.1002/adma.202200042,https://openalex.org/W4214890820,264,True,https://onlinelibrary.wiley.com/doi/pdfdirect/10.1002/adma.202200042,https://doi.org/10.1002/adma.202200042,Advanced Materials
Controllable Perovskite Crystallization via Antisolvent Technique Using Chloride Additives for Highly Efficient Planar Perovskite Solar Cells,2019,10.1002/aenm.201803587,https://openalex.org/W2922408218,263,True,https://onlinelibrary.wiley.com/doi/pdfdirect/10.1002/aenm.201803587,https://doi.org/10.1002/aenm.201803587,Advanced Energy Materials
MoS2 Quantum Dot/Graphene Hybrids for Advanced Interface Engineering of a CH3NH3PbI3 Perovskite Solar Cell with an Efficiency of over 20%,2018,10.1021/acsnano.8b05514,https://openalex.org/W2890882564,261,True,https://arxiv.org/pdf/1903.08954,http://arxiv.org/abs/1903.08954,ACS Nano
Perovskite Quantum Dot Photovoltaic Materials beyond the Reach of Thin Films: Full-Range Tuning of A-Site Cation Composition,2018,10.1021/acsnano.8b05555,https://openalex.org/W2894425567,261,True,https://www.osti.gov/servlets/purl/1476707,https://www.osti.gov/biblio/1476707,ACS Nano
Optical determination of Shockley-Read-Hall and interface recombination currents in hybrid perovskites,2017,10.1038/srep44629,https://openalex.org/W2600000554,261,True,https://www.nature.com/articles/srep44629.pdf,https://doi.org/10.1038/srep44629,Scientific Reports
Humidity resistant fabrication of CH3NH3PbI3 perovskite solar cells and modules,2017,10.1016/j.nanoen.2017.06.039,https://openalex.org/W2652363653,256,True,https://www.sciencedirect.com/science/article/pii/S2211285517303932/pdf,https://doi.org/10.1016/j.nanoen.2017.06.039,Nano Energy
All-inorganic CsPbBr 3 perovskite: a promising choice for photovoltaics,2020,10.1039/d0ma00866d,https://openalex.org/W3111567358,255,True,https://pubs.rsc.org/en/content/articlepdf/2021/ma/d0ma00866d,https://doi.org/10.1039/d0ma00866d,Materials Advances
A high-conductivity n-type polymeric ink for printed electronics,2021,10.1038/s41467-021-22528-y,https://openalex.org/W3155455451,254,True,https://www.nature.com/articles/s41467-021-22528-y.pdf,https://doi.org/10.1038/s41467-021-22528-y,Nature Communications
"A Review on Printed Electronics: Fabrication Methods, Inks, Substrates, Applications and Environmental Impacts",2021,10.3390/jmmp5030089,https://openalex.org/W3167283458,252,True,https://www.mdpi.com/2504-4494/5/3/89/pdf?version=1628853717,https://doi.org/10.3390/jmmp5030089,Journal of Manufacturing and Materials Processing
In situ dynamic observations of perovskite crystallisation and microstructure evolution intermediated from [PbI6]4− cage nanoparticles,2017,10.1038/ncomms15688,https://openalex.org/W2662873333,252,True,https://www.nature.com/articles/ncomms15688.pdf,https://doi.org/10.1038/ncomms15688,Nature Communications
Roll‐to‐Roll Slot Die Coated Perovskite for Efficient Flexible Solar Cells,2018,10.1002/aenm.201801935,https://openalex.org/W2896268144,252,True,https://onlinelibrary.wiley.com/doi/pdfdirect/10.1002/aenm.201801935,https://doi.org/10.1002/aenm.201801935,Advanced Energy Materials
Structure and Growth Control of Organic–Inorganic Halide Perovskites for Optoelectronics: From Polycrystalline Films to Single Crystals,2016,10.1002/advs.201500392,https://openalex.org/W2299835562,251,True,https://onlinelibrary.wiley.com/doi/pdfdirect/10.1002/advs.201500392,https://doi.org/10.1002/advs.201500392,Advanced Science
Ion-induced field screening as a dominant factor in perovskite solar cell operational stability,2024,10.1038/s41560-024-01487-w,https://openalex.org/W4393261943,251,True,https://www.nature.com/articles/s41560-024-01487-w.pdf,https://doi.org/10.1038/s41560-024-01487-w,Nature Energy
Germanium/perovskite heterostructure for high-performance and broadband photodetector from visible to infrared telecommunication band,2019,10.1038/s41377-019-0218-y,https://openalex.org/W2990034422,250,True,https://www.nature.com/articles/s41377-019-0218-y.pdf,https://doi.org/10.1038/s41377-019-0218-y,Light Science & Applications
Ultrathin and flexible perovskite solar cells with graphene transparent electrodes,2016,10.1016/j.nanoen.2016.08.038,https://openalex.org/W2518074733,250,True,https://ars.els-cdn.com/content/image/1-s2.0-S2211285516303263-fx1_lrg.jpg,https://doi.org/10.1016/j.nanoen.2016.08.038,Nano Energy
Assessing health and environmental impacts of solvents for producing perovskite solar cells,2020,10.1038/s41893-020-00645-8,https://openalex.org/W3111080430,249,True,https://www.osti.gov/servlets/purl/1755742,https://www.osti.gov/biblio/1755742,Nature Sustainability
Ammonium cations with high pKa in perovskite solar cells for improved high-temperature photostability,2023,10.1038/s41560-023-01362-0,https://openalex.org/W4387130548,248,True,https://www.osti.gov/servlets/purl/2337954,https://www.osti.gov/biblio/2337954,Nature Energy
Excess charge-carrier induced instability of hybrid perovskites,2018,10.1038/s41467-018-07438-w,https://openalex.org/W2900711066,247,True,https://www.nature.com/articles/s41467-018-07438-w.pdf,https://doi.org/10.1038/s41467-018-07438-w,Nature Communications
Dimension control of in situ fabricated CsPbClBr2 nanocrystal films toward efficient blue light-emitting diodes,2020,10.1038/s41467-020-20163-7,https://openalex.org/W3116386156,247,True,https://www.nature.com/articles/s41467-020-20163-7.pdf,https://doi.org/10.1038/s41467-020-20163-7,Nature Communications
Photovoltaic Rudorffites: Lead‐Free Silver Bismuth Halides Alternative to Hybrid Lead Halide Perovskites,2017,10.1002/cssc.201700980,https://openalex.org/W2730066170,246,True,https://www.onlinelibrary.wiley.com/doi/pdfdirect/10.1002/cssc.201700980,https://doi.org/10.1002/cssc.201700980,ChemSusChem
Enhancing Efficiency and Stability of Photovoltaic Cells by Using Perovskite/Zr‐MOF Heterojunction Including Bilayer and Hybrid Structures,2019,10.1002/advs.201801715,https://openalex.org/W2908260541,243,True,https://onlinelibrary.wiley.com/doi/pdfdirect/10.1002/advs.201801715,https://doi.org/10.1002/advs.201801715,Advanced Science
"Synergy of 3D and 2D Perovskites for Durable, Efficient Solar Cells and Beyond",2023,10.1021/acs.chemrev.3c00214,https://openalex.org/W4383711345,241,True,https://hal.science/hal-04160913/document,https://hal.science/hal-04160913,Chemical Reviews
I 2 vapor-induced degradation of formamidinium lead iodide based perovskite solar cells under heat–light soaking conditions,2019,10.1039/c9ee02043h,https://openalex.org/W2967485397,241,True,https://pubs.rsc.org/en/content/articlepdf/2019/ee/c9ee02043h,https://doi.org/10.1039/c9ee02043h,Energy & Environmental Science
Self-assembled bilayer for perovskite solar cells with improved tolerance against thermal stresses,2025,10.1038/s41560-024-01689-2,https://openalex.org/W4406104388,241,True,https://www.nature.com/articles/s41560-024-01689-2.pdf,https://doi.org/10.1038/s41560-024-01689-2,Nature Energy
Scalable Deposition Methods for Large‐area Production of Perovskite Thin Films,2019,10.1002/eem2.12043,https://openalex.org/W2955953428,240,True,https://onlinelibrary.wiley.com/doi/pdfdirect/10.1002/eem2.12043,https://doi.org/10.1002/eem2.12043,Energy & environment materials
High Color Purity Lead‐Free Perovskite Light‐Emitting Diodes via Sn Stabilization,2020,10.1002/advs.201903213,https://openalex.org/W3009738470,239,True,https://onlinelibrary.wiley.com/doi/pdfdirect/10.1002/advs.201903213,https://doi.org/10.1002/advs.201903213,Advanced Science
Pure crystal orientation and anisotropic charge transport in large-area hybrid perovskite films,2016,10.1038/ncomms13407,https://openalex.org/W2552559875,236,True,https://www.nature.com/articles/ncomms13407.pdf,https://doi.org/10.1038/ncomms13407,Nature Communications
Highly Efficient Visible Colloidal Lead-Halide Perovskite Nanocrystal Light-Emitting Diodes,2018,10.1021/acs.nanolett.8b00789,https://openalex.org/W2787160709,236,True,https://arxiv.org/pdf/1801.10317,http://arxiv.org/abs/1801.10317,Nano Letters
Influence of Charge Transport Layers on Open-Circuit Voltage and Hysteresis in Perovskite Solar Cells,2018,10.1016/j.joule.2018.02.013,https://openalex.org/W2793924756,235,True,http://www.cell.com/article/S2542435118300825/pdf,https://doi.org/10.1016/j.joule.2018.02.013,Joule
Modulating crystal growth of formamidinium–caesium perovskites for over 200 cm2 photovoltaic sub-modules,2022,10.1038/s41560-022-01039-0,https://openalex.org/W4281640703,235,True,https://www.nature.com/articles/s41560-022-01039-0.pdf,https://doi.org/10.1038/s41560-022-01039-0,Nature Energy
In situ crosslinking-assisted perovskite grain growth for mechanically robust flexible perovskite solar cells with 23.4% efficiency,2023,10.1016/j.joule.2022.12.013,https://openalex.org/W4317038575,233,True,http://www.cell.com/article/S2542435122006122/pdf,https://doi.org/10.1016/j.joule.2022.12.013,Joule
Review on Chemical Stability of Lead Halide Perovskite Solar Cells,2023,10.1007/s40820-023-01046-0,https://openalex.org/W4362475286,233,True,https://link.springer.com/content/pdf/10.1007/s40820-023-01046-0.pdf,https://doi.org/10.1007/s40820-023-01046-0,Nano-Micro Letters
The impact of moisture on the stability and degradation of perovskites in solar cells,2024,10.1039/d3ma00828b,https://openalex.org/W4391758769,233,True,https://pubs.rsc.org/en/content/articlepdf/2024/ma/d3ma00828b,https://doi.org/10.1039/d3ma00828b,Materials Advances
Benzylamine‐Treated Wide‐Bandgap Perovskite with High Thermal‐Photostability and Photovoltaic Performance,2017,10.1002/aenm.201701048,https://openalex.org/W2751411563,233,True,https://onlinelibrary.wiley.com/doi/pdfdirect/10.1002/aenm.201701048,https://doi.org/10.1002/aenm.201701048,Advanced Energy Materials
Enhancement of thermal stability for perovskite solar cells through cesium doping,2017,10.1039/c6ra28501e,https://openalex.org/W2603238395,231,True,https://pubs.rsc.org/en/content/articlepdf/2017/ra/c6ra28501e,https://doi.org/10.1039/c6ra28501e,RSC Advances
Templated growth of oriented layered hybrid perovskites on 3D-like perovskites,2020,10.1038/s41467-019-13856-1,https://openalex.org/W3004055767,231,True,https://www.nature.com/articles/s41467-019-13856-1.pdf,https://doi.org/10.1038/s41467-019-13856-1,Nature Communications
Current Challenges and Prospective Research for Upscaling Hybrid Perovskite Photovoltaics,2016,10.1021/acs.jpclett.5b02651,https://openalex.org/W2271642497,230,True,https://www.osti.gov/servlets/purl/1343581,https://www.osti.gov/biblio/1343581,The Journal of Physical Chemistry Letters
Perovskite–organic tandem solar cells,2024,10.1038/s41578-023-00642-1,https://openalex.org/W4391383672,230,True,http://hub.hku.hk/bitstream/10722/342801/1/content.pdf,https://hub.hku.hk/handle/10722/342801,Nature Reviews Materials
"Cu(II)-Doped Cs 2 SbAgCl 6 Double Perovskite: A Lead-Free, Low-Bandgap Material",2018,10.1021/acs.chemmater.8b03755,https://openalex.org/W2898391208,230,True,https://flore.unifi.it/bitstream/2158/1150125/4/postprint_acs.chemmater.8b03755.pdf,http://hdl.handle.net/2158/1150125,Chemistry of Materials
"28.2%-efficient, outdoor-stable perovskite/silicon tandem solar cell",2021,10.1016/j.joule.2021.11.003,https://openalex.org/W3216961858,229,True,http://www.cell.com/article/S2542435121004992/pdf,https://doi.org/10.1016/j.joule.2021.11.003,Joule
Edge stabilization in reduced-dimensional perovskites,2020,10.1038/s41467-019-13944-2,https://openalex.org/W3000612679,228,True,https://www.nature.com/articles/s41467-019-13944-2.pdf,https://doi.org/10.1038/s41467-019-13944-2,Nature Communications
Perovskite Solar Cells: A Review of the Recent Advances,2022,10.3390/coatings12081089,https://openalex.org/W4289109253,228,True,https://www.mdpi.com/2079-6412/12/8/1089/pdf?version=1659432739,https://doi.org/10.3390/coatings12081089,Coatings
Inkjet‐Printed Micrometer‐Thick Perovskite Solar Cells with Large Columnar Grains,2019,10.1002/aenm.201903184,https://openalex.org/W2995089958,227,True,https://onlinelibrary.wiley.com/doi/pdfdirect/10.1002/aenm.201903184,https://doi.org/10.1002/aenm.201903184,Advanced Energy Materials
Zwitterionic-Surfactant-Assisted Room-Temperature Coating of Efficient Perovskite Solar Cells,2020,10.1016/j.joule.2020.09.011,https://openalex.org/W3093252872,227,True,http://www.cell.com/article/S2542435120304475/pdf,https://doi.org/10.1016/j.joule.2020.09.011,Joule
Stitching triple cation perovskite by a mixed anti-solvent process for high performance perovskite solar cells,2017,10.1016/j.nanoen.2017.07.046,https://openalex.org/W2740045969,227,True,https://discovery.ucl.ac.uk/1576223/1/Wu_final.pdf,https://discovery.ucl.ac.uk/id/eprint/1576223/,Nano Energy
Organic interfacial materials for perovskite-based optoelectronic devices,2019,10.1039/c8ee02744g,https://openalex.org/W2913907848,226,True,https://pubs.rsc.org/en/content/articlepdf/2019/ee/c8ee02744g,https://doi.org/10.1039/c8ee02744g,Energy & Environmental Science
"Functional PDMS Elastomers: Bulk Composites, Surface Engineering, and Precision Fabrication",2023,10.1002/advs.202304506,https://openalex.org/W4387473264,225,True,,https://doi.org/10.1002/advs.202304506,Advanced Science
Origin of Sn( ii ) oxidation in tin halide perovskites,2020,10.1039/d0ma00245c,https://openalex.org/W3041192252,225,True,https://pubs.rsc.org/en/content/articlepdf/2020/ma/d0ma00245c,https://doi.org/10.1039/d0ma00245c,Materials Advances
"Charge Transport Layers Limiting the Efficiency of Perovskite Solar Cells: How To Optimize Conductivity, Doping, and Thickness",2019,10.1021/acsaem.9b00856,https://openalex.org/W2964700349,223,True,,https://doi.org/10.1021/acsaem.9b00856,ACS Applied Energy Materials
Highly efficient oxygen evolution reaction via facile bubble transport realized by three-dimensionally stack-printed catalysts,2020,10.1038/s41467-020-18686-0,https://openalex.org/W3089918156,222,True,https://www.nature.com/articles/s41467-020-18686-0.pdf,https://doi.org/10.1038/s41467-020-18686-0,Nature Communications
"Halogen Effects on Ordering and Bonding of CH3NH3+ in CH3NH3PbX3 (X = Cl, Br, I) Hybrid Perovskites: A Vibrational Spectroscopic Study",2016,10.1021/acs.jpcc.5b11256,https://openalex.org/W2265159041,222,True,,https://researchportal.bath.ac.uk/en/publications/cfaaf572-fe98-4e2f-ba0c-2916179bb8f5,The Journal of Physical Chemistry C
The role of carbon-based materials in enhancing the stability of perovskite solar cells,2020,10.1039/c9ee04030g,https://openalex.org/W3009327484,221,True,https://pubs.rsc.org/en/content/articlepdf/2020/ee/c9ee04030g,https://doi.org/10.1039/c9ee04030g,Energy & Environmental Science
Machine learning with knowledge constraints for process optimization of open-air perovskite solar cell manufacturing,2022,10.1016/j.joule.2022.03.003,https://openalex.org/W3203436218,221,True,http://www.cell.com/article/S2542435122001301/pdf,https://doi.org/10.1016/j.joule.2022.03.003,Joule
Understanding and Eliminating Hysteresis for Highly Efficient Planar Perovskite Solar Cells,2017,10.1002/aenm.201700414,https://openalex.org/W2613801454,220,True,https://www.osti.gov/servlets/purl/1392207,https://www.osti.gov/biblio/1378809,Advanced Energy Materials
"Perovskite Solar Cells: A Review of the Latest Advances in Materials, Fabrication Techniques, and Stability Enhancement Strategies",2024,10.3390/mi15020192,https://openalex.org/W4391323435,219,True,https://www.mdpi.com/2072-666X/15/2/192/pdf?version=1706342230,https://doi.org/10.3390/mi15020192,Micromachines
Photoflexoelectric effect in halide perovskites,2020,10.1038/s41563-020-0659-y,https://openalex.org/W3016666071,219,True,http://ddd.uab.cat/record/224240,http://ddd.uab.cat/record/224240,Nature Materials
Electronic modulation and interface engineering of electrospun nanomaterials‐based electrocatalysts toward water splitting,2020,10.1002/cey2.85,https://openalex.org/W3094300506,219,True,https://onlinelibrary.wiley.com/doi/pdfdirect/10.1002/cey2.85,https://doi.org/10.1002/cey2.85,Carbon Energy
Thermal engineering of FAPbI3 perovskite material via radiative thermal annealing and in situ XRD,2017,10.1038/ncomms14075,https://openalex.org/W2577877578,218,True,https://www.nature.com/articles/ncomms14075.pdf,https://doi.org/10.1038/ncomms14075,Nature Communications
Organic/Inorganic Metal Halide Perovskite Optoelectronic Devices beyond Solar Cells,2018,10.1002/advs.201700780,https://openalex.org/W2789335992,217,True,https://onlinelibrary.wiley.com/doi/pdfdirect/10.1002/advs.201700780,https://doi.org/10.1002/advs.201700780,Advanced Science
Mechanical integrity of solution-processed perovskite solar cells,2016,10.1016/j.eml.2016.06.006,https://openalex.org/W2466423473,216,True,https://www.sciencedirect.com/science/article/pii/S2352431616300724/pdf,https://doi.org/10.1016/j.eml.2016.06.006,Extreme Mechanics Letters
Strategies for Improving the Stability of Tin‐Based Perovskite (ASnX3) Solar Cells,2020,10.1002/advs.201903540,https://openalex.org/W3008746667,216,True,https://onlinelibrary.wiley.com/doi/pdfdirect/10.1002/advs.201903540,https://doi.org/10.1002/advs.201903540,Advanced Science
In Situ Fabricated Perovskite Nanocrystals: A Revolution in Optical Materials,2018,10.1002/adom.201800380,https://openalex.org/W2809764554,215,True,https://onlinelibrary.wiley.com/doi/pdfdirect/10.1002/adom.201800380,https://doi.org/10.1002/adom.201800380,Advanced Optical Materials
Rapid hybrid perovskite film crystallization from solution,2021,10.1039/d0cs01272f,https://openalex.org/W3162009576,214,True,https://pubs.rsc.org/en/content/articlepdf/2021/cs/d0cs01272f,https://doi.org/10.1039/d0cs01272f,Chemical Society Reviews
Monolithic Perovskite‐Silicon Tandem Solar Cells: From the Lab to Fab?,2022,10.1002/adma.202106540,https://openalex.org/W4206115216,214,True,https://onlinelibrary.wiley.com/doi/pdfdirect/10.1002/adma.202106540,https://doi.org/10.1002/adma.202106540,Advanced Materials
Reducing Defects in Halide Perovskite Nanocrystals for Light-Emitting Applications,2019,10.1021/acs.jpclett.9b00689,https://openalex.org/W2943268346,213,True,,https://doi.org/10.1021/acs.jpclett.9b00689,The Journal of Physical Chemistry Letters
Tunable exciton binding energy in 2D hybrid layered perovskites through donor–acceptor interactions within the organic layer,2020,10.1038/s41557-020-0488-2,https://openalex.org/W3038387099,213,True,https://www.osti.gov/servlets/purl/1909456,https://www.osti.gov/biblio/1909456,Nature Chemistry
Unveiling Roles of Tin Fluoride Additives in High‐Efficiency Low‐Bandgap Mixed Tin‐Lead Perovskite Solar Cells,2021,10.1002/aenm.202101045,https://openalex.org/W3175031406,212,True,https://onlinelibrary.wiley.com/doi/pdfdirect/10.1002/aenm.202101045,https://doi.org/10.1002/aenm.202101045,Advanced Energy Materials
Stability of Perovskite Solar Cells: Degradation Mechanisms and Remedies,2021,10.3389/felec.2021.712785,https://openalex.org/W3195661742,212,True,https://www.frontiersin.org/articles/10.3389/felec.2021.712785/pdf,https://doi.org/10.3389/felec.2021.712785,Frontiers in Electronics
25.24%‐Efficiency FACsPbI 3 Perovskite Solar Cells Enabled by Intermolecular Esterification Reaction of DL‐Carnitine Hydrochloride,2023,10.1002/adma.202211545,https://openalex.org/W4318946799,212,True,https://onlinelibrary.wiley.com/doi/pdfdirect/10.1002/adma.202211545,https://doi.org/10.1002/adma.202211545,Advanced Materials
Slot-die coating of perovskite solar cells: An overview,2019,10.1016/j.mtcomm.2019.100808,https://openalex.org/W2995852576,212,True,https://ars.els-cdn.com/content/image/1-s2.0-S2352492819308414-ga1_lrg.jpg,https://doi.org/10.1016/j.mtcomm.2019.100808,Materials Today Communications
How to GIWAXS: Grazing Incidence Wide Angle X‐Ray Scattering Applied to Metal Halide Perovskite Thin Films,2023,10.1002/aenm.202300760,https://openalex.org/W4380263693,212,True,https://onlinelibrary.wiley.com/doi/pdfdirect/10.1002/aenm.202300760,https://doi.org/10.1002/aenm.202300760,Advanced Energy Materials
"Advancements in Photovoltaic Cell Materials: Silicon, Organic, and Perovskite Solar Cells",2024,10.3390/ma17051165,https://openalex.org/W4392360589,211,True,https://www.mdpi.com/1996-1944/17/5/1165/pdf?version=1709303109,https://doi.org/10.3390/ma17051165,Materials
3D-printed epifluidic electronic skin for machine learning–powered multimodal health surveillance,2023,10.1126/sciadv.adi6492,https://openalex.org/W4386706498,211,True,,https://doi.org/10.1126/sciadv.adi6492,Science Advances
Rational Design of Dipolar Chromophore as an Efficient Dopant-Free Hole-Transporting Material for Perovskite Solar Cells,2016,10.1021/jacs.6b06291,https://openalex.org/W2509023492,211,True,https://www.osti.gov/servlets/purl/1343607,https://www.osti.gov/biblio/1343607,Journal of the American Chemical Society
The 2021 flexible and printed electronics roadmap,2021,10.1088/2058-8585/abf986,https://openalex.org/W3175071746,210,True,https://iopscience.iop.org/article/10.1088/2058-8585/abf986/pdf,https://doi.org/10.1088/2058-8585/abf986,Flexible and Printed Electronics
Precise Control of Perovskite Crystallization Kinetics via Sequential A‐Site Doping,2020,10.1002/adma.202004630,https://openalex.org/W3087584536,209,True,https://onlinelibrary.wiley.com/doi/pdfdirect/10.1002/adma.202004630,https://doi.org/10.1002/adma.202004630,Advanced Materials
Efficient and stable tin perovskite solar cells enabled by amorphous-polycrystalline structure,2020,10.1038/s41467-020-16561-6,https://openalex.org/W3031473594,208,True,https://www.nature.com/articles/s41467-020-16561-6.pdf,https://doi.org/10.1038/s41467-020-16561-6,Nature Communications
Chelating-agent-assisted control of CsPbBr3 quantum well growth enables stable blue perovskite emitters,2020,10.1038/s41467-020-17482-0,https://openalex.org/W3045073909,208,True,https://www.nature.com/articles/s41467-020-17482-0.pdf,https://doi.org/10.1038/s41467-020-17482-0,Nature Communications
Dielectric screening in perovskite photovoltaics,2021,10.1038/s41467-021-22783-z,https://openalex.org/W3157027928,207,True,https://www.nature.com/articles/s41467-021-22783-z.pdf,https://doi.org/10.1038/s41467-021-22783-z,Nature Communications
Recycling lead and transparent conductors from perovskite solar modules,2021,10.1038/s41467-021-26121-1,https://openalex.org/W3203403144,206,True,https://www.nature.com/articles/s41467-021-26121-1.pdf,https://doi.org/10.1038/s41467-021-26121-1,Nature Communications
Efficient near-infrared light-emitting diodes based on quantum dots in layered perovskite,2020,10.1038/s41566-019-0577-1,https://openalex.org/W3002155298,206,True,https://utoronto.scholaris.ca/bitstreams/f72af75d-9b03-467a-b5aa-e63a27d50dce/download,http://hdl.handle.net/1807/100492,Nature Photonics
Decoupling the effects of defects on efficiency and stability through phosphonates in stable halide perovskite solar cells,2021,10.1016/j.joule.2021.04.003,https://openalex.org/W3157986647,205,True,http://www.cell.com/article/S2542435121001550/pdf,https://doi.org/10.1016/j.joule.2021.04.003,Joule
Wafer-scale single-crystal perovskite patterned thin films based on geometrically-confined lateral crystal growth,2017,10.1038/ncomms15882,https://openalex.org/W2727990094,205,True,https://www.nature.com/articles/ncomms15882.pdf,https://doi.org/10.1038/ncomms15882,Nature Communications
20.8% Slot‐Die Coated MAPbI3 Perovskite Solar Cells by Optimal DMSO‐Content and Age of 2‐ME Based Precursor Inks,2021,10.1002/aenm.202003460,https://openalex.org/W3113214473,204,True,https://onlinelibrary.wiley.com/doi/pdfdirect/10.1002/aenm.202003460,https://doi.org/10.1002/aenm.202003460,Advanced Energy Materials
"Functional materials, device architecture, and flexibility of perovskite solar cell",2018,10.1007/s42247-018-0013-1,https://openalex.org/W2900485557,203,True,https://link.springer.com/content/pdf/10.1007/s42247-018-0013-1.pdf,https://doi.org/10.1007/s42247-018-0013-1,Emergent Materials
MgO Nanoparticle Modified Anode for Highly Efficient SnO2‐Based Planar Perovskite Solar Cells,2017,10.1002/advs.201700031,https://openalex.org/W2611962825,203,True,https://onlinelibrary.wiley.com/doi/pdfdirect/10.1002/advs.201700031,https://doi.org/10.1002/advs.201700031,Advanced Science
Overcoming C60-induced interfacial recombination in inverted perovskite solar cells by electron-transporting carborane,2022,10.1038/s41467-022-34203-x,https://openalex.org/W4311131750,202,True,https://www.nature.com/articles/s41467-022-34203-x.pdf,https://doi.org/10.1038/s41467-022-34203-x,Nature Communications
"Tin perovskite solar cells with >1,300 h of operational stability in N2 through a synergistic chemical engineering approach",2022,10.1016/j.joule.2022.02.014,https://openalex.org/W4220855049,202,True,http://www.cell.com/article/S2542435122000952/pdf,https://doi.org/10.1016/j.joule.2022.02.014,Joule
Multication perovskite 2D/3D interfaces form via progressive dimensional reduction,2021,10.1038/s41467-021-23616-9,https://openalex.org/W3169569275,202,True,https://www.nature.com/articles/s41467-021-23616-9.pdf,https://doi.org/10.1038/s41467-021-23616-9,Nature Communications
"Flexible, transparent nanocellulose paper-based perovskite solar cells",2019,10.1038/s41528-019-0048-2,https://openalex.org/W2922385458,201,True,https://www.nature.com/articles/s41528-019-0048-2.pdf,https://doi.org/10.1038/s41528-019-0048-2,npj Flexible Electronics
"Progress, highlights and perspectives on NiO in perovskite photovoltaics",2020,10.1039/d0sc02859b,https://openalex.org/W3040958692,201,True,https://pubs.rsc.org/en/content/articlepdf/2020/sc/d0sc02859b,https://doi.org/10.1039/d0sc02859b,Chemical Science
Narrow Bandgap Metal Halide Perovskites for All-Perovskite Tandem Photovoltaics,2024,10.1021/acs.chemrev.3c00667,https://openalex.org/W4393139564,197,True,,https://doi.org/10.1021/acs.chemrev.3c00667,Chemical Reviews
"Structural, optical, and electronic studies of wide-bandgap lead halide perovskites",2015,10.1039/c5tc01718a,https://openalex.org/W1845830087,197,True,https://utoronto.scholaris.ca/bitstreams/bc6c9f07-da3e-409b-bb49-25b71dc24c75/download,http://hdl.handle.net/1807/73389,Journal of Materials Chemistry C
Bright and stable near-infrared lead-free perovskite light-emitting diodes,2024,10.1038/s41566-023-01351-5,https://openalex.org/W4390614324,196,True,https://www.nature.com/articles/s41566-023-01351-5.pdf,https://doi.org/10.1038/s41566-023-01351-5,Nature Photonics
Synthesis and applications of nanoporous perovskite metal oxides,2018,10.1039/c7sc03920d,https://openalex.org/W2795985100,195,True,https://pubs.rsc.org/en/content/articlepdf/2018/sc/c7sc03920d,https://doi.org/10.1039/c7sc03920d,Chemical Science
Will organic–inorganic hybrid halide lead perovskites be eliminated from optoelectronic applications?,2019,10.1039/c8na00416a,https://openalex.org/W2910575422,195,True,https://pubs.rsc.org/en/content/articlepdf/2019/na/c8na00416a,https://doi.org/10.1039/c8na00416a,Nanoscale Advances
Anti-Solvent Crystallization Strategies for Highly Efficient Perovskite Solar Cells,2017,10.3390/cryst7100291,https://openalex.org/W2758650598,194,True,https://www.mdpi.com/2073-4352/7/10/291/pdf?version=1506670503,https://doi.org/10.3390/cryst7100291,Crystals
The Doping Mechanism of Halide Perovskite Unveiled by Alkaline Earth Metals,2020,10.1021/jacs.9b11637,https://openalex.org/W2999555357,193,True,https://www.helmholtz-berlin.de/pubbin/oai_publication?VT=1&ID=100885,https://www.helmholtz-berlin.de/pubbin/oai_publication?VT=1&ID=100885,Journal of the American Chemical Society
A Transparent Conductive Adhesive Laminate Electrode for High‐Efficiency Organic‐Inorganic Lead Halide Perovskite Solar Cells,2014,10.1002/adma.201403939,https://openalex.org/W2093278742,193,True,https://onlinelibrary.wiley.com/doi/pdfdirect/10.1002/adma.201403939,https://doi.org/10.1002/adma.201403939,Advanced Materials
Gravure‐Printed Flexible Perovskite Solar Cells: Toward Roll‐to‐Roll Manufacturing,2019,10.1002/advs.201802094,https://openalex.org/W2913778875,192,True,https://onlinelibrary.wiley.com/doi/pdfdirect/10.1002/advs.201802094,https://doi.org/10.1002/advs.201802094,Advanced Science
Efficient and Stable Red Perovskite Light‐Emitting Diodes via Thermodynamic Crystallization Control,2024,10.1002/adma.202410255,https://openalex.org/W4402203225,192,True,https://onlinelibrary.wiley.com/doi/pdfdirect/10.1002/adma.202410255,https://doi.org/10.1002/adma.202410255,Advanced Materials
Lead‐Free Halide Double Perovskite Nanocrystals for Light‐Emitting Applications: Strategies for Boosting Efficiency and Stability,2021,10.1002/advs.202004118,https://openalex.org/W3135665969,192,True,https://onlinelibrary.wiley.com/doi/pdfdirect/10.1002/advs.202004118,https://doi.org/10.1002/advs.202004118,Advanced Science
Performance-limiting formation dynamics in mixed-halide perovskites,2021,10.1126/sciadv.abj1799,https://openalex.org/W3211856747,192,True,,https://doi.org/10.1126/sciadv.abj1799,Science Advances
"Two-dimensional perovskite templates for durable, efficient formamidinium perovskite solar cells",2024,10.1126/science.abq6993,https://openalex.org/W4399601921,192,True,https://hal.science/hal-04612789v1/file/Accepted_HAL.pdf,https://hal.science/hal-04612789,Science
Sustainable lead management in halide perovskite solar cells,2020,10.1038/s41893-020-0586-6,https://openalex.org/W3046780513,192,True,https://www.osti.gov/servlets/purl/1660201,https://www.osti.gov/biblio/1660201,Nature Sustainability
Ultrafast narrowband exciton routing within layered perovskite nanoplatelets enables low-loss luminescent solar concentrators,2019,10.1038/s41560-018-0313-y,https://openalex.org/W2910673001,191,True,https://utoronto.scholaris.ca/bitstreams/d94c5a1e-046a-4a77-a863-da750d137ea3/download,http://hdl.handle.net/1807/93355,Nature Energy
Unveiling the synergistic effect of precursor stoichiometry and interfacial reactions for perovskite light-emitting diodes,2019,10.1038/s41467-019-10612-3,https://openalex.org/W2955901718,191,True,https://www.nature.com/articles/s41467-019-10612-3.pdf,https://doi.org/10.1038/s41467-019-10612-3,Nature Communications
Dopant-Free Tetrakis-Triphenylamine Hole Transporting Material for Efficient Tin-Based Perovskite Solar Cells,2017,10.1021/jacs.7b10898,https://openalex.org/W2774673114,191,True,https://www.osti.gov/servlets/purl/1470385,https://www.osti.gov/biblio/1470385,Journal of the American Chemical Society
Efficient and Stable Inverted Perovskite Solar Cells Incorporating Secondary Amines,2019,10.1002/adma.201903559,https://openalex.org/W2979002590,191,True,https://utoronto.scholaris.ca/bitstreams/b6dc366a-7fc1-4d0c-8d05-152fac071248/download,http://hdl.handle.net/1807/96972,Advanced Materials
Multiple and Promising Applications of Strontium (Sr)-Containing Bioactive Glasses in Bone Tissue Engineering,2019,10.3389/fbioe.2019.00161,https://openalex.org/W2953846685,191,True,https://www.frontiersin.org/articles/10.3389/fbioe.2019.00161/pdf,https://doi.org/10.3389/fbioe.2019.00161,Frontiers in Bioengineering and Biotechnology
Enhanced charge carrier transport and defects mitigation of passivation layer for efficient perovskite solar cells,2024,10.1038/s41467-024-52925-y,https://openalex.org/W4403114780,190,True,https://www.nature.com/articles/s41467-024-52925-y.pdf,https://doi.org/10.1038/s41467-024-52925-y,Nature Communications
Nucleation and crystal growth control for scalable solution-processed organic–inorganic hybrid perovskite solar cells,2019,10.1039/c9ta11245f,https://openalex.org/W2995914256,189,True,https://escholarship.org/content/qt3ns8d73z/qt3ns8d73z.pdf?t=r30r1b,https://escholarship.org/uc/item/3ns8d73z,Journal of Materials Chemistry A
Challenges and Progress in Lead‐Free Halide Double Perovskite Solar Cells,2023,10.1002/solr.202201112,https://openalex.org/W4317399033,189,True,https://onlinelibrary.wiley.com/doi/pdfdirect/10.1002/solr.202201112,https://doi.org/10.1002/solr.202201112,Solar RRL
Deciphering the Roles of MA-Based Volatile Additives for α-FAPbI3 to Enable Efficient Inverted Perovskite Solar Cells,2023,10.1021/jacs.2c13566,https://openalex.org/W4323306362,189,True,,https://scholars.cityu.edu.hk/en/publications/deciphering-the-roles-of-ma-based-volatile-additives-for-i%CE%B1i-fapb,Journal of the American Chemical Society
Highly Efficient Perovskite Solar Modules by Scalable Fabrication and Interconnection Optimization,2018,10.1021/acsenergylett.7b01221,https://openalex.org/W2782049574,189,True,https://www.osti.gov/servlets/purl/1419411,https://www.osti.gov/biblio/1419411,ACS Energy Letters
Tin Halide Perovskite (ASnX3) Solar Cells: A Comprehensive Guide toward the Highest Power Conversion Efficiency,2019,10.1002/aenm.201902467,https://openalex.org/W2978779587,188,True,https://onlinelibrary.wiley.com/doi/pdfdirect/10.1002/aenm.201902467,https://doi.org/10.1002/aenm.201902467,Advanced Energy Materials
Sn‐Based Perovskite for Highly Sensitive Photodetectors,2019,10.1002/advs.201900751,https://openalex.org/W2962564367,187,True,https://onlinelibrary.wiley.com/doi/pdfdirect/10.1002/advs.201900751,https://doi.org/10.1002/advs.201900751,Advanced Science
Ruddlesden–Popper Perovskites: Synthesis and Optical Properties for Optoelectronic Applications,2019,10.1002/advs.201900941,https://openalex.org/W2980549847,186,True,https://onlinelibrary.wiley.com/doi/pdfdirect/10.1002/advs.201900941,https://doi.org/10.1002/advs.201900941,Advanced Science
Perovskite Solar Cells with Large-Area CVD-Graphene for Tandem Solar Cells,2015,10.1021/acs.jpclett.5b01177,https://openalex.org/W2411848374,186,True,https://www.helmholtz-berlin.de/pubbin/oai_publication?VT=1&ID=86276,https://www.helmholtz-berlin.de/pubbin/oai_publication?VT=1&ID=86276,The Journal of Physical Chemistry Letters
"Molecular Engineering Using an Anthanthrone Dye for Low‐Cost Hole Transport Materials: A Strategy for Dopant‐Free, High‐Efficiency, and Stable Perovskite Solar Cells",2018,10.1002/aenm.201703007,https://openalex.org/W2792284859,186,True,https://onlinelibrary.wiley.com/doi/pdfdirect/10.1002/aenm.201703007,https://doi.org/10.1002/aenm.201703007,Advanced Energy Materials
How machine learning can help select capping layers to suppress perovskite degradation,2020,10.1038/s41467-020-17945-4,https://openalex.org/W3064646198,184,True,https://www.nature.com/articles/s41467-020-17945-4.pdf,https://doi.org/10.1038/s41467-020-17945-4,Nature Communications
Enhancing the crystallinity and perfecting the orientation of formamidinium tin iodide for highly efficient Sn-based perovskite solar cells,2019,10.1016/j.nanoen.2019.04.040,https://openalex.org/W2938751855,184,True,https://www.sciencedirect.com/science/article/pii/S2211285519303416/pdf,https://doi.org/10.1016/j.nanoen.2019.04.040,Nano Energy
The expanding world of hybrid perovskites: materials properties and emerging applications,2015,10.1557/mrc.2015.6,https://openalex.org/W2073520154,184,True,https://link.springer.com/content/pdf/10.1557/mrc.2015.6.pdf,https://doi.org/10.1557/mrc.2015.6,MRS Communications
Multifunctional Conjugated Ligand Engineering for Stable and Efficient Perovskite Solar Cells,2021,10.1002/adma.202100791,https://openalex.org/W3178116682,183,True,https://www.osti.gov/servlets/purl/1838435,https://www.osti.gov/biblio/1805097,Advanced Materials
Lead‐Free Perovskite‐Inspired Absorbers for Indoor Photovoltaics,2020,10.1002/aenm.202002761,https://openalex.org/W3097414152,183,True,https://onlinelibrary.wiley.com/doi/pdfdirect/10.1002/aenm.202002761,https://doi.org/10.1002/aenm.202002761,Advanced Energy Materials
Wide‐Bandgap Organic–Inorganic Lead Halide Perovskite Solar Cells,2022,10.1002/advs.202105085,https://openalex.org/W4221012707,181,True,https://onlinelibrary.wiley.com/doi/pdfdirect/10.1002/advs.202105085,https://doi.org/10.1002/advs.202105085,Advanced Science
Efficiency and stability enhancement of perovskite solar cells by introducing CsPbI3 quantum dots as an interface engineering layer,2018,10.1038/s41427-018-0055-0,https://openalex.org/W2808352454,181,True,https://www.nature.com/articles/s41427-018-0055-0.pdf,https://doi.org/10.1038/s41427-018-0055-0,NPG Asia Materials
Efficient and bright warm-white electroluminescence from lead-free metal halides,2021,10.1038/s41467-021-21638-x,https://openalex.org/W3135623756,180,True,https://www.nature.com/articles/s41467-021-21638-x.pdf,https://doi.org/10.1038/s41467-021-21638-x,Nature Communications
Over 20% Efficient CIGS–Perovskite Tandem Solar Cells,2017,10.1021/acsenergylett.7b00187,https://openalex.org/W2594818343,176,True,https://dr.ntu.edu.sg/bitstream/10356/142030/2/ACS%20Energy%20Letters-%20Over%2020%25%20Efficient%20CIGS%e2%80%93Perovskite%20Tandem%20Solar%20Cells%20.pdf,https://hdl.handle.net/10356/142030,ACS Energy Letters
Chloride‐Based Additive Engineering for Efficient and Stable Wide‐Bandgap Perovskite Solar Cells,2023,10.1002/adma.202211742,https://openalex.org/W4376641968,174,True,https://onlinelibrary.wiley.com/doi/pdfdirect/10.1002/adma.202211742,https://doi.org/10.1002/adma.202211742,Advanced Materials
"Fractional deviations in precursor stoichiometry dictate the properties, performance and stability of perovskite photovoltaic devices",2018,10.1039/c8ee01136b,https://openalex.org/W2891680217,174,True,https://pubs.rsc.org/en/content/articlepdf/2018/ee/c8ee01136b,https://doi.org/10.1039/c8ee01136b,Energy & Environmental Science
Printed Solar Cells and Energy Storage Devices on Paper Substrates,2019,10.1002/adfm.201806798,https://openalex.org/W2913018916,174,True,https://onlinelibrary.wiley.com/doi/pdfdirect/10.1002/adfm.201806798,https://doi.org/10.1002/adfm.201806798,Advanced Functional Materials
Exciton-polaron spectral structures in two-dimensional hybrid lead-halide perovskites,2018,10.1103/physrevmaterials.2.064605,https://openalex.org/W2792120617,173,True,http://link.aps.org/pdf/10.1103/PhysRevMaterials.2.064605,https://doi.org/10.1103/physrevmaterials.2.064605,Physical Review Materials
Integration of two-dimensional materials-based perovskite solar panels into a stand-alone solar farm,2022,10.1038/s41560-022-01035-4,https://openalex.org/W4283027391,173,True,https://www.nature.com/articles/s41560-022-01035-4.pdf,https://doi.org/10.1038/s41560-022-01035-4,Nature Energy
"Multifunctional Crosslinking‐Enabled Strain‐Regulating Crystallization for Stable, Efficient α‐FAPbI3‐Based Perovskite Solar Cells",2021,10.1002/adma.202008487,https://openalex.org/W3164199357,173,True,http://ira.lib.polyu.edu.hk/bitstream/10397/103582/1/Zhang_Multi-Functional_Cross-Linking.pdf,http://hdl.handle.net/10397/103582,Advanced Materials
Promoting Energy Transfer via Manipulation of Crystallization Kinetics of Quasi‐2D Perovskites for Efficient Green Light‐Emitting Diodes,2021,10.1002/adma.202102246,https://openalex.org/W3193524760,173,True,https://onlinelibrary.wiley.com/doi/pdfdirect/10.1002/adma.202102246,https://doi.org/10.1002/adma.202102246,Advanced Materials
Inorganic Halide Perovskite Quantum Dots: A Versatile Nanomaterial Platform for Electronic Applications,2022,10.1007/s40820-022-00983-6,https://openalex.org/W4313334514,172,True,https://link.springer.com/content/pdf/10.1007/s40820-022-00983-6.pdf,https://doi.org/10.1007/s40820-022-00983-6,Nano-Micro Letters
"Metal organic frameworks for wastewater treatment, renewable energy and circular economy contributions",2024,10.1038/s41545-024-00408-4,https://openalex.org/W4404873280,172,True,https://www.nature.com/articles/s41545-024-00408-4.pdf,https://doi.org/10.1038/s41545-024-00408-4,npj Clean Water
Recent Progress of Electrode Materials for Flexible Perovskite Solar Cells,2022,10.1007/s40820-022-00859-9,https://openalex.org/W4225130482,172,True,https://link.springer.com/content/pdf/10.1007/s40820-022-00859-9.pdf,https://doi.org/10.1007/s40820-022-00859-9,Nano-Micro Letters
Solution-processed highly bright and durable cesium lead halide perovskite light-emitting diodes,2016,10.1039/c6nr05330k,https://openalex.org/W2511857251,171,True,https://pubs.rsc.org/en/content/articlepdf/2016/nr/c6nr05330k,https://doi.org/10.1039/c6nr05330k,Nanoscale
Large-area and efficient perovskite light-emitting diodes via low-temperature blade-coating,2021,10.1038/s41467-020-20433-4,https://openalex.org/W3120128877,171,True,https://www.nature.com/articles/s41467-020-20433-4.pdf,https://doi.org/10.1038/s41467-020-20433-4,Nature Communications
Strain-activated light-induced halide segregation in mixed-halide perovskite solids,2020,10.1038/s41467-020-20066-7,https://openalex.org/W3110797523,171,True,https://www.nature.com/articles/s41467-020-20066-7.pdf,https://doi.org/10.1038/s41467-020-20066-7,Nature Communications
Polyaniline and its composites engineering: A class of multifunctional smart energy materials,2022,10.1016/j.jssc.2022.123679,https://openalex.org/W4307899528,170,True,https://ars.els-cdn.com/content/image/1-s2.0-S0022459622008040-ga1_lrg.jpg,https://doi.org/10.1016/j.jssc.2022.123679,Journal of Solid State Chemistry
Suppressed recombination for monolithic inorganic perovskite/silicon tandem solar cells with an approximate efficiency of 23%,2022,10.1016/j.esci.2022.04.001,https://openalex.org/W4224275524,168,True,https://www.sciencedirect.com/science/article/pii/S2667141722000404/pdf,https://doi.org/10.1016/j.esci.2022.04.001,eScience
Heterojunction formed via 3D-to-2D perovskite conversion for photostable wide-bandgap perovskite solar cells,2023,10.1038/s41467-023-43016-5,https://openalex.org/W4388412864,167,True,https://www.nature.com/articles/s41467-023-43016-5.pdf,https://doi.org/10.1038/s41467-023-43016-5,Nature Communications
A Special Additive Enables All Cations and Anions Passivation for Stable Perovskite Solar Cells with Efficiency over 23%,2021,10.1007/s40820-021-00688-2,https://openalex.org/W3188113146,167,True,https://link.springer.com/content/pdf/10.1007/s40820-021-00688-2.pdf,https://doi.org/10.1007/s40820-021-00688-2,Nano-Micro Letters
LiTFSI‐Free Spiro‐OMeTAD‐Based Perovskite Solar Cells with Power Conversion Efficiencies Exceeding 19%,2019,10.1002/aenm.201901519,https://openalex.org/W2961546531,167,True,https://onlinelibrary.wiley.com/doi/pdfdirect/10.1002/aenm.201901519,https://doi.org/10.1002/aenm.201901519,Advanced Energy Materials
Halide perovskites: A dark horse for direct X‐ray imaging,2020,10.1002/eom2.12064,https://openalex.org/W3104881471,167,True,https://onlinelibrary.wiley.com/doi/pdfdirect/10.1002/eom2.12064,https://doi.org/10.1002/eom2.12064,EcoMat
Integrated halide perovskite photoelectrochemical cells with solar-driven water-splitting efficiency of 20.8%,2023,10.1038/s41467-023-39290-y,https://openalex.org/W4382020723,167,True,https://www.nature.com/articles/s41467-023-39290-y.pdf,https://doi.org/10.1038/s41467-023-39290-y,Nature Communications
A polymer controlled nucleation route towards the generalized growth of organic-inorganic perovskite single crystals,2021,10.1038/s41467-021-22193-1,https://openalex.org/W3145143191,166,True,https://www.nature.com/articles/s41467-021-22193-1.pdf,https://doi.org/10.1038/s41467-021-22193-1,Nature Communications
Challenges and strategies toward long-term stability of lead-free tin-based perovskite solar cells,2022,10.1038/s43246-022-00327-2,https://openalex.org/W4312181094,166,True,https://www.nature.com/articles/s43246-022-00327-2.pdf,https://doi.org/10.1038/s43246-022-00327-2,Communications Materials
Triggering the Passivation Effect of Potassium Doping in Mixed‐Cation Mixed‐Halide Perovskite by Light Illumination,2019,10.1002/aenm.201901016,https://openalex.org/W2943190256,166,True,https://onlinelibrary.wiley.com/doi/pdfdirect/10.1002/aenm.201901016,https://doi.org/10.1002/aenm.201901016,Advanced Energy Materials
Direct in situ photolithography of perovskite quantum dots based on photocatalysis of lead bromide complexes,2022,10.1038/s41467-022-34453-9,https://openalex.org/W4308769676,165,True,https://www.nature.com/articles/s41467-022-34453-9.pdf,https://doi.org/10.1038/s41467-022-34453-9,Nature Communications
"Additive‐Free, Low‐Temperature Crystallization of Stable α‐FAPbI 3 Perovskite",2021,10.1002/adma.202107850,https://openalex.org/W4200011489,164,True,,https://doi.org/10.1002/adma.202107850,Advanced Materials
The first demonstration of entirely roll-to-roll fabricated perovskite solar cell modules under ambient room conditions,2024,10.1038/s41467-024-46016-1,https://openalex.org/W4392705654,163,True,https://www.nature.com/articles/s41467-024-46016-1.pdf,https://doi.org/10.1038/s41467-024-46016-1,Nature Communications
Halide Perovskite Light‐Emitting Diode Technologies,2021,10.1002/adom.202002128,https://openalex.org/W3134351897,163,True,https://onlinelibrary.wiley.com/doi/pdfdirect/10.1002/adom.202002128,https://doi.org/10.1002/adom.202002128,Advanced Optical Materials
Structural effects on optoelectronic properties of halide perovskites,2018,10.1039/c8cs00212f,https://openalex.org/W2885238190,163,True,https://pubs.rsc.org/en/content/articlepdf/2018/cs/c8cs00212f,https://doi.org/10.1039/c8cs00212f,Chemical Society Reviews
Elimination of light-induced degradation at the nickel oxide-perovskite heterojunction by aprotic sulfonium layers towards long-term operationally stable inverted perovskite solar cells,2022,10.1039/d2ee01801b,https://openalex.org/W4296880058,163,True,https://pubs.rsc.org/en/content/articlepdf/2022/ee/d2ee01801b,https://doi.org/10.1039/d2ee01801b,Energy & Environmental Science
Enabling low-drift flexible perovskite photodetectors by electrical modulation for wearable health monitoring and weak light imaging,2023,10.1038/s41467-023-40711-1,https://openalex.org/W4385876952,162,True,https://www.nature.com/articles/s41467-023-40711-1.pdf,https://doi.org/10.1038/s41467-023-40711-1,Nature Communications
High-Performance Photodiode-Type Photodetectors Based on Polycrystalline Formamidinium Lead Iodide Perovskite Thin Films,2018,10.1038/s41598-018-29147-6,https://openalex.org/W2884060952,161,True,https://www.nature.com/articles/s41598-018-29147-6.pdf,https://doi.org/10.1038/s41598-018-29147-6,Scientific Reports
Strain regulation retards natural operation decay of perovskite solar cells,2024,10.1038/s41586-024-08161-x,https://openalex.org/W4403393204,161,True,https://www.nature.com/articles/s41586-024-08161-x.pdf,https://doi.org/10.1038/s41586-024-08161-x,Nature
Scalable two-terminal all-perovskite tandem solar modules with a 19.1% efficiency,2022,10.1038/s41560-022-01059-w,https://openalex.org/W4284690081,161,True,https://www.nature.com/articles/s41560-022-01059-w.pdf,https://doi.org/10.1038/s41560-022-01059-w,Nature Energy
Shallow defects and variable photoluminescence decay times up to 280 µs in triple-cation perovskites,2024,10.1038/s41563-023-01771-2,https://openalex.org/W4390706600,161,True,https://www.nature.com/articles/s41563-023-01771-2.pdf,https://doi.org/10.1038/s41563-023-01771-2,Nature Materials
Supramolecular assembly of blue and green halide perovskites with near-unity photoluminescence,2024,10.1126/science.adi4196,https://openalex.org/W4390590979,160,True,https://escholarship.org/content/qt4t59495x/qt4t59495x.pdf,https://escholarship.org/uc/item/4t59495x,Science
Stable Colloidal Quantum Dot Inks Enable Inkjet-Printed High-Sensitivity Infrared Photodetectors,2019,10.1021/acsnano.9b06125,https://openalex.org/W2975774155,160,True,https://utoronto.scholaris.ca/bitstreams/6a8e480f-2bf2-40ae-8fad-53a9d43afd9e/download,http://hdl.handle.net/1807/96973,ACS Nano
Charge transport in mixed metal halide perovskite semiconductors,2023,10.1038/s41563-022-01448-2,https://openalex.org/W4318071561,159,True,https://www.osti.gov/servlets/purl/1971780,https://www.osti.gov/biblio/1971780,Nature Materials
Perovskite superlattices with efficient carrier dynamics,2022,10.1038/s41586-022-04961-1,https://openalex.org/W4291020837,158,True,https://www.osti.gov/servlets/purl/1969340,https://www.osti.gov/biblio/2217486,Nature
A Facile Methodology for Engineering the Morphology of CsPbX3 Perovskite Nanocrystals under Ambient Condition,2016,10.1038/srep37693,https://openalex.org/W2552570726,158,True,https://www.nature.com/articles/srep37693.pdf,https://doi.org/10.1038/srep37693,Scientific Reports
Acid Additives Enhancing the Conductivity of Spiro‐OMeTAD Toward High‐Efficiency and Hysteresis‐Less Planar Perovskite Solar Cells,2016,10.1002/aenm.201601451,https://openalex.org/W2540297798,157,True,https://www.osti.gov/servlets/purl/1345355,https://www.osti.gov/biblio/1345355,Advanced Energy Materials
Tailoring vertical phase distribution of quasi-two-dimensional perovskite films via surface modification of hole-transporting layer,2019,10.1038/s41467-019-08843-5,https://openalex.org/W2916431294,157,True,https://www.nature.com/articles/s41467-019-08843-5.pdf,https://doi.org/10.1038/s41467-019-08843-5,Nature Communications
Surface chelation of cesium halide perovskite by dithiocarbamate for efficient and stable solar cells,2020,10.1038/s41467-020-18015-5,https://openalex.org/W3080441763,157,True,https://www.nature.com/articles/s41467-020-18015-5.pdf,https://doi.org/10.1038/s41467-020-18015-5,Nature Communications
Solution‐Grown Organic and Perovskite X‐Ray Detectors: A New Paradigm for the Direct Detection of Ionizing Radiation,2020,10.1002/admt.202000475,https://openalex.org/W3081255312,157,True,https://onlinelibrary.wiley.com/doi/pdfdirect/10.1002/admt.202000475,https://doi.org/10.1002/admt.202000475,Advanced Materials Technologies
Enhanced perovskite electronic properties via a modified lead( ii ) chloride Lewis acid–base adduct and their effect in high-efficiency perovskite solar cells,2017,10.1039/c6ta11139d,https://openalex.org/W2586588557,157,True,https://pubs.rsc.org/en/content/articlepdf/2017/ta/c6ta11139d,https://doi.org/10.1039/c6ta11139d,Journal of Materials Chemistry A
Ultra-high open-circuit voltage of perovskite solar cells induced by nucleation thermodynamics on rough substrates,2017,10.1038/srep46141,https://openalex.org/W2606222460,156,True,https://www.nature.com/articles/srep46141.pdf,https://doi.org/10.1038/srep46141,Scientific Reports
Discerning recombination mechanisms and ideality factors through impedance analysis of high-efficiency perovskite solar cells,2018,10.1016/j.nanoen.2018.03.042,https://openalex.org/W2792405309,156,True,https://ars.els-cdn.com/content/image/1-s2.0-S2211285518301836-fx1_lrg.jpg,https://doi.org/10.1016/j.nanoen.2018.03.042,Nano Energy
Surface chemical polishing and passivation minimize non-radiative recombination for all-perovskite tandem solar cells,2024,10.1038/s41467-024-51703-0,https://openalex.org/W4401882708,156,True,https://www.nature.com/articles/s41467-024-51703-0.pdf,https://doi.org/10.1038/s41467-024-51703-0,Nature Communications
Efficient and Air-Stable Planar Perovskite Solar Cells Formed on Graphene-Oxide-Modified PEDOT:PSS Hole Transport Layer,2017,10.1007/s40820-017-0140-x,https://openalex.org/W2597295961,155,True,https://link.springer.com/content/pdf/10.1007/s40820-017-0140-x.pdf,https://doi.org/10.1007/s40820-017-0140-x,Nano-Micro Letters
Over 24% efficient MA-free CsxFA1−xPbX3 perovskite solar cells,2022,10.1016/j.joule.2022.05.002,https://openalex.org/W4281477608,155,True,http://www.cell.com/article/S2542435122001933/pdf,https://doi.org/10.1016/j.joule.2022.05.002,Joule
Patterning Multicolor Hybrid Perovskite Films via Top-Down Lithography,2019,10.1021/acsnano.8b09592,https://openalex.org/W2915253349,154,True,https://research-repository.st-andrews.ac.uk/bitstream/10023/19515/1/Harwell_2019_Patterning_multicolor_ACSNano_AAM.pdf,https://hdl.handle.net/10023/19515,ACS Nano
Fluoride Chemistry in Tin Halide Perovskites,2021,10.1002/anie.202107599,https://openalex.org/W3180733479,154,True,https://onlinelibrary.wiley.com/doi/pdfdirect/10.1002/anie.202107599,https://doi.org/10.1002/anie.202107599,Angewandte Chemie International Edition
Challenges and Opportunities for CsPbBr 3 Perovskites in Low- and High-Energy Radiation Detection,2021,10.1021/acsenergylett.1c00007,https://openalex.org/W3137056344,154,True,https://pubs.acs.org/doi/pdf/10.1021/acsenergylett.1c00007,https://doi.org/10.1021/acsenergylett.1c00007,ACS Energy Letters
"Optical and electronic properties of mixed halide (X = I, Cl, Br) methylammonium lead perovskite solar cells",2017,10.1039/c6tc04830g,https://openalex.org/W2582439517,154,True,https://pubs.rsc.org/en/content/articlepdf/2017/tc/c6tc04830g,https://doi.org/10.1039/c6tc04830g,Journal of Materials Chemistry C
Fully Spray-Coated Triple-Cation Perovskite Solar Cells,2020,10.1038/s41598-020-63674-5,https://openalex.org/W3016719418,153,True,https://www.nature.com/articles/s41598-020-63674-5.pdf,https://doi.org/10.1038/s41598-020-63674-5,Scientific Reports
Low-Temperature Plasma-Assisted Atomic-Layer-Deposited SnO2 as an Electron Transport Layer in Planar Perovskite Solar Cells,2018,10.1021/acsami.8b09515,https://openalex.org/W2887763319,153,True,,https://doi.org/10.1021/acsami.8b09515,ACS Applied Materials & Interfaces
Progress and challenges on scaling up of perovskite solar cell technology,2021,10.1039/d1se01045j,https://openalex.org/W3216257650,153,True,https://pubs.rsc.org/en/content/articlepdf/2022/se/d1se01045j,https://doi.org/10.1039/d1se01045j,Sustainable Energy & Fuels
Continuous wave amplified spontaneous emission in phase-stable lead halide perovskites,2019,10.1038/s41467-019-08929-0,https://openalex.org/W2916950464,153,True,https://www.nature.com/articles/s41467-019-08929-0.pdf,https://doi.org/10.1038/s41467-019-08929-0,Nature Communications
NiFeOx decorated Ge-hematite/perovskite for an efficient water splitting system,2021,10.1038/s41467-021-24428-7,https://openalex.org/W3182200437,152,True,https://www.nature.com/articles/s41467-021-24428-7.pdf,https://doi.org/10.1038/s41467-021-24428-7,Nature Communications
Halide homogenization for low energy loss in 2-eV-bandgap perovskites and increased efficiency in all-perovskite triple-junction solar cells,2023,10.1038/s41560-023-01406-5,https://openalex.org/W4388721897,151,True,https://www.nature.com/articles/s41560-023-01406-5.pdf,https://doi.org/10.1038/s41560-023-01406-5,Nature Energy
Spectral splitting photovoltaics using perovskite and wideband dye-sensitized solar cells,2015,10.1038/ncomms9834,https://openalex.org/W2262089745,150,True,https://www.nature.com/articles/ncomms9834.pdf,https://doi.org/10.1038/ncomms9834,Nature Communications
"High‐ Q , Low‐Threshold Monolithic Perovskite Thin‐Film Vertical‐Cavity Lasers",2017,10.1002/adma.201604781,https://openalex.org/W2589013981,150,True,https://www.osti.gov/servlets/purl/1533032,https://www.osti.gov/biblio/1401051,Advanced Materials
Identifying the Cause of Voltage and Fill Factor Losses in Perovskite Solar Cells by Using Luminescence Measurements,2017,10.1002/ente.201700374,https://openalex.org/W2741859813,150,True,https://onlinelibrary.wiley.com/doi/pdfdirect/10.1002/ente.201700374,https://doi.org/10.1002/ente.201700374,Energy Technology
Machine-Learning-Accelerated Perovskite Crystallization,2020,10.1016/j.matt.2020.02.012,https://openalex.org/W3012025339,149,True,http://www.cell.com/article/S2590238520300746/pdf,https://doi.org/10.1016/j.matt.2020.02.012,Matter
Defect passivation in methylammonium/bromine free inverted perovskite solar cells using charge-modulated molecular bonding,2024,10.1038/s41467-024-45228-9,https://openalex.org/W4391305138,149,True,https://www.nature.com/articles/s41467-024-45228-9.pdf,https://doi.org/10.1038/s41467-024-45228-9,Nature Communications
Recent Developments in Upscalable Printing Techniques for Perovskite Solar Cells,2022,10.1002/advs.202200308,https://openalex.org/W4220953042,149,True,https://onlinelibrary.wiley.com/doi/pdfdirect/10.1002/advs.202200308,https://doi.org/10.1002/advs.202200308,Advanced Science
Efficient light-emitting diodes based on oriented perovskite nanoplatelets,2021,10.1126/sciadv.abg8458,https://openalex.org/W3204707069,149,True,,https://doi.org/10.1126/sciadv.abg8458,Science Advances
A comprehensive review of the current progresses and material advances in perovskite solar cells,2023,10.1039/d3na00319a,https://openalex.org/W4381857030,149,True,https://pubs.rsc.org/en/content/articlepdf/2023/na/d3na00319a,https://doi.org/10.1039/d3na00319a,Nanoscale Advances
A prenucleation strategy for ambient fabrication of perovskite solar cells with high device performance uniformity,2020,10.1038/s41467-020-14715-0,https://openalex.org/W3008415532,148,True,https://www.nature.com/articles/s41467-020-14715-0.pdf,https://doi.org/10.1038/s41467-020-14715-0,Nature Communications
Stable biexcitons in two-dimensional metal-halide perovskites with strong dynamic lattice disorder,2018,10.1103/physrevmaterials.2.034001,https://openalex.org/W2772587104,147,True,http://link.aps.org/pdf/10.1103/PhysRevMaterials.2.034001,https://doi.org/10.1103/physrevmaterials.2.034001,Physical Review Materials
Enhancing Photostability of Sn‐Pb Perovskite Solar Cells by an Alkylammonium Pseudo‐Halogen Additive,2023,10.1002/aenm.202204115,https://openalex.org/W4322773263,146,True,https://onlinelibrary.wiley.com/doi/pdfdirect/10.1002/aenm.202204115,https://doi.org/10.1002/aenm.202204115,Advanced Energy Materials
Multifunctional Small Molecule as Buried Interface Passivator for Efficient Planar Perovskite Solar Cells,2023,10.1002/adfm.202300128,https://openalex.org/W4323045279,146,True,https://onlinelibrary.wiley.com/doi/pdfdirect/10.1002/adfm.202300128,https://doi.org/10.1002/adfm.202300128,Advanced Functional Materials
"Surface Engineering of Metals: Techniques, Characterizations and Applications",2023,10.3390/met13071299,https://openalex.org/W4384930858,145,True,https://www.mdpi.com/2075-4701/13/7/1299/pdf?version=1689843196,https://doi.org/10.3390/met13071299,Metals
Regulation of the luminescence mechanism of two-dimensional tin halide perovskites,2022,10.1038/s41467-021-27663-0,https://openalex.org/W4205889880,145,True,https://www.nature.com/articles/s41467-021-27663-0.pdf,https://doi.org/10.1038/s41467-021-27663-0,Nature Communications
Self-assembled monolayer enabling improved buried interfaces in blade-coated perovskite solar cells for high efficiency and stability,2022,10.26599/nre.2022.9120004,https://openalex.org/W4220832752,145,True,https://www.sciopen.com/article_pdf/1505803554504044545.pdf,https://doi.org/10.26599/nre.2022.9120004,Nano Research Energy
Improved charge carrier lifetime in planar perovskite solar cells by bromine doping,2016,10.1038/srep39333,https://openalex.org/W2567083855,145,True,https://www.nature.com/articles/srep39333.pdf,https://doi.org/10.1038/srep39333,Scientific Reports
Thin-film semiconductor perspective of organometal trihalide perovskite materials for high-efficiency solar cells,2016,10.1016/j.mser.2015.12.002,https://openalex.org/W2259187974,144,True,https://www.osti.gov/servlets/purl/1342525,https://www.osti.gov/biblio/1342525,Materials Science and Engineering R Reports
Bionic Detectors Based on Low‐Bandgap Inorganic Perovskite for Selective NIR‐I Photon Detection and Imaging,2019,10.1002/adma.201905362,https://openalex.org/W2996034601,144,True,https://discovery.ucl.ac.uk/10093048/3/Choy_MS-20191107.pdf,https://discovery.ucl.ac.uk/id/eprint/10093048/,Advanced Materials
Indirect tail states formation by thermal-induced polar fluctuations in halide perovskites,2019,10.1038/s41467-019-08326-7,https://openalex.org/W2914152063,143,True,https://www.nature.com/articles/s41467-019-08326-7.pdf,https://doi.org/10.1038/s41467-019-08326-7,Nature Communications
The impact of ligands on the synthesis and application of metal halide perovskite nanocrystals,2021,10.1039/d1ta05242j,https://openalex.org/W3205029802,142,True,https://pubs.rsc.org/en/content/articlepdf/2021/ta/d1ta05242j,https://doi.org/10.1039/d1ta05242j,Journal of Materials Chemistry A
Momentarily trapped exciton polaron in two-dimensional lead halide perovskites,2021,10.1038/s41467-021-21721-3,https://openalex.org/W3134430102,141,True,https://www.nature.com/articles/s41467-021-21721-3.pdf,https://doi.org/10.1038/s41467-021-21721-3,Nature Communications
Physical Passivation of Grain Boundaries and Defects in Perovskite Solar Cells by an Isolating Thin Polymer,2021,10.1021/acsenergylett.1c01187,https://openalex.org/W3173560569,141,True,,https://doi.org/10.1021/acsenergylett.1c01187,ACS Energy Letters
Multifunctional entinostat enhances the mechanical robustness and efficiency of flexible perovskite solar cells and minimodules,2024,10.1038/s41566-023-01373-z,https://openalex.org/W4390975731,141,True,https://www.osti.gov/servlets/purl/2337952,https://www.osti.gov/biblio/2337952,Nature Photonics
Silver coordination-induced n-doping of PCBM for stable and efficient inverted perovskite solar cells,2024,10.1038/s41467-024-49395-7,https://openalex.org/W4399500807,140,True,,https://doi.org/10.1038/s41467-024-49395-7,Nature Communications
Identification of lead vacancy defects in lead halide perovskites,2021,10.1038/s41467-021-25937-1,https://openalex.org/W3199179075,140,True,https://www.nature.com/articles/s41467-021-25937-1.pdf,https://doi.org/10.1038/s41467-021-25937-1,Nature Communications
"Perovskite Nanomaterials – Synthesis, Characterization, and Applications",2016,10.5772/61280,https://openalex.org/W2279067240,140,True,https://www.intechopen.com/citation-pdf-url/49438,https://doi.org/10.5772/61280,InTech eBooks
Dopant Engineering for Spiro‐OMeTAD Hole‐Transporting Materials towards Efficient Perovskite Solar Cells,2021,10.1002/adfm.202102124,https://openalex.org/W3191903301,139,True,https://onlinelibrary.wiley.com/doi/pdfdirect/10.1002/adfm.202102124,https://doi.org/10.1002/adfm.202102124,Advanced Functional Materials
Highly selective photocatalytic CO 2 reduction via a lead-free perovskite/MOF catalyst,2023,10.1039/d2ta09777j,https://openalex.org/W4317597431,139,True,https://pubs.rsc.org/en/content/articlepdf/2023/ta/d2ta09777j,https://doi.org/10.1039/d2ta09777j,Journal of Materials Chemistry A
Sub-1.4eV bandgap inorganic perovskite solar cells with long-term stability,2020,10.1038/s41467-019-13908-6,https://openalex.org/W3000509672,139,True,https://www.nature.com/articles/s41467-019-13908-6.pdf,https://doi.org/10.1038/s41467-019-13908-6,Nature Communications
Homogeneous 2D/3D heterostructured tin halide perovskite photovoltaics,2025,10.1038/s41565-025-01905-4,https://openalex.org/W4409510059,139,True,https://www.nature.com/articles/s41565-025-01905-4.pdf,https://doi.org/10.1038/s41565-025-01905-4,Nature Nanotechnology
Efficient Carbon-Based CsPbBr3 Inorganic Perovskite Solar Cells by Using Cu-Phthalocyanine as Hole Transport Material,2018,10.1007/s40820-018-0187-3,https://openalex.org/W2782582230,139,True,https://link.springer.com/content/pdf/10.1007/s40820-018-0187-3.pdf,https://doi.org/10.1007/s40820-018-0187-3,Nano-Micro Letters
Lithium-doped two-dimensional perovskite scintillator for wide-range radiation detection,2020,10.1038/s43246-020-0038-x,https://openalex.org/W3037810680,138,True,https://www.nature.com/articles/s43246-020-0038-x.pdf,https://doi.org/10.1038/s43246-020-0038-x,Communications Materials
Confining metal-halide perovskites in nanoporous thin films,2017,10.1126/sciadv.1700738,https://openalex.org/W2519553464,138,True,https://advances.sciencemag.org/content/advances/3/8/e1700738.full.pdf,https://doi.org/10.1126/sciadv.1700738,Science Advances
A review of advances in multifunctional XTiO3 perovskite-type oxides as piezo-photocatalysts for environmental remediation and energy production,2021,10.1016/j.jhazmat.2021.126792,https://openalex.org/W3192659438,138,True,https://air.unimi.it/bitstream/2434/931504/4/Review_XTiO3_2021-03-29_rev%2bIR.pdf,http://hdl.handle.net/2434/931504,Journal of Hazardous Materials
"Ink Design Enabling Slot‐Die Coated Perovskite Solar Cells with >22% Power Conversion Efficiency, Micro‐Modules, and 1 Year of Outdoor Performance Evaluation",2023,10.1002/aenm.202203898,https://openalex.org/W4323266868,138,True,https://onlinelibrary.wiley.com/doi/pdfdirect/10.1002/aenm.202203898,https://doi.org/10.1002/aenm.202203898,Advanced Energy Materials
Out-of-equilibrium processes in crystallization of organic-inorganic perovskites during spin coating,2021,10.1038/s41467-021-25898-5,https://openalex.org/W3199825721,137,True,https://www.nature.com/articles/s41467-021-25898-5.pdf,https://doi.org/10.1038/s41467-021-25898-5,Nature Communications
Charge injection engineering at organic/inorganic heterointerfaces for high-efficiency and fast-response perovskite light-emitting diodes,2023,10.1038/s41467-023-41929-9,https://openalex.org/W4387636905,137,True,https://www.nature.com/articles/s41467-023-41929-9.pdf,https://doi.org/10.1038/s41467-023-41929-9,Nature Communications
Monolithic Perovskite/Si Tandem Solar Cells: Pathways to Over 30% Efficiency,2019,10.1002/aenm.201902840,https://openalex.org/W2994783572,137,True,https://openresearch-repository.anu.edu.au/bitstreams/02a62ca1-1540-4365-82c3-2eada37c66fd/download,https://openresearch-repository.anu.edu.au/bitstream/1885/206404/3/Shen%20et%20al.%20-%202020%20%28Author%20Accepted%20Version%29%20-%20Monolithic%20PerovskiteSi%20Tandem%20Solar%20Cells%20Pathw.pdf.jpg,Advanced Energy Materials
How antisolvent miscibility affects perovskite film wrinkling and photovoltaic properties,2021,10.1038/s41467-021-21803-2,https://openalex.org/W3133501077,136,True,https://www.nature.com/articles/s41467-021-21803-2.pdf,https://doi.org/10.1038/s41467-021-21803-2,Nature Communications
Efficient and Spectrally Stable Blue Perovskite Light‐Emitting Diodes Employing a Cationic π‐Conjugated Polymer,2021,10.1002/adma.202103640,https://openalex.org/W3200955144,136,True,https://onlinelibrary.wiley.com/doi/pdfdirect/10.1002/adma.202103640,https://doi.org/10.1002/adma.202103640,Advanced Materials
High Performance Perovskite Solar Cells,2015,10.1002/advs.201500201,https://openalex.org/W2188291525,136,True,https://onlinelibrary.wiley.com/doi/pdfdirect/10.1002/advs.201500201,https://doi.org/10.1002/advs.201500201,Advanced Science
Highly stable and efficient solid-state solar cells based on methylammonium lead bromide (CH3NH3PbBr3) perovskite quantum dots,2015,10.1038/am.2015.86,https://openalex.org/W1598298067,135,True,https://www.nature.com/articles/am201586.pdf,https://doi.org/10.1038/am.2015.86,NPG Asia Materials
Spinel Co 3 O 4 nanomaterials for efficient and stable large area carbon-based printed perovskite solar cells,2017,10.1039/c7nr08289d,https://openalex.org/W2778115116,135,True,https://pubs.rsc.org/en/content/articlepdf/2018/nr/c7nr08289d,https://doi.org/10.1039/c7nr08289d,Nanoscale
Moisture‐Resilient Perovskite Solar Cells for Enhanced Stability,2023,10.1002/adma.202211317,https://openalex.org/W4366371459,134,True,https://onlinelibrary.wiley.com/doi/pdfdirect/10.1002/adma.202211317,https://doi.org/10.1002/adma.202211317,Advanced Materials
Engineering fluorinated-cation containing inverted perovskite solar cells with an efficiency of >21% and improved stability towards humidity,2021,10.1038/s41467-020-20272-3,https://openalex.org/W3119261754,134,True,https://www.nature.com/articles/s41467-020-20272-3.pdf,https://doi.org/10.1038/s41467-020-20272-3,Nature Communications
Hole-Transporting Materials for Printable Perovskite Solar Cells,2017,10.3390/ma10091087,https://openalex.org/W2755546960,134,True,https://www.mdpi.com/1996-1944/10/9/1087/pdf?version=1505484678,https://doi.org/10.3390/ma10091087,Materials
Two-dimensional materials in perovskite solar cells,2018,10.1016/j.mtener.2018.11.006,https://openalex.org/W2902736164,134,True,https://www.sciencedirect.com/science/article/pii/S2468606918302132,https://doi.org/10.1016/j.mtener.2018.11.006,Materials Today Energy
Efficient monolithic all-perovskite tandem solar modules with small cell-to-module derate,2022,10.1038/s41560-022-01102-w,https://openalex.org/W4293475567,134,True,https://www.osti.gov/servlets/purl/1884292,https://www.osti.gov/biblio/1884324,Nature Energy
A universal co-solvent dilution strategy enables facile and cost-effective fabrication of perovskite photovoltaics,2022,10.1038/s41467-021-27740-4,https://openalex.org/W4205595874,132,True,https://www.nature.com/articles/s41467-021-27740-4.pdf,https://doi.org/10.1038/s41467-021-27740-4,Nature Communications
Hysteresis-less and stable perovskite solar cells with a self-assembled monolayer,2020,10.1038/s43246-020-0028-z,https://openalex.org/W3027972047,131,True,https://www.nature.com/articles/s43246-020-0028-z.pdf,https://doi.org/10.1038/s43246-020-0028-z,Communications Materials
A Generalized Crystallization Protocol for Scalable Deposition of High‐Quality Perovskite Thin Films for Photovoltaic Applications,2019,10.1002/advs.201901067,https://openalex.org/W2954333681,131,True,https://onlinelibrary.wiley.com/doi/pdfdirect/10.1002/advs.201901067,https://doi.org/10.1002/advs.201901067,Advanced Science
Inorganic and Hybrid Perovskite Based Laser Devices: A Review,2019,10.3390/ma12060859,https://openalex.org/W2913072701,131,True,https://www.mdpi.com/1996-1944/12/6/859/pdf?version=1552556727,https://doi.org/10.3390/ma12060859,Materials
Perovskite Solar Cells Shine in the “Valley of the Sun”,2016,10.1021/acsenergylett.6b00069,https://openalex.org/W2342733550,130,True,https://pubs.acs.org/doi/pdf/10.1021/acsenergylett.6b00069?ref=article_openPDF,https://doi.org/10.1021/acsenergylett.6b00069,ACS Energy Letters
Engineering Halide Perovskite Crystals through Precursor Chemistry,2019,10.1002/smll.201903613,https://openalex.org/W2981551027,130,True,,https://research.manchester.ac.uk/en/publications/a81f80b4-480b-4d9c-9bf8-8bfd287400a2,Small
Suppressing Auger Recombination of Perovskite Quantum Dots for Efficient Pure-Blue-Light-Emitting Diodes,2022,10.1021/acsenergylett.2c02613,https://openalex.org/W4313418812,130,True,https://eprints.whiterose.ac.uk/195460/4/Supporting%20Information.pdf,https://eprints.whiterose.ac.uk/195460/1/Manuscript%20from%20acsenergy%20letters%20accepted%20on%20Dec.%2021%2C%202022.pdf,ACS Energy Letters
Ba-induced phase segregation and band gap reduction in mixed-halide inorganic perovskite solar cells,2019,10.1038/s41467-019-12678-5,https://openalex.org/W2980876518,129,True,https://www.nature.com/articles/s41467-019-12678-5.pdf,https://doi.org/10.1038/s41467-019-12678-5,Nature Communications
"Recent progress of two‐dimensional lead halide perovskite single crystals: Crystal growth, physical properties, and device applications",2020,10.1002/eom2.12036,https://openalex.org/W3042171042,129,True,https://onlinelibrary.wiley.com/doi/pdfdirect/10.1002/eom2.12036,https://doi.org/10.1002/eom2.12036,EcoMat
Lead-Free Organic–Perovskite Hybrid Quantum Wells for Highly Stable Light-Emitting Diodes,2021,10.1021/acsnano.1c00872,https://openalex.org/W3133910609,129,True,https://www.osti.gov/servlets/purl/1838639,https://www.osti.gov/biblio/1838639,ACS Nano
Hydrogen bonding in perovskite solar cells,2023,10.1016/j.matt.2023.10.013,https://openalex.org/W4388557393,129,True,http://www.cell.com/article/S2590238523005143/pdf,https://doi.org/10.1016/j.matt.2023.10.013,Matter
Progress and Challenges Toward Effective Flexible Perovskite Solar Cells,2023,10.1007/s40820-023-01165-8,https://openalex.org/W4386306201,129,True,https://link.springer.com/content/pdf/10.1007/s40820-023-01165-8.pdf,https://doi.org/10.1007/s40820-023-01165-8,Nano-Micro Letters
Recent progress in encapsulation strategies to enhance the stability of organometal halide perovskite solar cells,2020,10.1088/2515-7655/ab8774,https://openalex.org/W3015810628,128,True,https://iopscience.iop.org/article/10.1088/2515-7655/ab8774/pdf,https://doi.org/10.1088/2515-7655/ab8774,Journal of Physics Energy
Suppressing thermal quenching via defect passivation for efficient quasi-2D perovskite light-emitting diodes,2022,10.1038/s41377-022-00761-4,https://openalex.org/W4221015907,128,True,https://www.nature.com/articles/s41377-022-00761-4.pdf,https://doi.org/10.1038/s41377-022-00761-4,Light Science & Applications
Perovskite phase heterojunction solar cells,2022,10.1038/s41560-022-01154-y,https://openalex.org/W4308887351,128,True,https://www.nature.com/articles/s41560-022-01154-y.pdf,https://doi.org/10.1038/s41560-022-01154-y,Nature Energy
Employing 2D‐Perovskite as an Electron Blocking Layer in Highly Efficient (18.5%) Perovskite Solar Cells with Printable Low Temperature Carbon Electrode,2022,10.1002/aenm.202200837,https://openalex.org/W4223935526,128,True,https://onlinelibrary.wiley.com/doi/pdfdirect/10.1002/aenm.202200837,https://doi.org/10.1002/aenm.202200837,Advanced Energy Materials
Low Temperature Fabrication for High Performance Flexible CsPbI2Br Perovskite Solar Cells,2018,10.1002/advs.201801117,https://openalex.org/W2890589622,127,True,https://onlinelibrary.wiley.com/doi/pdfdirect/10.1002/advs.201801117,https://doi.org/10.1002/advs.201801117,Advanced Science
Crystal Orientation and Grain Size: Do They Determine Optoelectronic Properties of MAPbI 3 Perovskite?,2019,10.1021/acs.jpclett.9b02757,https://openalex.org/W2975319265,126,True,,https://doi.org/10.1021/acs.jpclett.9b02757,The Journal of Physical Chemistry Letters
All-inorganic perovskite quantum dot light-emitting memories,2021,10.1038/s41467-021-24762-w,https://openalex.org/W3113820668,126,True,https://www.nature.com/articles/s41467-021-24762-w.pdf,https://doi.org/10.1038/s41467-021-24762-w,Nature Communications
Radiative lifetime-encoded unicolour security tags using perovskite nanocrystals,2021,10.1038/s41467-021-21214-3,https://openalex.org/W3127069505,126,True,https://www.nature.com/articles/s41467-021-21214-3.pdf,https://doi.org/10.1038/s41467-021-21214-3,Nature Communications
Vapor phase deposition of perovskite photovoltaics: short track to commercialization?,2024,10.1039/d3ee03273f,https://openalex.org/W4391138818,126,True,https://pubs.rsc.org/en/content/articlepdf/2024/ee/d3ee03273f,https://doi.org/10.1039/d3ee03273f,Energy & Environmental Science
Improved Carrier Management via a Multifunctional Modifier for High‐Quality Low‐Bandgap Sn–Pb Perovskites and Efficient All‐Perovskite Tandem Solar Cells,2023,10.1002/adma.202300352,https://openalex.org/W4323981641,126,True,https://onlinelibrary.wiley.com/doi/pdfdirect/10.1002/adma.202300352,https://doi.org/10.1002/adma.202300352,Advanced Materials
Methodologies for high efficiency perovskite solar cells,2016,10.1186/s40580-016-0074-x,https://openalex.org/W2470388811,125,True,https://nanoconvergencejournal.springeropen.com/track/pdf/10.1186/s40580-016-0074-x,https://doi.org/10.1186/s40580-016-0074-x,Nano Convergence
Enlarging moment and regulating orientation of buried interfacial dipole for efficient inverted perovskite solar cells,2025,10.1038/s41467-024-55653-5,https://openalex.org/W4407065861,125,True,https://www.nature.com/articles/s41467-024-55653-5.pdf,https://doi.org/10.1038/s41467-024-55653-5,Nature Communications
High-performance hysteresis-free perovskite transistors through anion engineering,2022,10.1038/s41467-022-29434-x,https://openalex.org/W4225874524,124,True,https://www.nature.com/articles/s41467-022-29434-x.pdf,https://doi.org/10.1038/s41467-022-29434-x,Nature Communications
High-Performance Formamidinium-Based Perovskite Solar Cells via Microstructure-Mediated δ-to-α Phase Transformation,2017,10.1021/acs.chemmater.7b00523,https://openalex.org/W2600411912,123,True,https://www.osti.gov/servlets/purl/1358335,https://www.osti.gov/biblio/1358335,Chemistry of Materials
Tin-based halide perovskite materials: properties and applications,2022,10.1039/d2sc01914k,https://openalex.org/W4283783498,123,True,https://pubs.rsc.org/en/content/articlepdf/2022/sc/d2sc01914k,https://doi.org/10.1039/d2sc01914k,Chemical Science
Self-assembled materials with an ordered hydrophilic bilayer for high performance inverted Perovskite solar cells,2025,10.1038/s41467-024-55523-0,https://openalex.org/W4406002810,123,True,https://www.nature.com/articles/s41467-024-55523-0.pdf,https://doi.org/10.1038/s41467-024-55523-0,Nature Communications
Multimodal host–guest complexation for efficient and stable perovskite photovoltaics,2021,10.1038/s41467-021-23566-2,https://openalex.org/W3172882011,123,True,https://www.nature.com/articles/s41467-021-23566-2.pdf,https://doi.org/10.1038/s41467-021-23566-2,Nature Communications
Efficient and stable inverted perovskite solar cells enabled by homogenized PCBM with enhanced electron transport,2024,10.1038/s41467-024-53283-5,https://openalex.org/W4403674769,122,True,https://www.nature.com/articles/s41467-024-53283-5.pdf,https://doi.org/10.1038/s41467-024-53283-5,Nature Communications
Intrinsic and Extrinsic Stability of Formamidinium Lead Bromide Perovskite Solar Cells Yielding High Photovoltage,2016,10.1021/acs.nanolett.6b03455,https://openalex.org/W2538338482,122,True,https://www.repository.cam.ac.uk/handle/1810/263663,https://www.repository.cam.ac.uk/handle/1810/263663,Nano Letters
25.1% High‐Efficiency Monolithic Perovskite Silicon Tandem Solar Cell with a High Bandgap Perovskite Absorber,2020,10.1002/solr.202000152,https://openalex.org/W3021629448,121,True,https://onlinelibrary.wiley.com/doi/pdfdirect/10.1002/solr.202000152,https://doi.org/10.1002/solr.202000152,Solar RRL
"Coupling aqueous zinc batteries and perovskite solar cells for simultaneous energy harvest, conversion and storage",2022,10.1038/s41467-021-27791-7,https://openalex.org/W4205958821,120,True,https://www.nature.com/articles/s41467-021-27791-7.pdf,https://doi.org/10.1038/s41467-021-27791-7,Nature Communications
Gradient Doping in Sn–Pb Perovskites by Barium Ions for Efficient Single‐Junction and Tandem Solar Cells,2022,10.1002/adma.202110351,https://openalex.org/W4213019291,120,True,https://www.osti.gov/servlets/purl/1847090,https://www.osti.gov/biblio/1847090,Advanced Materials
Cs + incorporation into CH 3 NH 3 PbI 3 perovskite: substitution limit and stability enhancement,2016,10.1039/c6ta05869h,https://openalex.org/W2545931486,120,True,http://opus.bath.ac.uk/53679/1/160602Cs_Paper_RGN.pdf,http://opus.bath.ac.uk/53679/1/160602Cs_Paper_RGN.pdf,Journal of Materials Chemistry A
All‐Inorganic Cesium‐Based Hybrid Perovskites for Efficient and Stable Solar Cells and Modules,2021,10.1002/aenm.202100672,https://openalex.org/W3158804383,120,True,https://onlinelibrary.wiley.com/doi/pdfdirect/10.1002/aenm.202100672,https://doi.org/10.1002/aenm.202100672,Advanced Energy Materials
Control of perovskite film crystallization and growth direction to target homogeneous monolithic structures,2022,10.1038/s41467-022-34332-3,https://openalex.org/W4308296678,119,True,https://www.nature.com/articles/s41467-022-34332-3.pdf,https://doi.org/10.1038/s41467-022-34332-3,Nature Communications
Perovskite Solar Cells with All‐Inkjet‐Printed Absorber and Charge Transport Layers,2020,10.1002/admt.202000271,https://openalex.org/W3040038687,119,True,https://onlinelibrary.wiley.com/doi/pdfdirect/10.1002/admt.202000271,https://doi.org/10.1002/admt.202000271,Advanced Materials Technologies
Reducing Perovskite/C 60 Interface Losses via Sequential Interface Engineering for Efficient Perovskite/Silicon Tandem Solar Cell,2023,10.1002/adma.202308370,https://openalex.org/W4388500615,119,True,https://onlinelibrary.wiley.com/doi/pdfdirect/10.1002/adma.202308370,https://doi.org/10.1002/adma.202308370,Advanced Materials
High-performing organic electronics using terpene green solvents from renewable feedstocks,2022,10.1038/s41560-022-01167-7,https://openalex.org/W4311767233,119,True,https://www.nature.com/articles/s41560-022-01167-7.pdf,https://doi.org/10.1038/s41560-022-01167-7,Nature Energy
Optical analysis of CH 3 NH 3 Sn x Pb 1−x I 3 absorbers: a roadmap for perovskite-on-perovskite tandem solar cells,2016,10.1039/c6ta04840d,https://openalex.org/W2461872642,119,True,https://pubs.rsc.org/en/content/articlepdf/2016/ta/c6ta04840d,https://doi.org/10.1039/c6ta04840d,Journal of Materials Chemistry A
Ambient Fabrication of Organic–Inorganic Hybrid Perovskite Solar Cells,2020,10.1002/smtd.202000744,https://openalex.org/W3087537185,118,True,https://onlinelibrary.wiley.com/doi/pdfdirect/10.1002/smtd.202000744,https://doi.org/10.1002/smtd.202000744,Small Methods
Recent progress of perovskite devices fabricated using thermal evaporation method: Perspective and outlook,2022,10.1016/j.mtadv.2022.100232,https://openalex.org/W4221004255,118,True,https://www.sciencedirect.com/science/article/pii/S2590049822000285/pdf,https://doi.org/10.1016/j.mtadv.2022.100232,Materials Today Advances
Elucidating the origin of chiroptical activity in chiral 2D perovskites through nano-confined growth,2022,10.1038/s41467-022-31017-9,https://openalex.org/W4282019659,118,True,https://www.nature.com/articles/s41467-022-31017-9.pdf,https://doi.org/10.1038/s41467-022-31017-9,Nature Communications
Superior Self‐Powered Room‐Temperature Chemical Sensing with Light‐Activated Inorganic Halides Perovskites,2017,10.1002/smll.201702571,https://openalex.org/W2778864139,118,True,https://onlinelibrary.wiley.com/doi/pdfdirect/10.1002/smll.201702571,https://doi.org/10.1002/smll.201702571,Small
Improving Low-Bandgap Tin–Lead Perovskite Solar Cells via Contact Engineering and Gas Quench Processing,2020,10.1021/acsenergylett.0c00255,https://openalex.org/W3011975943,117,True,https://www.osti.gov/servlets/purl/1659847,https://www.osti.gov/biblio/1834022,ACS Energy Letters
Near‐Infrared‐Transparent Perovskite Solar Cells and Perovskite‐Based Tandem Photovoltaics,2020,10.1002/smtd.202000395,https://openalex.org/W3081696716,117,True,https://onlinelibrary.wiley.com/doi/pdfdirect/10.1002/smtd.202000395,https://doi.org/10.1002/smtd.202000395,Small Methods
"Solution-Processed, Silver-Doped NiOx as Hole Transporting Layer for High-Efficiency Inverted Perovskite Solar Cells",2018,10.1021/acsaem.7b00129,https://openalex.org/W2783661783,117,True,https://unsworks.unsw.edu.au/bitstreams/7777ad5a-f2c8-443c-87f8-b288de9585c6/download,http://hdl.handle.net/1959.4/unsworks_50337,ACS Applied Energy Materials
Advances in Inkjet‐Printed Metal Halide Perovskite Photovoltaic and Optoelectronic Devices,2019,10.1002/ente.201900991,https://openalex.org/W2982978902,117,True,https://onlinelibrary.wiley.com/doi/pdfdirect/10.1002/ente.201900991,https://doi.org/10.1002/ente.201900991,Energy Technology
Electronic Waste Reduction Through Devices and Printed Circuit Boards Designed for Circularity,2022,10.1109/jflex.2022.3159258,https://openalex.org/W4226354009,117,True,https://ieeexplore.ieee.org/ielx7/9552934/9645762/09733886.pdf,https://doi.org/10.1109/jflex.2022.3159258,IEEE Journal on Flexible Electronics
"Bifacial, Color-Tunable Semitransparent Perovskite Solar Cells for Building-Integrated Photovoltaics",2019,10.1021/acsami.9b15488,https://openalex.org/W2996469781,116,True,https://dr.ntu.edu.sg/bitstream/10356/142485/2/Bifacial%2c%20Color-Tunable%20Semitransparent%20Perovskite%20Solar%20Cells%20for%20Building%20Integrated%20Photovoltaics.pdf,https://hdl.handle.net/10356/142485,ACS Applied Materials & Interfaces
A thermotropic liquid crystal enables efficient and stable perovskite solar modules,2024,10.1038/s41560-023-01444-z,https://openalex.org/W4391012103,115,True,https://www.osti.gov/servlets/purl/2502011,https://www.osti.gov/biblio/2502011,Nature Energy
Review of current progress in hole-transporting materials for perovskite solar cells,2021,10.1016/j.jechem.2021.12.003,https://openalex.org/W4200497349,115,True,https://ars.els-cdn.com/content/image/1-s2.0-S2095495621006653-ga1_lrg.jpg,https://doi.org/10.1016/j.jechem.2021.12.003,Journal of Energy Chemistry
Lattice engineering for stabilized black FAPbI 3 perovskite single crystals for high-resolution x-ray imaging at the lowest dose,2023,10.1126/sciadv.adh2255,https://openalex.org/W4386276959,115,True,,https://doi.org/10.1126/sciadv.adh2255,Science Advances
Highly Efficient Perovskite Solar Cells with Substantial Reduction of Lead Content,2016,10.1038/srep35705,https://openalex.org/W2535582161,114,True,https://www.nature.com/articles/srep35705.pdf,https://doi.org/10.1038/srep35705,Scientific Reports
Perovskite Solar Cells for BIPV Application: A Review,2020,10.3390/buildings10070129,https://openalex.org/W3041092810,114,True,https://www.mdpi.com/2075-5309/10/7/129/pdf?version=1595300907,https://doi.org/10.3390/buildings10070129,Buildings
Crystallization Kinetics of Hybrid Perovskite Solar Cells,2024,10.1002/anie.202319170,https://openalex.org/W4390954315,114,True,https://onlinelibrary.wiley.com/doi/pdfdirect/10.1002/anie.202319170,https://doi.org/10.1002/anie.202319170,Angewandte Chemie International Edition
Robot-Based High-Throughput Screening of Antisolvents for Lead Halide Perovskites,2020,10.1016/j.joule.2020.06.013,https://openalex.org/W3042437306,114,True,http://www.cell.com/article/S2542435120302762/pdf,https://doi.org/10.1016/j.joule.2020.06.013,Joule
Development of formamidinium lead iodide-based perovskite solar cells: efficiency and stability,2021,10.1039/d1sc04769h,https://openalex.org/W4200211180,114,True,https://pubs.rsc.org/en/content/articlepdf/2022/sc/d1sc04769h,https://doi.org/10.1039/d1sc04769h,Chemical Science
Modulation of perovskite degradation with multiple-barrier for light-heat stable perovskite solar cells,2023,10.1038/s41467-023-41856-9,https://openalex.org/W4387215519,114,True,https://www.nature.com/articles/s41467-023-41856-9.pdf,https://doi.org/10.1038/s41467-023-41856-9,Nature Communications
Ultrahigh-resolution full-color perovskite nanocrystal patterning for ultrathin skin-attachable displays,2022,10.1126/sciadv.add0697,https://openalex.org/W4307322511,114,True,https://www.science.org/doi/pdf/10.1126/sciadv.add0697?download=true,https://doi.org/10.1126/sciadv.add0697,Science Advances
Pushing efficiency limits for semitransparent perovskite solar cells,2015,10.1039/c5ta08450d,https://openalex.org/W1904686747,114,True,https://open.fau.de/bitstreams/248fe54c-10ac-4d8b-b0f6-01437f9c129f/download,https://open.fau.de/handle/openfau/8492,Journal of Materials Chemistry A
Key degradation mechanisms of perovskite solar cells and strategies for enhanced stability: issues and prospects,2025,10.1039/d4ra07942f,https://openalex.org/W4406147492,114,True,https://pubs.rsc.org/en/content/articlepdf/2025/ra/d4ra07942f,https://doi.org/10.1039/d4ra07942f,RSC Advances
Additive engineering for stable halide perovskite solar cells,2021,10.1016/j.jechem.2021.01.037,https://openalex.org/W3126951481,113,True,https://ddd.uab.cat/record/239285,https://ddd.uab.cat/record/239285,Journal of Energy Chemistry
Surface reconstruction of wide-bandgap perovskites enables efficient perovskite/silicon tandem solar cells,2024,10.1038/s41467-024-54925-4,https://openalex.org/W4405003609,113,True,https://www.nature.com/articles/s41467-024-54925-4.pdf,https://doi.org/10.1038/s41467-024-54925-4,Nature Communications
A Review of Recent Developments in Preparation Methods for Large-Area Perovskite Solar Cells,2022,10.3390/coatings12020252,https://openalex.org/W4213253126,113,True,https://www.mdpi.com/2079-6412/12/2/252/pdf?version=1645068134,https://doi.org/10.3390/coatings12020252,Coatings
Enabling full-scale grain boundary mitigation in polycrystalline perovskite solids,2022,10.1126/sciadv.abo3733,https://openalex.org/W4294316498,112,True,,https://doi.org/10.1126/sciadv.abo3733,Science Advances
Performance boosting strategy for perovskite light-emitting diodes,2019,10.1063/1.5098871,https://openalex.org/W2964560244,111,True,https://aip.scitation.org/doi/pdf/10.1063/1.5098871,https://doi.org/10.1063/1.5098871,Applied Physics Reviews
Wearable perovskite solar cells by aligned liquid crystal elastomers,2023,10.1038/s41467-023-36938-7,https://openalex.org/W4322766723,111,True,https://www.nature.com/articles/s41467-023-36938-7.pdf,https://doi.org/10.1038/s41467-023-36938-7,Nature Communications
Perovskite Photovoltaics on Roll-To-Roll Coated Ultra-thin Glass as Flexible High-Efficiency Indoor Power Generators,2020,10.1016/j.xcrp.2020.100045,https://openalex.org/W3023427160,111,True,https://www.sciencedirect.com/science/article/pii/S2666386420300369/pdf,https://doi.org/10.1016/j.xcrp.2020.100045,Cell Reports Physical Science
Mapping the pathways of photo-induced ion migration in organic-inorganic hybrid halide perovskites,2023,10.1038/s41467-023-37486-w,https://openalex.org/W4362523478,111,True,https://www.nature.com/articles/s41467-023-37486-w.pdf,https://doi.org/10.1038/s41467-023-37486-w,Nature Communications
Tin perovskite transistors and complementary circuits based on A-site cation engineering,2023,10.1038/s41928-023-01019-6,https://openalex.org/W4386033377,110,True,https://www.nature.com/articles/s41928-023-01019-6.pdf,https://doi.org/10.1038/s41928-023-01019-6,Nature Electronics
Manipulating crystallization dynamics through chelating molecules for bright perovskite emitters,2021,10.1038/s41467-021-25092-7,https://openalex.org/W3171806716,110,True,https://www.nature.com/articles/s41467-021-25092-7.pdf,https://doi.org/10.1038/s41467-021-25092-7,Nature Communications
Encapsulation of commercial and emerging solar cells with focus on perovskite solar cells,2022,10.1016/j.solener.2022.03.060,https://openalex.org/W4226056177,109,True,https://www.sciencedirect.com/science/article/pii/S0038092X22002262/pdf,https://doi.org/10.1016/j.solener.2022.03.060,Solar Energy
Crystal Structure Formation of CH3NH3PbI3-xClx Perovskite,2016,10.3390/ma9030123,https://openalex.org/W2284612341,109,True,https://www.mdpi.com/1996-1944/9/3/123/pdf?version=1456303453,https://doi.org/10.3390/ma9030123,Materials
"Halide Perovskites and Their Derivatives for Efficient, High‐Resolution Direct Radiation Detection: Design Strategies and Applications",2023,10.1002/adma.202304523,https://openalex.org/W4386856311,109,True,,https://doi.org/10.1002/adma.202304523,Advanced Materials
Unbiased biocatalytic solar-to-chemical conversion by FeOOH/BiVO4/perovskite tandem structure,2018,10.1038/s41467-018-06687-z,https://openalex.org/W2894922343,108,True,https://www.nature.com/articles/s41467-018-06687-z.pdf,https://doi.org/10.1038/s41467-018-06687-z,Nature Communications
Cation influence on carrier dynamics in perovskite solar cells,2019,10.1016/j.nanoen.2019.01.060,https://openalex.org/W2914263858,108,True,https://ars.els-cdn.com/content/image/1-s2.0-S2211285519300801-fx1_lrg.jpg,https://doi.org/10.1016/j.nanoen.2019.01.060,Nano Energy
Research progress on large-area perovskite thin films and solar modules,2017,10.1016/j.jmat.2017.09.002,https://openalex.org/W2759076733,108,True,https://www.sciencedirect.com/science/article/pii/S2352847817300576/pdf,https://doi.org/10.1016/j.jmat.2017.09.002,Journal of Materiomics
Self‐Driven Prenucleation‐Induced Perovskite Crystallization Enables Efficient Perovskite Solar Cells,2023,10.1002/anie.202302342,https://openalex.org/W4362458069,108,True,https://onlinelibrary.wiley.com/doi/pdfdirect/10.1002/anie.202302342,https://doi.org/10.1002/anie.202302342,Angewandte Chemie International Edition
Controlled on-chip fabrication of large-scale perovskite single crystal arrays for high-performance laser and photodetector integration,2023,10.1038/s41377-023-01107-4,https://openalex.org/W4323531915,107,True,https://www.nature.com/articles/s41377-023-01107-4.pdf,https://doi.org/10.1038/s41377-023-01107-4,Light Science & Applications
Degradation Mechanism and Relative Stability of Methylammonium Halide Based Perovskites Analyzed on the Basis of Acid?Base Theory,2019,10.1021/acsami.9b02374,https://openalex.org/W2921205827,106,True,,https://doi.org/10.1021/acsami.9b02374,ACS Applied Materials & Interfaces
Dual‐Interface‐Reinforced Flexible Perovskite Solar Cells for Enhanced Performance and Mechanical Reliability,2022,10.1002/adma.202205301,https://openalex.org/W4296794296,106,True,https://www.osti.gov/servlets/purl/1959914,https://www.osti.gov/biblio/1894165,Advanced Materials
Incorporating Potassium Citrate to Improve the Performance of Tin‐Lead Perovskite Solar Cells,2023,10.1002/aenm.202301218,https://openalex.org/W4384199329,106,True,https://onlinelibrary.wiley.com/doi/pdfdirect/10.1002/aenm.202301218,https://doi.org/10.1002/aenm.202301218,Advanced Energy Materials
Self‐Crystallized Multifunctional 2D Perovskite for Efficient and Stable Perovskite Solar Cells,2020,10.1002/adfm.201910620,https://openalex.org/W3011494759,105,True,https://onlinelibrary.wiley.com/doi/pdfdirect/10.1002/adfm.201910620,https://doi.org/10.1002/adfm.201910620,Advanced Functional Materials
Management of transition dipoles in organic hole-transporting materials under solar irradiation for perovskite solar cells,2018,10.1038/s41467-018-06998-1,https://openalex.org/W2898599016,105,True,https://www.nature.com/articles/s41467-018-06998-1.pdf,https://doi.org/10.1038/s41467-018-06998-1,Nature Communications
Printing strategies for scaling-up perovskite solar cells,2021,10.1093/nsr/nwab075,https://openalex.org/W3166056003,105,True,https://academic.oup.com/nsr/article-pdf/8/8/nwab075/39733472/nwab075.pdf,https://doi.org/10.1093/nsr/nwab075,National Science Review
Self-assembled monolayer–based blue perovskite LEDs,2023,10.1126/sciadv.adh2140,https://openalex.org/W4386533798,105,True,https://www.science.org/doi/pdf/10.1126/sciadv.adh2140?download=true,https://doi.org/10.1126/sciadv.adh2140,Science Advances
Transformation from crystalline precursor to perovskite in PbCl2-derived MAPbI3,2018,10.1038/s41467-018-05937-4,https://openalex.org/W2888520828,105,True,https://www.nature.com/articles/s41467-018-05937-4.pdf,https://doi.org/10.1038/s41467-018-05937-4,Nature Communications
Upscaling Solution‐Processed Perovskite Photovoltaics,2021,10.1002/aenm.202101973,https://openalex.org/W3207455325,104,True,https://onlinelibrary.wiley.com/doi/pdfdirect/10.1002/aenm.202101973,https://doi.org/10.1002/aenm.202101973,Advanced Energy Materials
Designing the Perovskite Structural Landscape for Efficient Blue Emission,2020,10.1021/acsenergylett.0c00559,https://openalex.org/W3017363488,104,True,https://dr.ntu.edu.sg/bitstream/10356/138567/4/Designing%20the%20Perovskite%20Structural%20Landscape%20for%20Efficient%20Blue%20Emission_Repository.pdf,https://hdl.handle.net/10356/138567,ACS Energy Letters
Two-Dimensional Materials for Highly Efficient and Stable Perovskite Solar Cells,2024,10.1007/s40820-024-01417-1,https://openalex.org/W4398251901,104,True,,https://doi.org/10.1007/s40820-024-01417-1,Nano-Micro Letters
Water- and heat-activated dynamic passivation for perovskite photovoltaics,2024,10.1038/s41586-024-07705-5,https://openalex.org/W4399964114,103,True,https://www.nature.com/articles/s41586-024-07705-5.pdf,https://doi.org/10.1038/s41586-024-07705-5,Nature
Constructing molecular bridge for high-efficiency and stable perovskite solar cells based on P3HT,2022,10.1038/s41467-022-34768-7,https://openalex.org/W4309474525,103,True,https://www.nature.com/articles/s41467-022-34768-7.pdf,https://doi.org/10.1038/s41467-022-34768-7,Nature Communications
Degradation of Highly Alloyed Metal Halide Perovskite Precursor Inks: Mechanism and Storage Solutions,2018,10.1021/acsenergylett.8b00305,https://openalex.org/W2790258356,103,True,https://www.osti.gov/servlets/purl/1432603,https://www.osti.gov/biblio/1432603,ACS Energy Letters
Structurally Dimensional Engineering in Perovskite Photovoltaics,2023,10.1002/aenm.202300188,https://openalex.org/W4368364824,102,True,https://onlinelibrary.wiley.com/doi/pdfdirect/10.1002/aenm.202300188,https://doi.org/10.1002/aenm.202300188,Advanced Energy Materials
"Green solvents, materials, and lead-free semiconductors for sustainable fabrication of perovskite solar cells",2023,10.1039/d3ra01692g,https://openalex.org/W4380785247,102,True,https://pubs.rsc.org/en/content/articlepdf/2023/ra/d3ra01692g,https://doi.org/10.1039/d3ra01692g,RSC Advances
Scaling-up perovskite solar cells on hydrophobic surfaces,2020,10.1016/j.nanoen.2020.105633,https://openalex.org/W3109248911,101,True,,http://hdl.handle.net/10754/666849,Nano Energy
Low‐Dimensional Metal‐Halide Perovskites as High‐Performance Materials for Memory Applications,2022,10.1002/smll.202203311,https://openalex.org/W4292547106,101,True,https://onlinelibrary.wiley.com/doi/pdfdirect/10.1002/smll.202203311,https://doi.org/10.1002/smll.202203311,Small
Recent Advances in Patterning Strategies for Full-Color Perovskite Light-Emitting Diodes,2023,10.1007/s40820-023-01254-8,https://openalex.org/W4389436239,101,True,https://link.springer.com/content/pdf/10.1007/s40820-023-01254-8.pdf,https://doi.org/10.1007/s40820-023-01254-8,Nano-Micro Letters
Stabilizing Perovskite Light‐Emitting Diodes by Incorporation of Binary Alkali Cations,2020,10.1002/adma.201907786,https://openalex.org/W3010194544,101,True,https://onlinelibrary.wiley.com/doi/pdfdirect/10.1002/adma.201907786,https://doi.org/10.1002/adma.201907786,Advanced Materials
Fully Solution‐Processed TCO‐Free Semitransparent Perovskite Solar Cells for Tandem and Flexible Applications,2017,10.1002/aenm.201701569,https://openalex.org/W2751582715,101,True,http://ira.lib.polyu.edu.hk/bitstream/10397/99228/1/Zhang_Fully_Solution-processed_TCO-free.pdf,http://hdl.handle.net/10397/99228,Advanced Energy Materials
Spin-coating free fabrication for highly efficient perovskite solar cells,2017,10.1016/j.solmat.2017.04.029,https://openalex.org/W2607990368,101,True,https://unsworks.unsw.edu.au/bitstreams/2d35f133-b3ae-40a9-980e-24d22f2e45db/download,http://hdl.handle.net/1959.4/unsworks_52232,Solar Energy Materials and Solar Cells
Recent advances in semitransparent perovskite solar cells,2020,10.1002/inf2.12154,https://openalex.org/W3092518953,100,True,https://onlinelibrary.wiley.com/doi/pdfdirect/10.1002/inf2.12154,https://doi.org/10.1002/inf2.12154,InfoMat
"Recent progress, fabrication challenges and stability issues of lead-free tin-based perovskite thin films in the field of photovoltaics",2020,10.1016/j.ccr.2020.213633,https://openalex.org/W3093682339,100,True,https://www.sciencedirect.com/science/article/pii/S0010854520305920,https://doi.org/10.1016/j.ccr.2020.213633,Coordination Chemistry Reviews
Recent Progress of All‐Bromide Inorganic Perovskite Solar Cells,2019,10.1002/ente.201900961,https://openalex.org/W2978746229,100,True,,https://doi.org/10.1002/ente.201900961,Energy Technology
Inhibiting perovskite decomposition by a creeper-inspired strategy enables efficient and stable perovskite solar cells,2024,10.1038/s41467-024-49617-y,https://openalex.org/W4399793787,100,True,,https://doi.org/10.1038/s41467-024-49617-y,Nature Communications
Nanomaterials-patterned flexible electrodes for wearable health monitoring: a review,2021,10.1007/s10853-021-06248-8,https://openalex.org/W3176552192,100,True,https://link.springer.com/content/pdf/10.1007/s10853-021-06248-8.pdf,https://doi.org/10.1007/s10853-021-06248-8,Journal of Materials Science
Dynamic X-ray imaging with screen-printed perovskite CMOS array,2024,10.1038/s41467-024-45871-2,https://openalex.org/W4391995424,100,True,https://www.nature.com/articles/s41467-024-45871-2.pdf,https://doi.org/10.1038/s41467-024-45871-2,Nature Communications
Spray-coated perovskite hemispherical photodetector featuring narrow-band and wide-angle imaging,2022,10.1038/s41467-022-33934-1,https://openalex.org/W4306293785,100,True,https://www.nature.com/articles/s41467-022-33934-1.pdf,https://doi.org/10.1038/s41467-022-33934-1,Nature Communications
Oxidation-resistant all-perovskite tandem solar cells in substrate configuration,2023,10.1038/s41467-023-37492-y,https://openalex.org/W4362471085,100,True,https://www.nature.com/articles/s41467-023-37492-y.pdf,https://doi.org/10.1038/s41467-023-37492-y,Nature Communications
Carbon‐based perovskite solar cells: From single‐junction to modules,2019,10.1002/cey2.11,https://openalex.org/W2977343604,100,True,https://onlinelibrary.wiley.com/doi/pdfdirect/10.1002/cey2.11,https://doi.org/10.1002/cey2.11,Carbon Energy
Self‐Powered Wide‐Narrow Bandgap‐Laminated Perovskite Photodetector with Bipolar Photoresponse for Secure Optical Communication,2023,10.1002/adma.202307534,https://openalex.org/W4389069519,98,True,https://onlinelibrary.wiley.com/doi/pdfdirect/10.1002/adma.202307534,https://doi.org/10.1002/adma.202307534,Advanced Materials
Material and Device Design of Flexible Perovskite Solar Cells for Next‐Generation Power Supplies,2024,10.1002/adma.202311473,https://openalex.org/W4390893937,98,True,https://onlinelibrary.wiley.com/doi/pdfdirect/10.1002/adma.202311473,https://doi.org/10.1002/adma.202311473,Advanced Materials
Inorganic p-Type Semiconductors: Their Applications and Progress in Dye-Sensitized Solar Cells and Perovskite Solar Cells,2016,10.3390/en9050331,https://openalex.org/W2342660459,97,True,https://www.mdpi.com/1996-1073/9/5/331/pdf?version=1461991328,https://doi.org/10.3390/en9050331,Energies
Germanium-lead perovskite light-emitting diodes,2021,10.1038/s41467-021-24616-5,https://openalex.org/W3182050749,97,True,https://www.nature.com/articles/s41467-021-24616-5.pdf,https://doi.org/10.1038/s41467-021-24616-5,Nature Communications
Establishing charge-transfer excitons in 2D perovskite heterostructures,2020,10.1038/s41467-020-16415-1,https://openalex.org/W3031081487,96,True,https://www.nature.com/articles/s41467-020-16415-1.pdf,https://doi.org/10.1038/s41467-020-16415-1,Nature Communications
Metal-Halide Perovskite Submicrometer-Thick Films for Ultra-Stable Self-Powered Direct X-Ray Detectors,2024,10.1007/s40820-024-01393-6,https://openalex.org/W4395666713,96,True,https://link.springer.com/content/pdf/10.1007/s40820-024-01393-6.pdf,https://doi.org/10.1007/s40820-024-01393-6,Nano-Micro Letters
Strain-insensitive viscoelastic perovskite film for intrinsically stretchable neuromorphic vision-adaptive transistors,2024,10.1038/s41467-024-47532-w,https://openalex.org/W4394646548,95,True,https://www.nature.com/articles/s41467-024-47532-w.pdf,https://doi.org/10.1038/s41467-024-47532-w,Nature Communications
Stabilization of Perovskite Lattice and Suppression of Sn2+/Sn4+ Oxidation via Formamidine Acetate for High Efficiency Tin Perovskite Solar Cells,2023,10.1002/adfm.202215041,https://openalex.org/W4318693330,95,True,https://onlinelibrary.wiley.com/doi/pdfdirect/10.1002/adfm.202215041,https://doi.org/10.1002/adfm.202215041,Advanced Functional Materials
Efficient wide-bandgap perovskite photovoltaics with homogeneous halogen-phase distribution,2024,10.1038/s41467-024-53344-9,https://openalex.org/W4403412760,95,True,https://www.nature.com/articles/s41467-024-53344-9.pdf,https://doi.org/10.1038/s41467-024-53344-9,Nature Communications
Computational insights of double perovskite Na2CaCdH6 hydride alloy for hydrogen storage applications: a DFT investigation,2024,10.1038/s41598-024-76062-0,https://openalex.org/W4403680252,95,True,,https://doi.org/10.1038/s41598-024-76062-0,Scientific Reports
Recent Advances and Opportunities of Lead-Free Perovskite Nanocrystal for Optoelectronic Application,2021,10.34133/2021/5198145,https://openalex.org/W3128825065,95,True,https://downloads.spj.sciencemag.org/energymatadv/2021/5198145.pdf,https://doi.org/10.34133/2021/5198145,Energy Material Advances
Advances in Optical Imaging and Optical Communications Based on High‐Quality Halide Perovskite Photodetectors,2023,10.1002/adfm.202311205,https://openalex.org/W4389095787,95,True,https://onlinelibrary.wiley.com/doi/pdfdirect/10.1002/adfm.202311205,https://doi.org/10.1002/adfm.202311205,Advanced Functional Materials
Facile all-dip-coating deposition of highly efficient (CH 3 ) 3 NPbI 3−x Cl x perovskite materials from aqueous non-halide lead precursor,2020,10.1039/d0ra06074g,https://openalex.org/W3047204446,94,True,https://pubs.rsc.org/en/content/articlepdf/2020/ra/d0ra06074g,https://doi.org/10.1039/d0ra06074g,RSC Advances
Thermodynamic Stabilization of Mixed-Halide Perovskites against Phase Segregation,2020,10.1016/j.xcrp.2020.100120,https://openalex.org/W3000091614,94,True,https://www.sciencedirect.com/science/article/pii/S2666386420301193/pdf,https://doi.org/10.1016/j.xcrp.2020.100120,Cell Reports Physical Science
Negligible‐Pb‐Waste and Upscalable Perovskite Deposition Technology for High‐Operational‐Stability Perovskite Solar Modules,2019,10.1002/aenm.201803047,https://openalex.org/W2913249881,94,True,https://onlinelibrary.wiley.com/doi/pdfdirect/10.1002/aenm.201803047,https://doi.org/10.1002/aenm.201803047,Advanced Energy Materials
Meniscus fabrication of halide perovskite thin films at high throughput for large area and low-cost solar panels,2019,10.1088/2631-7990/ab263e,https://openalex.org/W2948198571,94,True,https://iopscience.iop.org/article/10.1088/2631-7990/ab263e/pdf,https://doi.org/10.1088/2631-7990/ab263e,International Journal of Extreme Manufacturing
Chalcogenide perovskites for photovoltaics: current status and prospects,2021,10.1088/2515-7655/abf41c,https://openalex.org/W3148431296,94,True,https://iopscience.iop.org/article/10.1088/2515-7655/abf41c/pdf,https://doi.org/10.1088/2515-7655/abf41c,Journal of Physics Energy
Recent Progresses on Metal Halide Perovskite-Based Material as Potential Photocatalyst,2020,10.3390/catal10060709,https://openalex.org/W3037321031,93,True,,https://doi.org/10.3390/catal10060709,Catalysts
Gas‐Assisted Spray Coating of Perovskite Solar Cells Incorporating Sprayed Self‐Assembled Monolayers,2022,10.1002/advs.202104848,https://openalex.org/W4211093209,93,True,https://onlinelibrary.wiley.com/doi/pdfdirect/10.1002/advs.202104848,https://doi.org/10.1002/advs.202104848,Advanced Science
A Mini Review: Can Graphene Be a Novel Material for Perovskite Solar Cell Applications?,2017,10.1007/s40820-017-0182-0,https://openalex.org/W2777818326,93,True,https://link.springer.com/content/pdf/10.1007/s40820-017-0182-0.pdf,https://doi.org/10.1007/s40820-017-0182-0,Nano-Micro Letters
Novel Plasma-Assisted Low-Temperature-Processed SnO2 Thin Films for Efficient Flexible Perovskite Photovoltaics,2018,10.1021/acsenergylett.8b00692,https://openalex.org/W2805468770,93,True,https://dr.ntu.edu.sg/bitstream/10356/142118/2/Novel%20Plasma-Assisted%20Low-Temperature-Processed%20SnO2%20Thin%20Films%20for%20Efficient%20Flexible%20Perovskite%20Photovoltaics.pdf,https://hdl.handle.net/10356/142118,ACS Energy Letters
Solid–state NMR of hybrid halide perovskites,2019,10.1016/j.ssnmr.2019.03.005,https://openalex.org/W2926986022,92,True,https://ars.els-cdn.com/content/image/1-s2.0-S0926204019300311-fx1_lrg.jpg,https://doi.org/10.1016/j.ssnmr.2019.03.005,Solid State Nuclear Magnetic Resonance
Perovskite Thin Film Synthesised from Sputtered Lead Sulphide,2018,10.1038/s41598-018-19746-8,https://openalex.org/W2805902362,92,True,https://www.nature.com/articles/s41598-018-19746-8.pdf,https://doi.org/10.1038/s41598-018-19746-8,Scientific Reports
Numerical simulation and performance optimization of a lead-free inorganic perovskite solar cell using SCAPS-1D,2024,10.1016/j.heliyon.2024.e23985,https://openalex.org/W4390546548,92,True,,https://doi.org/10.1016/j.heliyon.2024.e23985,Heliyon
Engineering Perovskite Precursor Inks for Scalable Production of High‐Efficiency Perovskite Photovoltaic Modules,2023,10.1002/aenm.202300595,https://openalex.org/W4366768377,92,True,https://onlinelibrary.wiley.com/doi/pdfdirect/10.1002/aenm.202300595,https://doi.org/10.1002/aenm.202300595,Advanced Energy Materials
Two‐terminal Perovskite silicon tandem solar cells with a high‐Bandgap Perovskite absorber enabling voltages over 1.8 V,2019,10.1002/pip.3208,https://openalex.org/W2985596893,92,True,https://onlinelibrary.wiley.com/doi/pdfdirect/10.1002/pip.3208,https://doi.org/10.1002/pip.3208,Progress in Photovoltaics Research and Applications
Room-Temperature Sputtered SnO2 as Robust Electron Transport Layer for Air-Stable and Efficient Perovskite Solar Cells on Rigid and Flexible Substrates,2019,10.1038/s41598-019-42962-9,https://openalex.org/W2943813491,91,True,https://www.nature.com/articles/s41598-019-42962-9.pdf,https://doi.org/10.1038/s41598-019-42962-9,Scientific Reports
Superoxide radical derived metal-free spiro-OMeTAD for highly stable perovskite solar cells,2024,10.1038/s41467-024-52199-4,https://openalex.org/W4402430669,91,True,https://www.nature.com/articles/s41467-024-52199-4.pdf,https://doi.org/10.1038/s41467-024-52199-4,Nature Communications
Towards printed perovskite solar cells with cuprous oxide hole transporting layers: a theoretical design,2015,10.1088/0268-1242/30/5/054004,https://openalex.org/W1982563962,91,True,https://iopscience.iop.org/article/10.1088/0268-1242/30/5/054004/pdf,https://doi.org/10.1088/0268-1242/30/5/054004,Semiconductor Science and Technology
Degradation and self-repairing in perovskite light-emitting diodes,2021,10.1016/j.matt.2021.09.007,https://openalex.org/W3203939610,91,True,http://www.cell.com/article/S2590238521004525/pdf,https://doi.org/10.1016/j.matt.2021.09.007,Matter
"Perovskite single crystals: Synthesis, properties, and applications",2021,10.1016/j.jnlest.2021.100081,https://openalex.org/W3121526388,91,True,https://www.sciencedirect.com/science/article/pii/S1674862X21000021/pdf,https://doi.org/10.1016/j.jnlest.2021.100081,Journal of Electronic Science and Technology
A Highly integrated flexible photo-rechargeable system based on stable ultrahigh-rate quasi-solid-state zinc-ion micro-batteries and perovskite solar cells,2022,10.1016/j.ensm.2022.06.043,https://openalex.org/W4283591306,91,True,https://www.sciencedirect.com/science/article/pii/S2405829722003580/pdf,https://doi.org/10.1016/j.ensm.2022.06.043,Energy storage materials
Origin of High Efficiency and Long-Term Stability in Ionic Liquid Perovskite Photovoltaic,2020,10.34133/2020/2616345,https://openalex.org/W3085614503,90,True,https://downloads.spj.sciencemag.org/research/2020/2616345.pdf,https://doi.org/10.34133/2020/2616345,Research
Low Temperature Processed Fully Printed Efficient Planar Structure Carbon Electrode Perovskite Solar Cells and Modules,2021,10.1002/aenm.202101219,https://openalex.org/W3170663104,90,True,,https://doi.org/10.1002/aenm.202101219,Advanced Energy Materials
Perceiving of Defect Tolerance in Perovskite Absorber Layer for Efficient Perovskite Solar Cell,2020,10.1109/access.2020.3000217,https://openalex.org/W3033666203,90,True,https://ieeexplore.ieee.org/ielx7/6287639/8948470/09109335.pdf,https://doi.org/10.1109/access.2020.3000217,IEEE Access
Growing perovskite into polymers for easy-processable optoelectronic devices,2015,10.1038/srep07725,https://openalex.org/W2021464782,90,True,https://www.nature.com/articles/srep07725.pdf,https://doi.org/10.1038/srep07725,Scientific Reports
Effects of local compositional heterogeneity in mixed halide perovskites on blue electroluminescence,2024,10.1016/j.matt.2023.12.019,https://openalex.org/W4390813559,90,True,,https://doi.org/10.1016/j.matt.2023.12.019,Matter
Laser printed microelectronics,2023,10.1038/s41467-023-36722-7,https://openalex.org/W4322207850,89,True,https://www.nature.com/articles/s41467-023-36722-7.pdf,https://doi.org/10.1038/s41467-023-36722-7,Nature Communications
Screen‐Printing Technology for Scale Manufacturing of Perovskite Solar Cells,2023,10.1002/advs.202303992,https://openalex.org/W4385568577,89,True,https://onlinelibrary.wiley.com/doi/pdfdirect/10.1002/advs.202303992,https://doi.org/10.1002/advs.202303992,Advanced Science
A Bifunctional Carbazide Additive For Durable CsSnI 3 Perovskite Solar Cells,2023,10.1002/adma.202300503,https://openalex.org/W4361269019,88,True,https://onlinelibrary.wiley.com/doi/pdfdirect/10.1002/adma.202300503,https://doi.org/10.1002/adma.202300503,Advanced Materials
Halide perovskites enable polaritonic XY spin Hamiltonian at room temperature,2022,10.1038/s41563-022-01276-4,https://openalex.org/W4281723116,88,True,https://www.osti.gov/servlets/purl/1902351,https://www.osti.gov/biblio/1902351,Nature Materials
In situ simultaneous photovoltaic and structural evolution of perovskite solar cells during film formation,2017,10.1039/c7ee03013d,https://openalex.org/W2780551904,87,True,https://pubs.rsc.org/en/content/articlepdf/2018/ee/c7ee03013d,https://doi.org/10.1039/c7ee03013d,Energy & Environmental Science
A Universal Perovskite/C60 Interface Modification via Atomic Layer Deposited Aluminum Oxide for Perovskite Solar Cells and Perovskite–Silicon Tandems,2024,10.1002/adma.202311745,https://openalex.org/W4391432351,87,True,https://onlinelibrary.wiley.com/doi/pdfdirect/10.1002/adma.202311745,https://doi.org/10.1002/adma.202311745,Advanced Materials
Modulating preferred crystal orientation for efficient and stable perovskite solar cells—From progress to perspectives,2022,10.1002/inf2.12369,https://openalex.org/W4296120607,86,True,https://onlinelibrary.wiley.com/doi/pdfdirect/10.1002/inf2.12369,https://doi.org/10.1002/inf2.12369,InfoMat
Close-loop recycling of perovskite solar cells through dissolution-recrystallization of perovskite by butylamine,2021,10.1016/j.xcrp.2021.100341,https://openalex.org/W3128918800,86,True,https://www.sciencedirect.com/science/article/pii/S2666386421000266/pdf,https://doi.org/10.1016/j.xcrp.2021.100341,Cell Reports Physical Science
Perfection of Perovskite Grain Boundary Passivation by Eu‐Porphyrin Complex for Overall‐Stable Perovskite Solar Cells,2019,10.1002/advs.201802040,https://openalex.org/W2914117702,85,True,https://onlinelibrary.wiley.com/doi/pdfdirect/10.1002/advs.201802040,https://doi.org/10.1002/advs.201802040,Advanced Science
Green Perovskite Distributed Feedback Lasers,2017,10.1038/s41598-017-11569-3,https://openalex.org/W2754344272,85,True,https://www.nature.com/articles/s41598-017-11569-3.pdf,https://doi.org/10.1038/s41598-017-11569-3,Scientific Reports
Rheological engineering of perovskite suspension toward high-resolution X-ray flat-panel detector,2023,10.1038/s41467-023-42616-5,https://openalex.org/W4387976491,85,True,https://www.nature.com/articles/s41467-023-42616-5.pdf,https://doi.org/10.1038/s41467-023-42616-5,Nature Communications
Fully Solution Processed Pure α‐Phase Formamidinium Lead Iodide Perovskite Solar Cells for Scalable Production in Ambient Condition,2020,10.1002/aenm.202001869,https://openalex.org/W3088636866,84,True,https://onlinelibrary.wiley.com/doi/pdfdirect/10.1002/aenm.202001869,https://doi.org/10.1002/aenm.202001869,Advanced Energy Materials
Enhancing photovoltaic performance of perovskite solar cells with silica nanosphere antireflection coatings,2018,10.1016/j.solener.2018.04.044,https://openalex.org/W2800758889,84,True,https://www.sciencedirect.com/science/article/pii/S0038092X18304018,https://doi.org/10.1016/j.solener.2018.04.044,Solar Energy
Enhancing Photovoltaically Preferred Orientation in Wide‐Bandgap Perovskite for Efficient All‐Perovskite Tandem Solar Cells,2025,10.1002/adma.202412943,https://openalex.org/W4406127039,84,True,https://onlinelibrary.wiley.com/doi/pdfdirect/10.1002/adma.202412943,https://doi.org/10.1002/adma.202412943,Advanced Materials
Cu-doped nickel oxide interface layer with nanoscale thickness for efficient and highly stable printable carbon-based perovskite solar cell,2019,10.1016/j.solener.2019.02.056,https://openalex.org/W2917969097,84,True,https://www.sciencedirect.com/science/article/pii/S0038092X19301823,https://doi.org/10.1016/j.solener.2019.02.056,Solar Energy
Comparison of highly conductive natural and synthetic graphites for electrodes in perovskite solar cells,2021,10.1016/j.carbon.2021.01.022,https://openalex.org/W3118317710,84,True,https://www.sciencedirect.com/science/article/am/pii/S0008622321000300?via%3Dihub,https://doi.org/10.1016/j.carbon.2021.01.022,Carbon
How to improve the structural stabilities of halide perovskite quantum dots: review of various strategies to enhance the structural stabilities of halide perovskite quantum dots,2024,10.1186/s40580-024-00412-x,https://openalex.org/W4391282839,83,True,https://nanoconvergencejournal.springeropen.com/counter/pdf/10.1186/s40580-024-00412-x,https://doi.org/10.1186/s40580-024-00412-x,Nano Convergence
Fluoroalkyl-substituted fullerene/perovskite heterojunction for efficient and ambient stable perovskite solar cells,2016,10.1016/j.nanoen.2016.10.036,https://openalex.org/W2534827509,83,True,https://www.osti.gov/servlets/purl/1343588,https://www.osti.gov/biblio/1343588,Nano Energy
Field‐Effect Transistors Based on Formamidinium Tin Triiodide Perovskite,2021,10.1002/adfm.202008478,https://openalex.org/W3123740976,83,True,https://onlinelibrary.wiley.com/doi/pdfdirect/10.1002/adfm.202008478,https://doi.org/10.1002/adfm.202008478,Advanced Functional Materials
Spray-cast multilayer perovskite solar cells with an active-area of 1.5 cm2,2017,10.1038/s41598-017-08642-2,https://openalex.org/W2743377325,82,True,https://www.nature.com/articles/s41598-017-08642-2.pdf,https://doi.org/10.1038/s41598-017-08642-2,Scientific Reports
A binary 2D perovskite passivation for efficient and stable perovskite/silicon tandem solar cells,2024,10.1038/s41467-024-51345-2,https://openalex.org/W4401614095,82,True,https://www.nature.com/articles/s41467-024-51345-2.pdf,https://doi.org/10.1038/s41467-024-51345-2,Nature Communications
Solvent engineering for perovskite solar cells: a review,2020,10.1049/mnl.2019.0735,https://openalex.org/W2999998775,82,True,https://ietresearch.onlinelibrary.wiley.com/doi/pdfdirect/10.1049/mnl.2019.0735,https://doi.org/10.1049/mnl.2019.0735,Micro & Nano Letters
"Metal Halide Perovskite@Metal‐Organic Framework Hybrids: Synthesis, Design, Properties, and Applications",2020,10.1002/smll.202004891,https://openalex.org/W3095630064,81,True,https://onlinelibrary.wiley.com/doi/pdfdirect/10.1002/smll.202004891,https://doi.org/10.1002/smll.202004891,Small
Functionalized MXene ink enables environmentally stable printed electronics,2024,10.1038/s41467-024-47700-y,https://openalex.org/W4395073693,81,True,https://www.nature.com/articles/s41467-024-47700-y.pdf,https://doi.org/10.1038/s41467-024-47700-y,Nature Communications
Low‐dimensional perovskite materials and their optoelectronics,2021,10.1002/inf2.12211,https://openalex.org/W3175464458,81,True,https://onlinelibrary.wiley.com/doi/pdfdirect/10.1002/inf2.12211,https://doi.org/10.1002/inf2.12211,InfoMat
Advances in Organic and Perovskite Photovoltaics Enabling a Greener Internet of Things,2022,10.1002/adfm.202200694,https://openalex.org/W4224282924,81,True,https://onlinelibrary.wiley.com/doi/pdfdirect/10.1002/adfm.202200694,https://doi.org/10.1002/adfm.202200694,Advanced Functional Materials
Additives in metal halide perovskite films and their applications in solar cells,2019,10.1016/j.jechem.2019.11.008,https://openalex.org/W2990571533,81,True,https://ars.els-cdn.com/content/image/1-s2.0-S2095495619308988-fx1_lrg.jpg,https://doi.org/10.1016/j.jechem.2019.11.008,Journal of Energy Chemistry
"Synthesis, Applications, and Prospects of Quantum‐Dot‐in‐Perovskite Solids",2021,10.1002/aenm.202100774,https://openalex.org/W3160082508,81,True,https://utoronto.scholaris.ca/bitstreams/e0a2181e-3941-48e7-a7e5-804a3478baae/download,http://hdl.handle.net/1807/106855,Advanced Energy Materials
Perovskite grain wrapping by converting interfaces and grain boundaries into robust and water-insoluble low-dimensional perovskites,2022,10.1126/sciadv.abq4524,https://openalex.org/W4310709718,80,True,https://www.science.org/doi/pdf/10.1126/sciadv.abq4524?download=true,https://doi.org/10.1126/sciadv.abq4524,Science Advances
Deciphering photocarrier dynamics for tuneable high-performance perovskite-organic semiconductor heterojunction phototransistors,2019,10.1038/s41467-019-12481-2,https://openalex.org/W2977899232,80,True,https://www.nature.com/articles/s41467-019-12481-2.pdf,https://doi.org/10.1038/s41467-019-12481-2,Nature Communications
Efficient monolithic perovskite–Si tandem solar cells enabled by an ultra-thin indium tin oxide interlayer,2023,10.1039/d2ee04007g,https://openalex.org/W4318185153,80,True,https://pubs.rsc.org/en/content/articlepdf/2023/ee/d2ee04007g,https://doi.org/10.1039/d2ee04007g,Energy & Environmental Science
Factors affecting the stability of perovskite solar cells: a comprehensive review,2019,10.1117/1.jpe.9.021001,https://openalex.org/W2966503057,80,True,https://www.spiedigitallibrary.org/journals/Journal-of-Photonics-for-Energy/volume-9/issue-2/021001/Factors-affecting-the-stability-of-perovskite-solar-cells--a/10.1117/1.JPE.9.021001.pdf,https://doi.org/10.1117/1.jpe.9.021001,Journal of Photonics for Energy
Understanding effects of precursor solution aging in triple cation lead perovskite,2018,10.1039/c8ra03471k,https://openalex.org/W2808525272,80,True,https://pubs.rsc.org/en/content/articlepdf/2018/ra/c8ra03471k,https://doi.org/10.1039/c8ra03471k,RSC Advances
Triiodide Attacks the Organic Cation in Hybrid Lead Halide Perovskites: Mechanism and Suppression,2023,10.1002/adma.202303373,https://openalex.org/W4382049957,79,True,https://onlinelibrary.wiley.com/doi/pdfdirect/10.1002/adma.202303373,https://doi.org/10.1002/adma.202303373,Advanced Materials
Major strategies for improving the performance of perovskite solar cells,2023,10.23919/ien.2023.0026,https://openalex.org/W4388214847,78,True,https://ieeexplore.ieee.org/ielx7/9732629/10304822/10304824.pdf,https://doi.org/10.23919/ien.2023.0026,iEnergy
Semitransparent Perovskite Solar Cells for Building Integration and Tandem Photovoltaics: Design Strategies and Challenges,2021,10.1002/solr.202100702,https://openalex.org/W3209169590,78,True,https://onlinelibrary.wiley.com/doi/pdfdirect/10.1002/solr.202100702,https://doi.org/10.1002/solr.202100702,Solar RRL
Elucidating the dynamics of solvent engineering for perovskite solar cells,2018,10.1007/s40843-018-9336-1,https://openalex.org/W2891921523,78,True,https://link.springer.com/content/pdf/10.1007%2Fs40843-018-9336-1.pdf,https://doi.org/10.1007/s40843-018-9336-1,Science China Materials
Thienylvinylenethienyl and Naphthalene Core Substituted with Triphenylamines—Highly Efficient Hole Transporting Materials and Their Comparative Study for Inverted Perovskite Solar Cells,2017,10.1002/solr.201700105,https://openalex.org/W2739391343,78,True,https://eprints.qut.edu.au/111062/8/111062.pdf,http://purl.org/au-research/grants/arc/FT130101337,Solar RRL
"Metallization of solar cells, exciton channel of plasmon photovoltaic effect in perovskite cells",2020,10.1016/j.nanoen.2020.104751,https://openalex.org/W3028442125,78,True,https://www.sciencedirect.com/science/article/pii/S2211285520303086/pdf,https://doi.org/10.1016/j.nanoen.2020.104751,Nano Energy
"Perovskite materials in X-ray detection and imaging: recent progress, challenges, and future prospects",2024,10.1039/d4ra00433g,https://openalex.org/W4392045348,78,True,,https://doi.org/10.1039/d4ra00433g,RSC Advances
Enhancing the Performance of Fa‐Based Printable Mesoscopic Perovskite Solar Cells via the Polymer Additive,2023,10.1002/aenm.202204335,https://openalex.org/W4375864795,77,True,https://onlinelibrary.wiley.com/doi/pdfdirect/10.1002/aenm.202204335,https://doi.org/10.1002/aenm.202204335,Advanced Energy Materials
The roll-to-roll revolution to tackle the industrial leap for perovskite solar cells,2024,10.1038/s41467-024-48518-4,https://openalex.org/W4396832035,77,True,,https://doi.org/10.1038/s41467-024-48518-4,Nature Communications
Large Grained Perovskite Solar Cells Derived from Single-Crystal Perovskite Powders with Enhanced Ambient Stability,2016,10.1021/acsami.6b02169,https://openalex.org/W2404714654,77,True,https://www.osti.gov/servlets/purl/1343599,https://www.osti.gov/biblio/1343599,ACS Applied Materials & Interfaces
"Optical Memory, Switching, and Neuromorphic Functionality in Metal Halide Perovskite Materials and Devices",2022,10.1002/adma.202205459,https://openalex.org/W4296323535,76,True,https://arxiv.org/pdf/2303.02220,http://arxiv.org/abs/2303.02220,Advanced Materials
Pure Tin Halide Perovskite Solar Cells: Focusing on Preparation and Strategies,2022,10.1002/aenm.202202209,https://openalex.org/W4311828903,76,True,https://onlinelibrary.wiley.com/doi/pdfdirect/10.1002/aenm.202202209,https://doi.org/10.1002/aenm.202202209,Advanced Energy Materials
"Aerosol‐Jet‐Assisted Thin‐Film Growth of CH3NH3PbI3 Perovskites—A Means to Achieve High Quality, Defect‐Free Films for Efficient Solar Cells",2017,10.1002/aenm.201701151,https://openalex.org/W2734865671,75,True,https://onlinelibrary.wiley.com/doi/pdfdirect/10.1002/aenm.201701151,https://doi.org/10.1002/aenm.201701151,Advanced Energy Materials
Prospects of Z-Scheme Photocatalytic Systems Based on Metal Halide Perovskites,2021,10.1021/acsnano.0c10387,https://openalex.org/W3156484712,75,True,https://researchmgt.monash.edu/ws/files/343090606/342468106_oa.pdf,https://research.monash.edu/en/publications/56ec7fba-edb8-4d64-ade1-5fc9edd0a333,ACS Nano
Retarding solid-state reactions enable efficient and stable all-inorganic perovskite solar cells and modules,2023,10.1126/sciadv.adg0087,https://openalex.org/W4378472947,75,True,https://www.science.org/doi/pdf/10.1126/sciadv.adg0087?download=true,https://doi.org/10.1126/sciadv.adg0087,Science Advances
Smelting recrystallization of CsPbBrI2 perovskites for indoor and outdoor photovoltaics,2021,10.1016/j.esci.2021.09.001,https://openalex.org/W3201152890,74,True,https://www.sciencedirect.com/science/article/pii/S2667141721000033/pdf,https://doi.org/10.1016/j.esci.2021.09.001,eScience
Organic-inorganic hybrid nature enables efficient and stable CsPbI3-based perovskite solar cells,2023,10.1016/j.joule.2023.10.019,https://openalex.org/W4388947758,74,True,http://www.cell.com/article/S2542435123004488/pdf,https://doi.org/10.1016/j.joule.2023.10.019,Joule
The roles of graphene and its derivatives in perovskite solar cells: A review,2021,10.1016/j.matdes.2021.110170,https://openalex.org/W3206289647,74,True,https://www.sciencedirect.com/science/article/pii/S0264127521007255/pdf,https://doi.org/10.1016/j.matdes.2021.110170,Materials & Design
Inorganic–organic halide perovskites for new photovoltaic technology,2017,10.1093/nsr/nwx100,https://openalex.org/W2752680651,74,True,https://academic.oup.com/nsr/article-pdf/5/4/559/31567778/nwx100.pdf,https://doi.org/10.1093/nsr/nwx100,National Science Review
Effects of Process Parameters on the Characteristics of Mixed-Halide Perovskite Solar Cells Fabricated by One-Step and Two-Step Sequential Coating,2016,10.1186/s11671-016-1601-8,https://openalex.org/W2519608387,74,True,https://link.springer.com/content/pdf/10.1186/s11671-016-1601-8.pdf,https://doi.org/10.1186/s11671-016-1601-8,Nanoscale Research Letters
Plasmon-induced trap filling at grain boundaries in perovskite solar cells,2021,10.1038/s41377-021-00662-y,https://openalex.org/W3209944896,74,True,https://www.nature.com/articles/s41377-021-00662-y.pdf,https://doi.org/10.1038/s41377-021-00662-y,Light Science & Applications
"One step facile synthesis of a novel anthanthrone dye-based, dopant-free hole transporting material for efficient and stable perovskite solar cells",2017,10.1039/c7tc05238c,https://openalex.org/W2780199737,73,True,https://pubs.rsc.org/en/content/articlepdf/2018/tc/c7tc05238c,https://doi.org/10.1039/c7tc05238c,Journal of Materials Chemistry C
Guanine‐Stabilized Formamidinium Lead Iodide Perovskites,2019,10.1002/anie.201912051,https://openalex.org/W2995386109,73,True,https://infoscience.epfl.ch/bitstreams/0609f585-a78e-4b3f-83d7-5e5139f99fcb/download,http://infoscience.epfl.ch/record/275565,Angewandte Chemie International Edition
Advances in Mixed Tin‐Lead Narrow‐Bandgap Perovskites for Single‐Junction and All‐Perovskite Tandem Solar Cells,2024,10.1002/adma.202314341,https://openalex.org/W4398332093,73,True,https://onlinelibrary.wiley.com/doi/pdfdirect/10.1002/adma.202314341,https://doi.org/10.1002/adma.202314341,Advanced Materials
"Circular economy for perovskite solar cells – drivers, progress and challenges",2023,10.1039/d3ee00841j,https://openalex.org/W4385273140,73,True,https://pubs.rsc.org/en/content/articlepdf/2023/ee/d3ee00841j,https://doi.org/10.1039/d3ee00841j,Energy & Environmental Science
Learning from existing photovoltaic technologies to identify alternative perovskite module designs,2020,10.1039/d0ee01923b,https://openalex.org/W3057340344,73,True,https://www.osti.gov/servlets/purl/1834020,https://www.osti.gov/biblio/1834020,Energy & Environmental Science
Rudorffites and Beyond: Perovskite‐Inspired Silver/Copper Pnictohalides for Next‐Generation Environmentally Friendly Photovoltaics and Optoelectronics,2022,10.1002/adfm.202203300,https://openalex.org/W4286213266,72,True,https://onlinelibrary.wiley.com/doi/pdfdirect/10.1002/adfm.202203300,https://doi.org/10.1002/adfm.202203300,Advanced Functional Materials
Influence of the composition of hybrid perovskites on their performance in solar cells,2016,10.1039/c6ta00334f,https://openalex.org/W2252317997,72,True,https://pubs.rsc.org/en/content/articlepdf/2016/ta/c6ta00334f,https://doi.org/10.1039/c6ta00334f,Journal of Materials Chemistry A
Halide Perovskite glues activate two-dimensional covalent organic framework crystallites for selective NO2 sensing,2023,10.1038/s41467-023-37296-0,https://openalex.org/W4366091712,72,True,https://www.nature.com/articles/s41467-023-37296-0.pdf,https://doi.org/10.1038/s41467-023-37296-0,Nature Communications
Void-free buried interface for scalable processing of p-i-n-based FAPbI3 perovskite solar modules,2023,10.1016/j.joule.2023.05.017,https://openalex.org/W4380355481,71,True,http://www.cell.com/article/S2542435123002143/pdf,https://doi.org/10.1016/j.joule.2023.05.017,Joule
Fully Roll-to-Roll Processed Efficient Perovskite Solar Cells via Precise Control on the Morphology of PbI2:CsI Layer,2022,10.1007/s40820-022-00815-7,https://openalex.org/W4220842617,71,True,https://link.springer.com/content/pdf/10.1007/s40820-022-00815-7.pdf,https://doi.org/10.1007/s40820-022-00815-7,Nano-Micro Letters
Integrated Printed Microfluidic Biosensors,2019,10.1016/j.tibtech.2019.03.009,https://openalex.org/W2939123239,71,True,https://dspace.lib.cranfield.ac.uk/bitstreams/e306e036-3828-4fd5-814a-1e636cb532f5/download,https://dspace.lib.cranfield.ac.uk/handle/1826/15985,Trends in biotechnology
Applications of carbon nanomaterials in perovskite solar cells for solar energy conversion,2021,10.1016/j.nanoms.2021.03.005,https://openalex.org/W3158204303,71,True,https://www.sciencedirect.com/science/article/pii/S2589965121000167/pdf,https://doi.org/10.1016/j.nanoms.2021.03.005,Nano Materials Science
2D materials for organic and perovskite photovoltaics,2021,10.1016/j.nanoen.2021.106833,https://openalex.org/W4200597315,71,True,https://www.sciencedirect.com/science/article/pii/S221128552101082X,https://doi.org/10.1016/j.nanoen.2021.106833,Nano Energy
Promise of commercialization: Carbon materials for low-cost perovskite solar cells,2018,10.1088/1674-1056/27/1/018805,https://openalex.org/W2774550213,71,True,https://iopscience.iop.org/article/10.1088/1674-1056/27/1/018805/pdf,https://doi.org/10.1088/1674-1056/27/1/018805,Chinese Physics B
Intrinsic and environmental stability issues of perovskite photovoltaics,2020,10.1088/2516-1083/ab70d9,https://openalex.org/W3003321562,71,True,https://iopscience.iop.org/article/10.1088/2516-1083/ab70d9/pdf,https://doi.org/10.1088/2516-1083/ab70d9,Progress in Energy
Millimeter‐Sized Clusters of Triple Cation Perovskite Enables Highly Efficient and Reproducible Roll‐to‐Roll Fabricated Inverted Perovskite Solar Cells,2021,10.1002/adfm.202110700,https://openalex.org/W4200072461,71,True,https://researchmgt.monash.edu/ws/files/634067666/365876752-oa.pdf,https://research.monash.edu/en/publications/e8bd8b18-80b1-4d39-9a8e-10fc3cce1043,Advanced Functional Materials
Flexible Polymer-Assisted Mesoscale Self-Assembly of Colloidal CsPbBr3 Perovskite Nanocrystals into Higher Order Superstructures with Strong Inter-Nanocrystal Electronic Coupling,2019,10.1021/jacs.8b10083,https://openalex.org/W2908051148,70,True,https://scholarworks.indianapolis.iu.edu/bitstreams/2b27c826-518b-402d-b120-d57a6822eb5b/download,https://hdl.handle.net/1805/18269,Journal of the American Chemical Society
Differential perovskite hemispherical photodetector for intelligent imaging and location tracking,2024,10.1038/s41467-024-44857-4,https://openalex.org/W4390941754,70,True,https://www.nature.com/articles/s41467-024-44857-4.pdf,https://doi.org/10.1038/s41467-024-44857-4,Nature Communications
CsI‐Antisolvent Adduct Formation in All‐Inorganic Metal Halide Perovskites,2020,10.1002/aenm.201903365,https://openalex.org/W3003917344,70,True,https://www.osti.gov/servlets/purl/1598483,https://www.osti.gov/biblio/1596387,Advanced Energy Materials
γ‐Valerolactone: A Nontoxic Green Solvent for Highly Stable Printed Mesoporous Perovskite Solar Cells,2021,10.1002/ente.202100312,https://openalex.org/W3158669601,69,True,https://onlinelibrary.wiley.com/doi/pdfdirect/10.1002/ente.202100312,https://doi.org/10.1002/ente.202100312,Energy Technology
Multifunctional MOF@COF Nanoparticles Mediated Perovskite Films Management Toward Sustainable Perovskite Solar Cells,2024,10.1007/s40820-024-01390-9,https://openalex.org/W4394726160,69,True,https://link.springer.com/content/pdf/10.1007/s40820-024-01390-9.pdf,https://doi.org/10.1007/s40820-024-01390-9,Nano-Micro Letters
Low-temperature processed non-TiO 2 electron selective layers for perovskite solar cells,2018,10.1039/c7ta10742k,https://openalex.org/W2785534984,69,True,https://pubs.rsc.org/en/content/articlepdf/2018/ta/c7ta10742k,https://doi.org/10.1039/c7ta10742k,Journal of Materials Chemistry A
A Lab-to-Fab Study toward Roll-to-Roll Fabrication of Reproducible Perovskite Solar Cells under Ambient Room Conditions,2021,10.1016/j.xcrp.2020.100293,https://openalex.org/W3119351029,69,True,https://www.sciencedirect.com/science/article/am/pii/S2666386420303192?via%3Dihub,https://doi.org/10.1016/j.xcrp.2020.100293,Cell Reports Physical Science
Ionic Liquid Engineering in Perovskite Photovoltaics,2022,10.1002/eem2.12435,https://openalex.org/W4280613065,69,True,https://onlinelibrary.wiley.com/doi/pdfdirect/10.1002/eem2.12435,https://doi.org/10.1002/eem2.12435,Energy & environment materials
Structural and morphological alterations induced by cobalt substitution in LaMnO3 perovskites,2019,10.1016/j.jcis.2019.08.112,https://openalex.org/W2970953968,69,True,https://ars.els-cdn.com/content/image/1-s2.0-S0021979719310276-ga1_lrg.jpg,https://doi.org/10.1016/j.jcis.2019.08.112,Journal of Colloid and Interface Science
Manipulating the crystallization kinetics of halide perovskites for large-area solar modules,2024,10.1038/s43246-024-00566-5,https://openalex.org/W4400917952,68,True,https://www.nature.com/articles/s43246-024-00566-5.pdf,https://doi.org/10.1038/s43246-024-00566-5,Communications Materials
"Issues, Challenges, and Future Perspectives of Perovskites for Energy Conversion Applications",2023,10.3390/en16186498,https://openalex.org/W4386601867,67,True,https://www.mdpi.com/1996-1073/16/18/6498/pdf?version=1694405052,https://doi.org/10.3390/en16186498,Energies
Materials and methods for cost-effective fabrication of perovskite photovoltaic devices,2024,10.1038/s43246-024-00636-8,https://openalex.org/W4402596254,67,True,https://www.nature.com/articles/s43246-024-00636-8.pdf,https://doi.org/10.1038/s43246-024-00636-8,Communications Materials
Challenges in tin perovskite solar cells,2021,10.1039/d1cp02596a,https://openalex.org/W3194188750,67,True,https://pubs.rsc.org/en/content/articlepdf/2021/cp/d1cp02596a,https://doi.org/10.1039/d1cp02596a,Physical Chemistry Chemical Physics
Phase stabilization of cesium lead iodide perovskites for use in efficient optoelectronic devices,2024,10.1038/s41427-024-00540-0,https://openalex.org/W4396621756,67,True,,https://doi.org/10.1038/s41427-024-00540-0,NPG Asia Materials
Applications of vacuum vapor deposition for perovskite solar cells: A progress review,2022,10.23919/ien.2022.0053,https://openalex.org/W4313598897,67,True,https://ieeexplore.ieee.org/ielx7/9732629/10007897/10007877.pdf,https://doi.org/10.23919/ien.2022.0053,iEnergy
Modulated CH3NH3PbI3−xBrx film for efficient perovskite solar cells exceeding 18%,2017,10.1038/srep44603,https://openalex.org/W2596240614,67,True,https://www.nature.com/articles/srep44603.pdf,https://doi.org/10.1038/srep44603,Scientific Reports
Vapor deposition of metal halide perovskite thin films: Process control strategies to shape layer properties,2021,10.1063/5.0060642,https://openalex.org/W3207872310,66,True,,https://doi.org/10.1063/5.0060642,APL Materials
All-solution processed semi-transparent perovskite solar cells with silver nanowires electrode,2016,10.1088/0957-4484/27/9/095202,https://openalex.org/W2273233390,66,True,https://iopscience.iop.org/article/10.1088/0957-4484/27/9/095202/pdf,https://doi.org/10.1088/0957-4484/27/9/095202,Nanotechnology
Neutral- and Multi-Colored Semitransparent Perovskite Solar Cells,2016,10.3390/molecules21040475,https://openalex.org/W2332480463,66,True,https://www.mdpi.com/1420-3049/21/4/475/pdf?version=1460372368,https://doi.org/10.3390/molecules21040475,Molecules
High-Performance Photodetectors Based on Nanostructured Perovskites,2021,10.3390/nano11041038,https://openalex.org/W3153003761,66,True,https://www.mdpi.com/2079-4991/11/4/1038/pdf?version=1618821733,https://doi.org/10.3390/nano11041038,Nanomaterials
Recent advancements and perspectives on light management and high performance in perovskite light‐emitting diodes,2021,10.1515/nanoph-2021-0033,https://openalex.org/W3148630199,66,True,https://www.degruyter.com/document/doi/10.1515/nanoph-2021-0033/pdf,https://doi.org/10.1515/nanoph-2021-0033,Nanophotonics
Manipulating solvent fluidic dynamics for large-area perovskite film-formation and white light-emitting diodes,2024,10.1038/s41467-024-45488-5,https://openalex.org/W4391541150,65,True,https://www.nature.com/articles/s41467-024-45488-5.pdf,https://doi.org/10.1038/s41467-024-45488-5,Nature Communications
Solvent–antisolvent interactions in metal halide perovskites,2023,10.1039/d3cc02090h,https://openalex.org/W4385799310,65,True,https://pubs.rsc.org/en/content/articlepdf/2023/cc/d3cc02090h,https://doi.org/10.1039/d3cc02090h,Chemical Communications
Growth of metal halide perovskite materials,2020,10.1007/s40843-020-1300-2,https://openalex.org/W3033899690,65,True,https://link.springer.com/content/pdf/10.1007/s40843-020-1300-2.pdf,https://doi.org/10.1007/s40843-020-1300-2,Science China Materials
A multifunctional display based on photo-responsive perovskite light-emitting diodes,2024,10.1038/s41928-024-01151-x,https://openalex.org/W4394691354,65,True,https://www.nature.com/articles/s41928-024-01151-x.pdf,https://doi.org/10.1038/s41928-024-01151-x,Nature Electronics
A charge transfer framework that describes supramolecular interactions governing structure and properties of 2D perovskites,2022,10.1038/s41467-022-31567-y,https://openalex.org/W4284965783,64,True,https://www.nature.com/articles/s41467-022-31567-y.pdf,https://doi.org/10.1038/s41467-022-31567-y,Nature Communications
Ultrafast and Radiation-Hard Lead Halide Perovskite Nanocomposite Scintillators,2023,10.1021/acsenergylett.3c01396,https://openalex.org/W4386216162,64,True,https://pubs.acs.org/doi/pdf/10.1021/acsenergylett.3c01396,https://doi.org/10.1021/acsenergylett.3c01396,ACS Energy Letters
Bulk and Nanocrystalline Cesium Lead-Halide Perovskites as Seen by Halide Magnetic Resonance,2020,10.1021/acscentsci.0c00587,https://openalex.org/W3035936716,64,True,https://pubs.acs.org/doi/pdf/10.1021/acscentsci.0c00587,https://doi.org/10.1021/acscentsci.0c00587,ACS Central Science
Recent progress towards roll-to-roll manufacturing of perovskite solar cells using slot-die processing,2019,10.1088/2058-8585/ab639e,https://openalex.org/W2996586032,64,True,https://iopscience.iop.org/article/10.1088/2058-8585/ab639e/pdf,https://doi.org/10.1088/2058-8585/ab639e,Flexible and Printed Electronics
Improving the potential of ethyl acetate green anti-solvent to fabricate efficient and stable perovskite solar cells,2022,10.1039/d2ra05454j,https://openalex.org/W4310331134,64,True,https://pubs.rsc.org/en/content/articlepdf/2022/ra/d2ra05454j,https://doi.org/10.1039/d2ra05454j,RSC Advances
Metal Oxide Compact Electron Transport Layer Modification for Efficient and Stable Perovskite Solar Cells,2020,10.3390/ma13092207,https://openalex.org/W3022751152,64,True,https://www.mdpi.com/1996-1944/13/9/2207/pdf?version=1589274247,https://doi.org/10.3390/ma13092207,Materials
Single-Walled Carbon Nanotubes Enhance the Efficiency and Stability of Mesoscopic Perovskite Solar Cells,2017,10.1021/acsami.7b04894,https://openalex.org/W2618930325,63,True,http://hdl.handle.net/10072/388169,http://hdl.handle.net/10072/388169,ACS Applied Materials & Interfaces
Photodetectors based on inorganic halide perovskites: Materials and devices,2019,10.1088/1674-1056/28/1/017803,https://openalex.org/W2912491727,63,True,https://iopscience.iop.org/article/10.1088/1674-1056/28/1/017803/pdf,https://doi.org/10.1088/1674-1056/28/1/017803,Chinese Physics B
In Situ Fabricated Perovskite Quantum Dots: From Materials to Applications,2024,10.1002/adma.202412276,https://openalex.org/W4404474160,63,True,https://onlinelibrary.wiley.com/doi/pdfdirect/10.1002/adma.202412276,https://doi.org/10.1002/adma.202412276,Advanced Materials
Roadmap on commercialization of metal halide perovskite photovoltaics,2023,10.1088/2515-7639/acc893,https://openalex.org/W4361195631,63,True,https://iopscience.iop.org/article/10.1088/2515-7639/acc893/pdf,https://doi.org/10.1088/2515-7639/acc893,Journal of Physics Materials
Dopant engineering for ZnO electron transport layer towards efficient perovskite solar cells,2023,10.1039/d3ra04823c,https://openalex.org/W4388777798,63,True,https://pubs.rsc.org/en/content/articlepdf/2023/ra/d3ra04823c,https://doi.org/10.1039/d3ra04823c,RSC Advances
Fundamental Study on the Fabrication of Inverted Planar Perovskite Solar Cells Using Two-Step Sequential Substrate Vibration-Assisted Spray Coating (2S-SVASC),2016,10.1186/s11671-016-1259-2,https://openalex.org/W2261743969,63,True,https://link.springer.com/content/pdf/10.1186/s11671-016-1259-2.pdf,https://doi.org/10.1186/s11671-016-1259-2,Nanoscale Research Letters
The use of nickel oxide as a hole transport material in perovskite solar cell configuration: Achieving a high performance and stable device,2020,10.1002/er.5563,https://openalex.org/W3034405139,63,True,https://onlinelibrary.wiley.com/doi/pdfdirect/10.1002/er.5563,https://doi.org/10.1002/er.5563,International Journal of Energy Research
Lead free CH3NH3SnI3 perovskite thin-film with p-type semiconducting nature and metal-like conductivity,2016,10.1063/1.4961463,https://openalex.org/W2510618511,63,True,,https://doi.org/10.1063/1.4961463,AIP Advances
Life-cycle environmental impacts of single-junction and tandem perovskite PVs: a critical review and future perspectives,2020,10.1088/2516-1083/ab7e84,https://openalex.org/W3011341810,62,True,https://iopscience.iop.org/article/10.1088/2516-1083/ab7e84/pdf,https://doi.org/10.1088/2516-1083/ab7e84,Progress in Energy
Bandgap reduction and efficiency enhancement in Cs 2 AgBiBr 6 double perovskite solar cells through gallium substitution,2024,10.1039/d3ra08965g,https://openalex.org/W4391758486,62,True,https://pubs.rsc.org/en/content/articlepdf/2024/ra/d3ra08965g,https://doi.org/10.1039/d3ra08965g,RSC Advances
New insight into solvent engineering technology from evolution of intermediates via one-step spin-coating approach,2017,10.1007/s40843-017-9027-1,https://openalex.org/W2606964976,62,True,https://link.springer.com/content/pdf/10.1007%2Fs40843-017-9027-1.pdf,https://doi.org/10.1007/s40843-017-9027-1,Science China Materials
Two-Step Patterning of Scalable All-Inorganic Halide Perovskite Arrays,2020,10.1021/acsnano.9b09685,https://openalex.org/W3005535048,62,True,https://www.osti.gov/biblio/1841153,https://www.osti.gov/biblio/1841153,ACS Nano
Inkjet printed mesoscopic perovskite solar cells with custom design capability,2020,10.1039/d0ma00077a,https://openalex.org/W3020619809,62,True,https://pubs.rsc.org/en/content/articlepdf/2020/ma/d0ma00077a,https://doi.org/10.1039/d0ma00077a,Materials Advances
Chemical insights into perovskite ink stability,2021,10.1016/j.chempr.2021.11.004,https://openalex.org/W3215208961,62,True,https://ricerca.uniba.it/bitstream/11586/388817/7/CELL_2022_LISTORTI.pdf,https://hdl.handle.net/11586/388817,Chem
Printed flexible thermoelectric materials and devices,2021,10.1039/d1ta03647e,https://openalex.org/W3174139454,62,True,https://pubs.rsc.org/en/content/articlepdf/2021/ta/d1ta03647e,https://doi.org/10.1039/d1ta03647e,Journal of Materials Chemistry A
Sonochemical synthesis of CH3NH3PbI3 perovskite ultrafine nanocrystal sensitizers for solar energy applications,2016,10.1016/j.ultsonch.2016.02.012,https://openalex.org/W2278033047,62,True,https://www.sciencedirect.com/science/article/pii/S1350417716300530/pdf,https://doi.org/10.1016/j.ultsonch.2016.02.012,Ultrasonics Sonochemistry
Facile deposition of high-quality Cs2AgBiBr6 films for efficient double perovskite solar cells,2020,10.1007/s40843-020-1346-0,https://openalex.org/W3031568575,62,True,https://link.springer.com/content/pdf/10.1007/s40843-020-1346-0.pdf,https://doi.org/10.1007/s40843-020-1346-0,Science China Materials
Rapid fabrication of perovskite solar cells through intense pulse light annealing of SnO2 and triple cation perovskite thin films,2019,10.1016/j.matdes.2019.108237,https://openalex.org/W2979321236,62,True,https://www.sciencedirect.com/science/article/pii/S0264127519306756/pdf,https://doi.org/10.1016/j.matdes.2019.108237,Materials & Design
Transferable transparent electrodes of liquid metals for bifacial perovskite solar cells and heaters,2021,10.1016/j.nanoen.2021.106857,https://openalex.org/W4200349004,62,True,https://www.sciencedirect.com/science/article/pii/S221128552101106X/pdf,https://doi.org/10.1016/j.nanoen.2021.106857,Nano Energy
Enhanced perovskite electronic properties via A-site cation engineering,2021,10.1016/j.fmre.2021.06.002,https://openalex.org/W3177149460,61,True,https://www.sciencedirect.com/science/article/pii/S2667325821000911/pdf,https://doi.org/10.1016/j.fmre.2021.06.002,Fundamental Research
Perovskite-transition metal dichalcogenides heterostructures: recent advances and future perspectives,2022,10.29026/oes.2022.220006,https://openalex.org/W4289823421,61,True,https://www.oejournal.org/data/article/export-pdf?id=62ec90b699d88171c95f55ec,https://doi.org/10.29026/oes.2022.220006,Opto-Electronic Science
Encapsulating perovskite solar cells for long-term stability and prevention of lead toxicity,2024,10.1063/5.0197154,https://openalex.org/W4393391864,61,True,https://pubs.aip.org/aip/apr/article-pdf/doi/10.1063/5.0197154/19862763/021301_1_5.0197154.pdf,https://doi.org/10.1063/5.0197154,Applied Physics Reviews
"A Perspective on Perovskite Solar Cells: Emergence, Progress, and Commercialization",2022,10.3389/fchem.2022.802890,https://openalex.org/W4225492233,61,True,https://www.frontiersin.org/articles/10.3389/fchem.2022.802890/pdf,https://doi.org/10.3389/fchem.2022.802890,Frontiers in Chemistry
Slot-die coated methylammonium-free perovskite solar cells with 18% efficiency,2021,10.1016/j.solmat.2021.111189,https://openalex.org/W3168395325,61,True,https://www.sciencedirect.com/science/article/pii/S0927024821002324,https://doi.org/10.1016/j.solmat.2021.111189,Solar Energy Materials and Solar Cells
Resolving Mixed Intermediate Phases in Methylammonium-Free Sn–Pb Alloyed Perovskites for High-Performance Solar Cells,2022,10.1007/s40820-022-00918-1,https://openalex.org/W4292176203,60,True,https://link.springer.com/content/pdf/10.1007/s40820-022-00918-1.pdf,https://doi.org/10.1007/s40820-022-00918-1,Nano-Micro Letters
The impact of interfacial quality and nanoscale performance disorder on the stability of alloyed perovskite solar cells,2024,10.1038/s41560-024-01660-1,https://openalex.org/W4403889791,60,True,https://www.nature.com/articles/s41560-024-01660-1.pdf,https://doi.org/10.1038/s41560-024-01660-1,Nature Energy
"Recent advances in carbon-based materials for high-performance perovskite solar cells: gaps, challenges and fulfillment",2023,10.1039/d3na00005b,https://openalex.org/W4321209200,59,True,https://pubs.rsc.org/en/content/articlepdf/2023/na/d3na00005b,https://doi.org/10.1039/d3na00005b,Nanoscale Advances
Defect Passivation via the Incorporation of Tetrapropylammonium Cation Leading to Stability Enhancement in Lead Halide Perovskite,2020,10.1002/adfm.201909737,https://openalex.org/W3006636072,59,True,https://hal.science/hal-03096721v1/document,https://hal.science/hal-03096721,Advanced Functional Materials
Scalable solution coating of the absorber for perovskite solar cells,2017,10.1016/j.jechem.2017.10.005,https://openalex.org/W2766516927,59,True,https://ars.els-cdn.com/content/image/1-s2.0-S2095495617306824-fx1_lrg.jpg,https://doi.org/10.1016/j.jechem.2017.10.005,Journal of Energy Chemistry
Blade‐coating Perovskite Films with Diverse Compositions for Efficient Photovoltaics,2020,10.1002/eem2.12118,https://openalex.org/W3047984895,59,True,https://onlinelibrary.wiley.com/doi/pdfdirect/10.1002/eem2.12118,https://doi.org/10.1002/eem2.12118,Energy & environment materials
Black Phosphorus Quantum Dots Induced High‐Quality Perovskite Film for Efficient and Thermally Stable Planar Perovskite Solar Cells,2019,10.1002/solr.201900132,https://openalex.org/W2942711103,59,True,https://lirias.kuleuven.be/retrieve/797f5465-88b7-4f03-b0eb-2ca35154aee8,https://lirias.kuleuven.be/handle/123456789/676066,Solar RRL
Perspectives for sustainability analysis of scalable perovskite photovoltaics,2024,10.1039/d4ee03956d,https://openalex.org/W4403689568,59,True,https://pubs.rsc.org/en/content/articlepdf/2025/ee/d4ee03956d,https://doi.org/10.1039/d4ee03956d,Energy & Environmental Science
Freezing Halide Segregation Under Intense Light for Photostable Perovskite/Silicon Tandem Solar Cells,2023,10.1002/aenm.202302983,https://openalex.org/W4389859549,58,True,https://onlinelibrary.wiley.com/doi/pdfdirect/10.1002/aenm.202302983,https://doi.org/10.1002/aenm.202302983,Advanced Energy Materials
Cu/Cu2O nanocomposite films as a p-type modified layer for efficient perovskite solar cells,2018,10.1038/s41598-018-25975-8,https://openalex.org/W2807247491,58,True,https://www.nature.com/articles/s41598-018-25975-8.pdf,https://doi.org/10.1038/s41598-018-25975-8,Scientific Reports
Optical in situ monitoring during the synthesis of halide perovskite solar cells reveals formation kinetics and evolution of optoelectronic properties,2020,10.1039/d0ta01237h,https://openalex.org/W3023014036,58,True,https://pubs.rsc.org/en/content/articlepdf/2020/ta/d0ta01237h,https://doi.org/10.1039/d0ta01237h,Journal of Materials Chemistry A
Visualizing Performances Losses of Perovskite Solar Cells and Modules: From Laboratory to Industrial Scales,2024,10.1002/aenm.202403706,https://openalex.org/W4404544686,58,True,https://onlinelibrary.wiley.com/doi/pdfdirect/10.1002/aenm.202403706,https://doi.org/10.1002/aenm.202403706,Advanced Energy Materials
Recent progress in perovskite solar cells: the perovskite layer,2020,10.3762/bjnano.11.5,https://openalex.org/W2997763877,58,True,https://www.beilstein-journals.org/bjnano/content/pdf/2190-4286-11-5.pdf,https://doi.org/10.3762/bjnano.11.5,Beilstein Journal of Nanotechnology
Revealing the Role of Tin Fluoride Additive in Narrow Bandgap Pb-Sn Perovskites for Highly Efficient Flexible All-Perovskite Tandem Cells,2023,10.1021/acsami.2c19124,https://openalex.org/W4319778149,58,True,https://www.dora.lib4ri.ch/empa/dload/empa:34097/PDF2/view,https://www.dora.lib4ri.ch/empa/islandora/object/empa%3A34097,ACS Applied Materials & Interfaces
Progress towards highly stable and lead-free perovskite solar cells,2018,10.1007/s40243-018-0113-0,https://openalex.org/W2794738851,57,True,https://link.springer.com/content/pdf/10.1007%2Fs40243-018-0113-0.pdf,https://doi.org/10.1007/s40243-018-0113-0,Materials for Renewable and Sustainable Energy
"Magnetic Properties of Layered Hybrid Organic‐Inorganic Metal‐Halide Perovskites: Transition Metal, Organic Cation and Perovskite Phase Effects",2022,10.1002/adfm.202207988,https://openalex.org/W4300960173,57,True,https://arxiv.org/pdf/2404.13403,http://arxiv.org/abs/2404.13403,Advanced Functional Materials
Hot‐Casting‐Assisted Liquid Additive Engineering for Efficient and Stable Perovskite Solar Cells,2022,10.1002/adma.202205309,https://openalex.org/W4285589789,57,True,https://www.osti.gov/servlets/purl/1976219,https://www.osti.gov/biblio/1976219,Advanced Materials
Recent Progress in Perovskite Solar Cells: Status and Future,2023,10.3390/coatings13030644,https://openalex.org/W4327948861,57,True,https://www.mdpi.com/2079-6412/13/3/644/pdf?version=1679134097,https://doi.org/10.3390/coatings13030644,Coatings
Multimodal Digital X‐ray Scanners with Synchronous Mapping of Tactile Pressure Distributions using Perovskites,2021,10.1002/adma.202008539,https://openalex.org/W3171323719,57,True,https://onlinelibrary.wiley.com/doi/pdfdirect/10.1002/adma.202008539,https://doi.org/10.1002/adma.202008539,Advanced Materials
Progress on the Synthesis and Application of CuSCN Inorganic Hole Transport Material in Perovskite Solar Cells,2018,10.3390/ma11122592,https://openalex.org/W2905001091,57,True,https://www.mdpi.com/1996-1944/11/12/2592/pdf?version=1545271740,https://doi.org/10.3390/ma11122592,Materials
Low‐temperature‐processed metal oxide electron transport layers for efficient planar perovskite solar cells,2021,10.1007/s12598-020-01676-y,https://openalex.org/W3128301057,57,True,https://link.springer.com/content/pdf/10.1007/s12598-020-01676-y.pdf,https://doi.org/10.1007/s12598-020-01676-y,Rare Metals
Insights into Large‐Scale Fabrication Methods in Perovskite Photovoltaics,2020,10.1002/aesr.202000046,https://openalex.org/W3115770335,56,True,https://onlinelibrary.wiley.com/doi/pdfdirect/10.1002/aesr.202000046,https://doi.org/10.1002/aesr.202000046,Advanced Energy and Sustainability Research
Quantum Junction Solar Cells: Development and Prospects,2023,10.1002/adfm.202303449,https://openalex.org/W4381950367,56,True,https://onlinelibrary.wiley.com/doi/pdfdirect/10.1002/adfm.202303449,https://doi.org/10.1002/adfm.202303449,Advanced Functional Materials
High Photovoltage of 1 V on a Steady-State Certified Hole Transport Layer-Free Perovskite Solar Cell by a Molten-Salt Approach,2018,10.1021/acsenergylett.8b00293,https://openalex.org/W2789973498,56,True,,https://doi.org/10.1021/acsenergylett.8b00293,ACS Energy Letters
Regulating three-layer full carbon electrodes to enhance the cell performance of CsPbI3 perovskite solar cells,2025,10.1038/s41467-025-58672-y,https://openalex.org/W4409246641,56,True,https://www.nature.com/articles/s41467-025-58672-y.pdf,https://doi.org/10.1038/s41467-025-58672-y,Nature Communications
Progress of interface engineering in perovskite solar cells,2016,10.1007/s40843-016-5094-6,https://openalex.org/W2520006421,56,True,https://link.springer.com/content/pdf/10.1007%2Fs40843-016-5094-6.pdf,https://doi.org/10.1007/s40843-016-5094-6,Science China Materials
Direct observation of photoinduced carrier blocking in mixed-dimensional 2D/3D perovskites and the origin,2022,10.1038/s41467-022-33752-5,https://openalex.org/W4306924692,56,True,https://www.nature.com/articles/s41467-022-33752-5.pdf,https://doi.org/10.1038/s41467-022-33752-5,Nature Communications
Solubilizing and stabilizing C60 with n-type polymer enables efficient inverted perovskite solar cells,2025,10.1016/j.joule.2024.101817,https://openalex.org/W4407157158,55,True,https://www.cell.com/joule/pdf/S2542-4351(24)00553-1.pdf,https://doi.org/10.1016/j.joule.2024.101817,Joule
Space-Charge-Limited Current Measurements: A Problematic Technique for Metal Halide Perovskites,2024,10.1021/acs.jpclett.4c02379,https://openalex.org/W4402793584,55,True,https://findresearcher.sdu.dk/ws/files/274343601/SCLC.pdf,https://portal.findresearcher.sdu.dk/da/publications/33f20211-d7fb-442b-9385-997f37c52936,The Journal of Physical Chemistry Letters
Copper Iodide Interlayer for Improved Charge Extraction and Stability of Inverted Perovskite Solar Cells,2019,10.3390/ma12091406,https://openalex.org/W2943113623,55,True,https://www.mdpi.com/1996-1944/12/9/1406/pdf?version=1556606246,https://doi.org/10.3390/ma12091406,Materials
Time‐Resolved Orientation and Phase Analysis of Lead Halide Perovskite Film Annealing Probed by In Situ GIWAXS,2022,10.1002/adom.202102722,https://openalex.org/W4226174257,55,True,https://onlinelibrary.wiley.com/doi/pdfdirect/10.1002/adom.202102722,https://doi.org/10.1002/adom.202102722,Advanced Optical Materials
Molecular polymerization strategy for stable perovskite solar cells with low lead leakage,2025,10.1126/sciadv.ado7318,https://openalex.org/W4410140337,55,True,https://www.science.org/doi/pdf/10.1126/sciadv.ado7318?download=true,https://doi.org/10.1126/sciadv.ado7318,Science Advances
Non-dissipative internal optical filtering with solution-grown perovskite single crystals for full-colour imaging,2017,10.1038/am.2017.163,https://openalex.org/W2752352231,55,True,https://www.nature.com/articles/am2017163.pdf,https://doi.org/10.1038/am.2017.163,NPG Asia Materials
Acetonitrile based single step slot-die compatible perovskite ink for flexible photovoltaics,2019,10.1039/c9ra06631d,https://openalex.org/W2984398171,54,True,https://pubs.rsc.org/en/content/articlepdf/2019/ra/c9ra06631d,https://doi.org/10.1039/c9ra06631d,RSC Advances
Hybrid Organic–Inorganic Perovskite Halide Materials for Photovoltaics towards Their Commercialization,2022,10.3390/polym14051059,https://openalex.org/W4220710018,54,True,https://www.mdpi.com/2073-4360/14/5/1059/pdf?version=1646651037,https://doi.org/10.3390/polym14051059,Polymers
Energy Harvesting Under Dim-Light Condition With Dye-Sensitized and Perovskite Solar Cells,2019,10.3389/fchem.2019.00209,https://openalex.org/W2940159174,54,True,https://www.frontiersin.org/articles/10.3389/fchem.2019.00209/pdf,https://doi.org/10.3389/fchem.2019.00209,Frontiers in Chemistry
Additive Engineering for Stable and Efficient Dion–Jacobson Phase Perovskite Solar Cells,2023,10.1007/s40820-023-01110-9,https://openalex.org/W4377690876,54,True,https://link.springer.com/content/pdf/10.1007/s40820-023-01110-9.pdf,https://doi.org/10.1007/s40820-023-01110-9,Nano-Micro Letters
Role of additives and surface passivation on the performance of perovskite solar cells,2021,10.1007/s40243-021-00206-9,https://openalex.org/W4200057235,54,True,https://link.springer.com/content/pdf/10.1007/s40243-021-00206-9.pdf,https://doi.org/10.1007/s40243-021-00206-9,Materials for Renewable and Sustainable Energy
Solubility of Hybrid Halide Perovskites in DMF and DMSO,2021,10.3390/molecules26247541,https://openalex.org/W4200264712,54,True,https://www.mdpi.com/1420-3049/26/24/7541/pdf?version=1639392688,https://doi.org/10.3390/molecules26247541,Molecules
21.41%‐Efficiency CsPbI3 Perovskite Solar Cells Enabled by an Effective Redox Strategy with 4‐Fluorobenzothiohydrazide in Precursor Solution,2023,10.1002/adfm.202312638,https://openalex.org/W4388935188,54,True,https://onlinelibrary.wiley.com/doi/pdfdirect/10.1002/adfm.202312638,https://doi.org/10.1002/adfm.202312638,Advanced Functional Materials
Design considerations for the bottom cell in perovskite/silicon tandems: a terawatt scalability perspective,2023,10.1039/d3ee00952a,https://openalex.org/W4386181172,54,True,https://pubs.rsc.org/en/content/articlepdf/2023/ee/d3ee00952a,https://doi.org/10.1039/d3ee00952a,Energy & Environmental Science
Printing Perovskite Solar Cells in Ambient Air: A Review,2024,10.1002/aenm.202401463,https://openalex.org/W4396826785,53,True,https://onlinelibrary.wiley.com/doi/pdfdirect/10.1002/aenm.202401463,https://doi.org/10.1002/aenm.202401463,Advanced Energy Materials
Investigation into the Advantages of Pure Perovskite Film without PbI2 for High Performance Solar Cell,2016,10.1038/srep35994,https://openalex.org/W2543918067,53,True,https://www.nature.com/articles/srep35994.pdf,https://doi.org/10.1038/srep35994,Scientific Reports
Recent progress of scalable perovskite solar cells and modules,2022,10.1016/j.enrev.2022.100010,https://openalex.org/W4308629165,53,True,https://www.sciencedirect.com/science/article/pii/S2772970222000104/pdf,https://doi.org/10.1016/j.enrev.2022.100010,Energy Reviews
Tailored lead iodide growth for efficient flexible perovskite solar cells and thin-film tandem devices,2018,10.1038/s41427-018-0099-1,https://openalex.org/W2900675330,53,True,https://www.nature.com/articles/s41427-018-0099-1.pdf,https://doi.org/10.1038/s41427-018-0099-1,NPG Asia Materials
Strategies and methods for fabricating high quality metal halide perovskite thin films for solar cells,2021,10.1016/j.jechem.2021.01.001,https://openalex.org/W3120431823,53,True,https://ars.els-cdn.com/content/image/1-s2.0-S2095495621000140-ga1_lrg.jpg,https://doi.org/10.1016/j.jechem.2021.01.001,Journal of Energy Chemistry
Highly Luminescent and Stable Perovskite Quantum Dots Films for Light‐Emitting Devices and Information Encryption,2024,10.1002/adfm.202316717,https://openalex.org/W4392634706,53,True,https://onlinelibrary.wiley.com/doi/pdfdirect/10.1002/adfm.202316717,https://doi.org/10.1002/adfm.202316717,Advanced Functional Materials
Powering the Future: Opportunities and Obstacles in Lead‐Halide Inorganic Perovskite Solar Cells,2025,10.1002/advs.202412666,https://openalex.org/W4407097261,52,True,,https://doi.org/10.1002/advs.202412666,Advanced Science
"A transparent, solvent-free laminated top electrode for perovskite solar cells",2016,10.1080/14686996.2016.1176512,https://openalex.org/W2428994375,52,True,https://www.tandfonline.com/doi/pdf/10.1080/14686996.2016.1176512?needAccess=true,https://doi.org/10.1080/14686996.2016.1176512,Science and Technology of Advanced Materials
One-Dimensional Electron Transport Layers for Perovskite Solar Cells,2017,10.3390/nano7050095,https://openalex.org/W2611631135,52,True,https://www.mdpi.com/2079-4991/7/5/95/pdf?version=1493468282,https://doi.org/10.3390/nano7050095,Nanomaterials
Room-temperature carbon electrodes with ethanol solvent interlacing process for efficient and stable planar hybrid perovskite solar cells,2021,10.1016/j.egyr.2021.04.031,https://openalex.org/W3159788217,52,True,https://www.sciencedirect.com/science/article/pii/S235248472100247X/pdf,https://doi.org/10.1016/j.egyr.2021.04.031,Energy Reports
Engineering long-term stability into perovskite solar cells via application of a multi-functional TFSI-based ionic liquid,2021,10.1016/j.xcrp.2021.100475,https://openalex.org/W3176301665,52,True,https://www.sciencedirect.com/science/article/pii/S2666386421001752/pdf,https://doi.org/10.1016/j.xcrp.2021.100475,Cell Reports Physical Science
"Coupling halide perovskites with different materials: From doping to nanocomposites, beyond photovoltaics",2020,10.1016/j.pmatsci.2020.100639,https://openalex.org/W3000787269,52,True,https://www.research.unipd.it/bitstream/11577/3332200/3/Microsoft%20Word%20-%20Prog%20Mat%20Sci-2020-%20Coupling%20Perovskites%20-%20Coupling%20halide%20perovskites%20with%20different%20materials_from%20doping%20to%20nanocomposites%20beyond%20photovoltaics.pdf,http://hdl.handle.net/11577/3332200,Progress in Materials Science
Efficient and Stable p–i–n Perovskite Solar Cells Enabled by In Situ Functional Group Conversion,2024,10.1021/jacs.4c13248,https://openalex.org/W4404191633,51,True,https://pubs.acs.org/doi/pdf/10.1021/jacs.4c13248,https://doi.org/10.1021/jacs.4c13248,Journal of the American Chemical Society
Blossoms in perovskite planar X-ray detectors,2024,10.1038/s41467-024-50179-2,https://openalex.org/W4400448906,51,True,,https://doi.org/10.1038/s41467-024-50179-2,Nature Communications
Prospects for Tin-Containing Halide Perovskite Photovoltaics,2023,10.1021/prechem.3c00018,https://openalex.org/W4365451387,51,True,https://pubs.acs.org/doi/pdf/10.1021/prechem.3c00018,https://doi.org/10.1021/prechem.3c00018,Precision Chemistry
Directional Amplified Photoluminescence through Large-Area Perovskite-Based Metasurfaces,2023,10.1021/acsnano.2c09482,https://openalex.org/W4317567704,51,True,https://pubs.acs.org/doi/pdf/10.1021/acsnano.2c09482,https://doi.org/10.1021/acsnano.2c09482,ACS Nano
Dimethylammonium Incorporation in Lead Acetate Based MAPbI3 Perovskite Solar Cells,2018,10.1002/cphc.201800732,https://openalex.org/W2891524630,51,True,https://onlinelibrary.wiley.com/doi/pdfdirect/10.1002/cphc.201800732,https://doi.org/10.1002/cphc.201800732,ChemPhysChem
Stability issues pertaining large area perovskite and dye-sensitized solar cells and modules,2016,10.1088/1361-6463/50/3/033001,https://openalex.org/W2560039876,51,True,https://iopscience.iop.org/article/10.1088/1361-6463/50/3/033001/pdf,https://doi.org/10.1088/1361-6463/50/3/033001,Journal of Physics D Applied Physics
Strategy for large‐scale monolithic Perovskite /Silicon tandem solar cell: A review of recent progress,2021,10.1002/eom2.12084,https://openalex.org/W3128126496,51,True,https://onlinelibrary.wiley.com/doi/pdfdirect/10.1002/eom2.12084,https://doi.org/10.1002/eom2.12084,EcoMat
Coordination Chemistry as a Universal Strategy for a Controlled Perovskite Crystallization,2023,10.1002/adma.202302889,https://openalex.org/W4380576740,50,True,https://onlinelibrary.wiley.com/doi/pdfdirect/10.1002/adma.202302889,https://doi.org/10.1002/adma.202302889,Advanced Materials
A route towards the fabrication of large-scale and high-quality perovskite films for optoelectronic devices,2022,10.1038/s41598-022-10790-z,https://openalex.org/W4229015884,50,True,https://www.nature.com/articles/s41598-022-10790-z.pdf,https://doi.org/10.1038/s41598-022-10790-z,Scientific Reports
Micropatterned 2D Hybrid Perovskite Thin Films with Enhanced Photoluminescence Lifetimes,2018,10.1021/acsami.8b02236,https://openalex.org/W2791851704,50,True,,https://doi.org/10.1021/acsami.8b02236,ACS Applied Materials & Interfaces
Bio-inspired strategies for next-generation perovskite solar mobile power sources,2021,10.1039/d0cs01493a,https://openalex.org/W3202098867,50,True,https://www.osti.gov/servlets/purl/1978747,https://www.osti.gov/biblio/1978747,Chemical Society Reviews
Green solvent engineering for enhanced performance and reproducibility in printed carbon-based mesoscopic perovskite solar cells and modules,2021,10.1039/d1ma00975c,https://openalex.org/W3217037892,50,True,https://pubs.rsc.org/en/content/articlepdf/2022/ma/d1ma00975c,https://doi.org/10.1039/d1ma00975c,Materials Advances
Transamidation of dimethylformamide during alkylammonium lead triiodide film formation for perovskite solar cells,2016,10.1557/jmr.2016.272,https://openalex.org/W2479067080,50,True,https://www.cambridge.org/core/services/aop-cambridge-core/content/view/431695D526CAA2CFEDC3AA80B16D8F10/S0884291416002727a.pdf/div-class-title-transamidation-of-dimethylformamide-during-alkylammonium-lead-triiodide-film-formation-for-perovskite-solar-cells-div.pdf,https://doi.org/10.1557/jmr.2016.272,Journal of materials research/Pratt's guide to venture capital sources
A Multifunctional Small-Molecule Hole-Transporting Material Enables Perovskite QLEDs with EQE Exceeding 20%,2023,10.1021/acsenergylett.2c02938,https://openalex.org/W4321033839,50,True,https://liu.diva-portal.org/smash/get/diva2:1750800/FULLTEXT01,http://urn.kb.se/resolve?urn=urn:nbn:se:liu:diva-193039,ACS Energy Letters
Halide Homogenization for High-Performance Blue Perovskite Electroluminescence,2020,10.34133/2020/9017871,https://openalex.org/W3113490247,50,True,https://downloads.spj.sciencemag.org/research/2020/9017871.pdf,https://doi.org/10.34133/2020/9017871,Research
Recent Advances in Colloidal Quantum Dots or Perovskite Quantum Dots as a Luminescent Downshifting Layer Embedded on Solar Cells,2022,10.3390/nano12060985,https://openalex.org/W4220758836,50,True,https://www.mdpi.com/2079-4991/12/6/985/pdf?version=1647439494,https://doi.org/10.3390/nano12060985,Nanomaterials
"Perovskite Quantum Dots: Fabrication, Degradation, and Enhanced Performance Across Solar Cells, Optoelectronics, and Quantum Technologies",2025,10.1002/cey2.70018,https://openalex.org/W4411579506,50,True,https://onlinelibrary.wiley.com/doi/pdfdirect/10.1002/cey2.70018,https://doi.org/10.1002/cey2.70018,Carbon Energy
Insights from scalable fabrication to operational stability and industrial opportunities for perovskite solar cells and modules,2022,10.1016/j.xcrp.2022.100827,https://openalex.org/W4220855516,50,True,https://www.sciencedirect.com/science/article/pii/S2666386422000972/pdf,https://doi.org/10.1016/j.xcrp.2022.100827,Cell Reports Physical Science
Slot‐Die Coating for Scalable Fabrication of Perovskite Solar Cells and Modules,2024,10.1002/admt.202302082,https://openalex.org/W4392758314,49,True,https://onlinelibrary.wiley.com/doi/pdfdirect/10.1002/admt.202302082,https://doi.org/10.1002/admt.202302082,Advanced Materials Technologies
cPCN-Regulated SnO2 Composites Enables Perovskite Solar Cell with Efficiency Beyond 23%,2021,10.1007/s40820-021-00636-0,https://openalex.org/W3165592914,49,True,https://link.springer.com/content/pdf/10.1007/s40820-021-00636-0.pdf,https://doi.org/10.1007/s40820-021-00636-0,Nano-Micro Letters
Perovskite Nanowire Extrusion,2017,10.1021/acs.nanolett.7b02213,https://openalex.org/W2761664025,49,True,,https://doi.org/10.1021/acs.nanolett.7b02213,Nano Letters
Rapid and low temperature processing of mesoporous TiO2 for perovskite solar cells on flexible and rigid substrates,2017,10.1016/j.mtcomm.2017.09.007,https://openalex.org/W2756549186,49,True,,https://research.tue.nl/en/publications/b9a56810-fe6e-4cfc-ad79-c10191c9687c,Materials Today Communications
Flexibility meets rigidity: a self-assembled monolayer materials strategy for perovskite solar cells,2025,10.1038/s41467-025-62388-4,https://openalex.org/W4412785761,49,True,https://www.nature.com/articles/s41467-025-62388-4.pdf,https://doi.org/10.1038/s41467-025-62388-4,Nature Communications
"Two/Quasi-two-dimensional perovskite-based heterostructures: construction, properties and applications",2022,10.1088/2631-7990/acab40,https://openalex.org/W4311270867,48,True,https://iopscience.iop.org/article/10.1088/2631-7990/acab40/pdf,https://doi.org/10.1088/2631-7990/acab40,International Journal of Extreme Manufacturing
Recent advances in perovskites-based optoelectronics,2022,10.1515/ntrev-2022-0494,https://openalex.org/W4312733888,48,True,https://www.degruyter.com/document/doi/10.1515/ntrev-2022-0494/pdf,https://doi.org/10.1515/ntrev-2022-0494,Nanotechnology Reviews
All-Perovskite Tandem Photoelectrodes for Unassisted Solar Hydrogen Production,2023,10.1021/acsenergylett.3c00654,https://openalex.org/W4376254261,48,True,https://www.osti.gov/servlets/purl/1976085,https://www.osti.gov/biblio/1976085,ACS Energy Letters
Beyond 17% stable perovskite solar module via polaron arrangement of tuned polymeric hole transport layer,2020,10.1016/j.nanoen.2020.105685,https://openalex.org/W3111611631,48,True,https://ars.els-cdn.com/content/image/1-s2.0-S2211285520312581-ga1_lrg.jpg,https://doi.org/10.1016/j.nanoen.2020.105685,Nano Energy
Recent progress of eco-friendly manufacturing process of efficient perovskite solar cells,2023,10.1186/s40580-023-00375-5,https://openalex.org/W4380290539,48,True,https://nanoconvergencejournal.springeropen.com/counter/pdf/10.1186/s40580-023-00375-5,https://doi.org/10.1186/s40580-023-00375-5,Nano Convergence
Multifunctional Additive CdAc2 for Efficient Perovskite‐Based Solar Cells,2023,10.1002/adma.202211806,https://openalex.org/W4378173384,48,True,https://onlinelibrary.wiley.com/doi/pdfdirect/10.1002/adma.202211806,https://doi.org/10.1002/adma.202211806,Advanced Materials
Synthesis conditions influencing formation of MAPbBr3 perovskite nanoparticles prepared by the ligand-assisted precipitation method,2020,10.1038/s41598-020-72826-6,https://openalex.org/W3088738423,48,True,https://www.nature.com/articles/s41598-020-72826-6.pdf,https://doi.org/10.1038/s41598-020-72826-6,Scientific Reports
Solution-processed metal-oxide based hole transport layers for organic and perovskite solar cell: A review,2022,10.1016/j.mtcomm.2022.103664,https://openalex.org/W4280548590,48,True,https://www.sciencedirect.com/science/article/pii/S235249282200527X/pdf,https://doi.org/10.1016/j.mtcomm.2022.103664,Materials Today Communications
Group-III-nitride and halide-perovskite semiconductor gain media for amplified spontaneous emission and lasing applications,2021,10.1088/1361-6463/abd65a,https://openalex.org/W3124671547,48,True,https://iopscience.iop.org/article/10.1088/1361-6463/abd65a/pdf,https://doi.org/10.1088/1361-6463/abd65a,Journal of Physics D Applied Physics
Reactive Passivation of Wide-Bandgap Organic–Inorganic Perovskites with Benzylamine,2024,10.1021/jacs.4c06659,https://openalex.org/W4402982318,47,True,https://pubs.acs.org/doi/pdf/10.1021/jacs.4c06659?ref=article_openPDF,https://doi.org/10.1021/jacs.4c06659,Journal of the American Chemical Society
Recent developments in perovskite-based precursor inks for scalable architectures of perovskite solar cell technology,2022,10.1039/d2se00162d,https://openalex.org/W4285206697,47,True,https://pubs.rsc.org/en/content/articlepdf/2022/se/d2se00162d,https://doi.org/10.1039/d2se00162d,Sustainable Energy & Fuels
Recent advances of carbon nanotubes in perovskite solar cells,2023,10.1002/sus2.158,https://openalex.org/W4386834974,47,True,https://onlinelibrary.wiley.com/doi/pdfdirect/10.1002/sus2.158,https://doi.org/10.1002/sus2.158,SusMat
Hybrid Perovskite‐Based Flexible and Stable Memristor by Complete Solution Process for Neuromorphic Computing,2023,10.1002/aelm.202200908,https://openalex.org/W4320495364,47,True,https://onlinelibrary.wiley.com/doi/pdfdirect/10.1002/aelm.202200908,https://doi.org/10.1002/aelm.202200908,Advanced Electronic Materials
Understanding and exploiting interfacial interactions between phosphonic acid functional groups and co-evaporated perovskites,2024,10.1016/j.matt.2024.02.004,https://openalex.org/W4392584609,47,True,,https://doi.org/10.1016/j.matt.2024.02.004,Matter
Origin of Hysteresis in Perovskite Solar Cells,2020,10.1063/9780735422414_001,https://openalex.org/W3125892177,47,True,https://pubs.aip.org/books/monograph/chapter-pdf/9012949/9780735422414_001.pdf,https://doi.org/10.1063/9780735422414_001,
Materials chemistry for metal halide perovskite photovoltaics,2024,10.1093/bulcsj/uoad025,https://openalex.org/W4390650102,47,True,https://academic.oup.com/bcsj/article-pdf/97/3/uoad025/57096168/uoad025.pdf,https://doi.org/10.1093/bulcsj/uoad025,Bulletin of the Chemical Society of Japan
Advancements in stretchable organic optoelectronic devices and flexible transparent conducting electrodes: Current progress and future prospects,2024,10.1016/j.heliyon.2024.e33002,https://openalex.org/W4399813829,46,True,,https://doi.org/10.1016/j.heliyon.2024.e33002,Heliyon
High Quality Inkjet Printed‐Emissive Nanocrystalline Perovskite CsPbBr 3 Layers for Color Conversion Layer and LEDs Applications,2022,10.1002/admt.202101525,https://openalex.org/W4210415694,46,True,https://onlinelibrary.wiley.com/doi/pdfdirect/10.1002/admt.202101525,https://doi.org/10.1002/admt.202101525,Advanced Materials Technologies
Lights and Shadows of DMSO as Solvent for Tin Halide Perovskites,2021,10.1002/chem.202103919,https://openalex.org/W4200081144,46,True,https://onlinelibrary.wiley.com/doi/pdfdirect/10.1002/chem.202103919,https://doi.org/10.1002/chem.202103919,Chemistry - A European Journal
Life cycle assessment of inkjet printed perovskite solar cells,2022,10.1016/j.jclepro.2022.133665,https://openalex.org/W4292396068,46,True,https://ars.els-cdn.com/content/image/1-s2.0-S0959652622032437-ga1_lrg.jpg,https://doi.org/10.1016/j.jclepro.2022.133665,Journal of Cleaner Production
"Flexible, Transparent, and Bifacial Perovskite Solar Cells and Modules Using the Wide-Band Gap FAPbBr 3 Perovskite Absorber",2024,10.1021/acsami.4c01071,https://openalex.org/W4393380160,46,True,https://hal.science/hal-04782312v1/document,https://hal.science/hal-04782312,ACS Applied Materials & Interfaces
Review on Perovskite Semiconductor Field–Effect Transistors and Their Applications,2022,10.3390/nano12142396,https://openalex.org/W4285392516,46,True,https://www.mdpi.com/2079-4991/12/14/2396/pdf?version=1658226255,https://doi.org/10.3390/nano12142396,Nanomaterials
One-step polymer assisted roll-to-roll gravure-printed perovskite solar cells without using anti-solvent bathing,2021,10.1016/j.xcrp.2021.100639,https://openalex.org/W3208139071,46,True,https://www.sciencedirect.com/science/article/pii/S2666386421003611/pdf,https://doi.org/10.1016/j.xcrp.2021.100639,Cell Reports Physical Science
A Review of the Technological Advances in the Design of Highly Efficient Perovskite Solar Cells,2023,10.1155/2023/3801813,https://openalex.org/W4385623268,46,True,https://downloads.hindawi.com/journals/ijp/2023/3801813.pdf,https://doi.org/10.1155/2023/3801813,International Journal of Photoenergy
Metal halide perovskite nanocrystals: application in high-performance photodetectors,2020,10.1039/d0ma00796j,https://openalex.org/W3110854730,46,True,https://pubs.rsc.org/en/content/articlepdf/2021/ma/d0ma00796j,https://doi.org/10.1039/d0ma00796j,Materials Advances
Bilayer metal halide perovskite for efficient and stable solar cells and modules,2022,10.1088/2752-5724/ac9248,https://openalex.org/W4296127381,45,True,https://iopscience.iop.org/article/10.1088/2752-5724/ac9248/pdf,https://doi.org/10.1088/2752-5724/ac9248,Materials Futures
Potassium Thiocyanate‐Assisted Enhancement of Slot‐Die‐Coated Perovskite Films for High‐Performance Solar Cells,2021,10.1002/smsc.202000044,https://openalex.org/W3128470674,45,True,https://onlinelibrary.wiley.com/doi/pdfdirect/10.1002/smsc.202000044,https://doi.org/10.1002/smsc.202000044,Small Science
Template‐Assisted Formation of High‐Quality α‐Phase HC(NH2)2PbI3 Perovskite Solar Cells,2019,10.1002/advs.201901591,https://openalex.org/W2972755303,45,True,https://onlinelibrary.wiley.com/doi/pdfdirect/10.1002/advs.201901591,https://doi.org/10.1002/advs.201901591,Advanced Science
Iodine Modulates the MACl‐Assisted Growth of FAPbI 3 for High Efficiency Perovskite Solar Cells,2024,10.1002/aenm.202400500,https://openalex.org/W4394786497,45,True,https://onlinelibrary.wiley.com/doi/pdfdirect/10.1002/aenm.202400500,https://doi.org/10.1002/aenm.202400500,Advanced Energy Materials
Controlling Homogenous Spherulitic Crystallization for High‐Efficiency Planar Perovskite Solar Cells Fabricated under Ambient High‐Humidity Conditions,2019,10.1002/smll.201904422,https://openalex.org/W2982149359,45,True,https://onlinelibrary.wiley.com/doi/pdfdirect/10.1002/smll.201904422,https://doi.org/10.1002/smll.201904422,Small
Review on Surface Modification of SnO2 Electron Transport Layer for High-Efficiency Perovskite Solar Cells,2023,10.3390/app131910715,https://openalex.org/W4387105303,45,True,https://www.mdpi.com/2076-3417/13/19/10715/pdf?version=1695784899,https://doi.org/10.3390/app131910715,Applied Sciences
"Triple-Mesoscopic Carbon Perovskite Solar Cells: Materials, Processing and Applications",2021,10.3390/en14020386,https://openalex.org/W3119765560,45,True,https://www.mdpi.com/1996-1073/14/2/386/pdf?version=1610523717,https://doi.org/10.3390/en14020386,Energies
Eco‐friendly perovskite solar cells: From materials design to device processing and recycling,2023,10.1002/eom2.12352,https://openalex.org/W4366998404,45,True,https://onlinelibrary.wiley.com/doi/pdfdirect/10.1002/eom2.12352,https://doi.org/10.1002/eom2.12352,EcoMat
All-Inorganic Perovskite Solar Cells: Recent Advancements and Challenges,2022,10.3390/nano12101651,https://openalex.org/W4280636605,45,True,https://www.mdpi.com/2079-4991/12/10/1651/pdf?version=1652353469,https://doi.org/10.3390/nano12101651,Nanomaterials
"Large-Area, Flexible, Lead-Free Sn-Perovskite Solar Modules",2023,10.1021/acsenergylett.3c02066,https://openalex.org/W4388202381,44,True,https://pubs.acs.org/doi/pdf/10.1021/acsenergylett.3c02066,https://doi.org/10.1021/acsenergylett.3c02066,ACS Energy Letters
A universal all-solid synthesis for high throughput production of halide perovskite,2022,10.1038/s41467-022-35122-7,https://openalex.org/W4310633711,44,True,https://www.nature.com/articles/s41467-022-35122-7.pdf,https://doi.org/10.1038/s41467-022-35122-7,Nature Communications
Crystallization Control for Ambient Printed FA‐Based Lead Triiodide Perovskite Solar Cells,2023,10.1002/adma.202303384,https://openalex.org/W4385780320,44,True,https://onlinelibrary.wiley.com/doi/pdfdirect/10.1002/adma.202303384,https://doi.org/10.1002/adma.202303384,Advanced Materials
Single‐particle perovskite lasers: from material properties to cavity design,2020,10.1515/nanoph-2019-0443,https://openalex.org/W3005424469,44,True,https://www.degruyter.com/document/doi/10.1515/nanoph-2019-0443/pdf,https://doi.org/10.1515/nanoph-2019-0443,Nanophotonics
Strategies for High-Performance Large-Area Perovskite Solar Cells toward Commercialization,2021,10.3390/cryst11030295,https://openalex.org/W3138752466,43,True,https://www.mdpi.com/2073-4352/11/3/295/pdf?version=1616053873,https://doi.org/10.3390/cryst11030295,Crystals
Split-Ring Structured All-Inorganic Perovskite Photodetector Arrays for Masterly Internet of Things,2022,10.1007/s40820-022-00961-y,https://openalex.org/W4310588886,43,True,https://link.springer.com/content/pdf/10.1007/s40820-022-00961-y.pdf,https://doi.org/10.1007/s40820-022-00961-y,Nano-Micro Letters
Small-angle scattering to reveal the colloidal nature of halide perovskite precursor solutions,2021,10.1039/d1ta01468d,https://openalex.org/W3160709448,43,True,https://pubs.rsc.org/en/content/articlepdf/2021/ta/d1ta01468d,https://doi.org/10.1039/d1ta01468d,Journal of Materials Chemistry A
Functional Group Engineering Stabilizing Precursor Solution and Passivating Defects for Operationally Stable and Highly Reproducible Inverted Perovskite Solar Cells,2025,10.1002/adma.202502729,https://openalex.org/W4410166783,43,True,https://onlinelibrary.wiley.com/doi/pdfdirect/10.1002/adma.202502729,https://doi.org/10.1002/adma.202502729,Advanced Materials
Multidimensional perovskite solar cells,2021,10.1016/j.fmre.2021.07.003,https://openalex.org/W3185295334,43,True,https://www.sciencedirect.com/science/article/pii/S2667325821001321/pdf,https://doi.org/10.1016/j.fmre.2021.07.003,Fundamental Research
Shallow-level defect passivation by 6H perovskite polytype for highly efficient and stable perovskite solar cells,2024,10.1038/s41467-024-50016-6,https://openalex.org/W4400311850,43,True,https://www.nature.com/articles/s41467-024-50016-6.pdf,https://doi.org/10.1038/s41467-024-50016-6,Nature Communications
A Comprehensive Review on Defects-Induced Voltage Losses and Strategies toward Highly Efficient and Stable Perovskite Solar Cells,2024,10.3390/photonics11010087,https://openalex.org/W4390942003,43,True,https://www.mdpi.com/2304-6732/11/1/87/pdf?version=1705502325,https://doi.org/10.3390/photonics11010087,Photonics
Ultra-uniform perovskite crystals formed in the presence of tetrabutylammonium bistriflimide afford efficient and stable perovskite solar cells,2024,10.1039/d4ee01841a,https://openalex.org/W4402851373,43,True,https://pubs.rsc.org/en/content/articlepdf/2024/ee/d4ee01841a,https://doi.org/10.1039/d4ee01841a,Energy & Environmental Science
Two-dimensional materials in perovskite solar cells,2020,10.1088/2515-7655/ab9eab,https://openalex.org/W3036326460,43,True,https://iopscience.iop.org/article/10.1088/2515-7655/ab9eab/pdf,https://doi.org/10.1088/2515-7655/ab9eab,Journal of Physics Energy
Perceiving the temperature coefficients of carbon-based perovskite solar cells,2020,10.1039/d0se00782j,https://openalex.org/W3092765299,42,True,https://pubs.rsc.org/en/content/articlepdf/2020/se/d0se00782j,https://doi.org/10.1039/d0se00782j,Sustainable Energy & Fuels
Nanoparticle Wetting Agent for Gas Stream-Assisted Blade-Coated Inverted Perovskite Solar Cells and Modules,2020,10.1021/acsami.0c15428,https://openalex.org/W3103075782,42,True,https://zenodo.org/record/5254180,https://zenodo.org/record/5254180,ACS Applied Materials & Interfaces
"Opportunities, Challenges, and Strategies for Scalable Deposition of Metal Halide Perovskite Solar Cells and Modules",2024,10.1002/aesr.202300275,https://openalex.org/W4393182226,42,True,https://onlinelibrary.wiley.com/doi/pdfdirect/10.1002/aesr.202300275,https://doi.org/10.1002/aesr.202300275,Advanced Energy and Sustainability Research
Mixed-halide perovskite synthesis by chemical reaction and crystal nucleation under an optical potential,2019,10.1038/s41427-019-0131-0,https://openalex.org/W2954733184,42,True,https://www.nature.com/articles/s41427-019-0131-0.pdf,https://doi.org/10.1038/s41427-019-0131-0,NPG Asia Materials
Graphene-engineered automated sprayed mesoscopic structure for perovskite device scaling-up,2018,10.1088/2053-1583/aad983,https://openalex.org/W2887422552,42,True,https://iopscience.iop.org/article/10.1088/2053-1583/aad983/pdf,https://doi.org/10.1088/2053-1583/aad983,2D Materials
High-throughput surface preparation for flexible slot die coated perovskite solar cells,2017,10.1016/j.orgel.2017.12.027,https://openalex.org/W2779696987,42,True,https://ars.els-cdn.com/content/image/1-s2.0-S1566119917306237-fx1_lrg.jpg,https://doi.org/10.1016/j.orgel.2017.12.027,Organic Electronics
"Novel Materials in Perovskite Solar Cells: Efficiency, Stability, and Future Perspectives",2023,10.3390/nano13111724,https://openalex.org/W4378227681,42,True,https://www.mdpi.com/2079-4991/13/11/1724/pdf?version=1684994008,https://doi.org/10.3390/nano13111724,Nanomaterials
Using Soft Polymer Template Engineering of Mesoporous TiO2 Scaffolds to Increase Perovskite Grain Size and Solar Cell Efficiency,2020,10.1021/acsami.0c02248,https://openalex.org/W3014191866,42,True,https://pubs.acs.org/doi/pdf/10.1021/acsami.0c02248,https://doi.org/10.1021/acsami.0c02248,ACS Applied Materials & Interfaces
Two‐Step Inverted Perovskite Solar Cells with > 25% Efficiency Fabricated in Ambient Air,2025,10.1002/aenm.202500830,https://openalex.org/W4409181511,42,True,https://onlinelibrary.wiley.com/doi/pdfdirect/10.1002/aenm.202500830,https://doi.org/10.1002/aenm.202500830,Advanced Energy Materials
"Carbon Electrodes for Perovskite Photovoltaics: Interfacial Properties, Meta‐analysis, and Prospects",2024,10.1002/solr.202300929,https://openalex.org/W4391232241,42,True,https://onlinelibrary.wiley.com/doi/pdfdirect/10.1002/solr.202300929,https://doi.org/10.1002/solr.202300929,Solar RRL
Lead-Free Perovskites for Lighting and Lasing Applications: A Minireview,2019,10.3390/ma12233845,https://openalex.org/W2989855195,42,True,https://www.mdpi.com/1996-1944/12/23/3845/pdf?version=1574393010,https://doi.org/10.3390/ma12233845,Materials
Advances in Photoelectric Detection Units for Imaging Based on Perovskite Materials,2022,10.1002/lpor.202100713,https://openalex.org/W4298314925,42,True,https://onlinelibrary.wiley.com/doi/pdfdirect/10.1002/lpor.202100713,https://doi.org/10.1002/lpor.202100713,Laser & Photonics Review
Probing charge carrier dynamics in metal halide perovskite solar cells,2022,10.1002/eom2.12268,https://openalex.org/W4306248822,42,True,https://onlinelibrary.wiley.com/doi/pdfdirect/10.1002/eom2.12268,https://doi.org/10.1002/eom2.12268,EcoMat
Room temperature nanoparticulate interfacial layers for perovskite solar cells via solvothermal synthesis,2017,10.1039/c7ta03802j,https://openalex.org/W2750740571,42,True,https://pubs.rsc.org/en/content/articlepdf/2017/ta/c7ta03802j,https://doi.org/10.1039/c7ta03802j,Journal of Materials Chemistry A
Role of fullerene electron transport layer on the morphology and optoelectronic properties of perovskite solar cells,2017,10.1016/j.orgel.2017.08.001,https://openalex.org/W2742750024,42,True,https://unsworks.unsw.edu.au/bitstreams/a20c75ad-ef9b-4320-a430-f25db77295d3/download,http://hdl.handle.net/1959.4/unsworks_55361,Organic Electronics
Phase Aggregation Suppression of Homogeneous Perovskites Processed in Ambient Condition toward Efficient Light‐Emitting Diodes,2021,10.1002/adfm.202103399,https://openalex.org/W3172036604,41,True,https://oist.repo.nii.ac.jp/record/2177/files/Manuscript.pdf,https://oist.repo.nii.ac.jp/records/2177,Advanced Functional Materials
Columnar Grain Growth of Lead-Free Double Perovskite Using Mist Deposition Method for Sensitive X-ray Detectors,2021,10.1021/acs.cgd.1c00331,https://openalex.org/W3175486237,41,True,https://repository.kulib.kyoto-u.ac.jp/dspace/bitstream/2433/267475/1/acs.cgd.1c00331.pdf,http://hdl.handle.net/2433/267475,Crystal Growth & Design
Mechanism of Additive-Assisted Room-Temperature Processing of Metal Halide Perovskite Thin Films,2021,10.1021/acsami.0c22630,https://openalex.org/W3135906013,41,True,https://www.osti.gov/servlets/purl/1777974,https://www.osti.gov/biblio/1782080,ACS Applied Materials & Interfaces
Droplet Manipulation and Crystallization Regulation in Inkjet-Printed Perovskite Film Formation,2022,10.31635/ccschem.022.202101583,https://openalex.org/W4206560957,41,True,,https://doi.org/10.31635/ccschem.022.202101583,CCS Chemistry
Moisture resistance in perovskite solar cells attributed to a water-splitting layer,2021,10.1038/s43246-020-00104-z,https://openalex.org/W3127960326,41,True,https://www.nature.com/articles/s43246-020-00104-z.pdf,https://doi.org/10.1038/s43246-020-00104-z,Communications Materials
Development of Greener and Stable Inkjet‐Printable Perovskite Precursor Inks for All‐Printed Annealing‐Free Perovskite Solar Mini‐Modules Manufacturing,2023,10.1002/smtd.202300664,https://openalex.org/W4382502101,41,True,https://onlinelibrary.wiley.com/doi/pdfdirect/10.1002/smtd.202300664,https://doi.org/10.1002/smtd.202300664,Small Methods
Surface Passivation by Sulfur-Based 2D (TEA)2PbI4 for Stable and Efficient Perovskite Solar Cells,2023,10.1021/acsomega.2c08126,https://openalex.org/W4361297883,41,True,,https://doi.org/10.1021/acsomega.2c08126,ACS Omega
Bifunctional trifluorophenylacetic acid additive for stable and highly efficient flexible perovskite solar cell,2023,10.1002/inf2.12423,https://openalex.org/W4385581009,41,True,https://onlinelibrary.wiley.com/doi/pdfdirect/10.1002/inf2.12423,https://doi.org/10.1002/inf2.12423,InfoMat
Recent Progress in 2D/3D Multidimensional Metal Halide Perovskites Solar Cells,2020,10.3389/fmats.2020.601179,https://openalex.org/W3096768301,41,True,https://www.frontiersin.org/articles/10.3389/fmats.2020.601179/pdf,https://doi.org/10.3389/fmats.2020.601179,Frontiers in Materials
Toward high‐efficiency stable 2D/3D perovskite solar cells by incorporating multifunctional CNT:TiO2 additives into 3D perovskite layer,2022,10.1002/eom2.12166,https://openalex.org/W4206379827,41,True,https://onlinelibrary.wiley.com/doi/pdfdirect/10.1002/eom2.12166,https://doi.org/10.1002/eom2.12166,EcoMat
Advanced Strategies to Tailor the Nucleation and Crystal Growth in Hybrid Halide Perovskite Thin Films,2022,10.3389/fchem.2022.842924,https://openalex.org/W4224101315,40,True,https://www.frontiersin.org/articles/10.3389/fchem.2022.842924/pdf,https://doi.org/10.3389/fchem.2022.842924,Frontiers in Chemistry
Minimizing DMSO Residues in Perovskite Films for Efficient and Long‐Term Stable Solar Cells,2025,10.1002/aenm.202404538,https://openalex.org/W4406248219,40,True,https://onlinelibrary.wiley.com/doi/pdfdirect/10.1002/aenm.202404538,https://doi.org/10.1002/aenm.202404538,Advanced Energy Materials
A Comprehensive Review of Tandem Solar Cells Integrated on Silicon Substrate: III/V vs Perovskite,2023,10.1007/s12633-023-02466-8,https://openalex.org/W4377942394,40,True,https://link.springer.com/content/pdf/10.1007/s12633-023-02466-8.pdf,https://doi.org/10.1007/s12633-023-02466-8,Silicon
3D Printing of Arbitrary Perovskite Nanowire Heterostructures,2023,10.1002/adfm.202212146,https://openalex.org/W4317584481,39,True,https://onlinelibrary.wiley.com/doi/pdfdirect/10.1002/adfm.202212146,https://doi.org/10.1002/adfm.202212146,Advanced Functional Materials
Perovskite-Based X-ray Detectors,2023,10.3390/nano13132024,https://openalex.org/W4383724316,39,True,https://www.mdpi.com/2079-4991/13/13/2024/pdf?version=1688716972,https://doi.org/10.3390/nano13132024,Nanomaterials
Research Progress of Green Solvent in CsPbBr3 Perovskite Solar Cells,2023,10.3390/nano13060991,https://openalex.org/W4323842689,39,True,https://www.mdpi.com/2079-4991/13/6/991/pdf?version=1678354053,https://doi.org/10.3390/nano13060991,Nanomaterials
"Major Impediment to Highly Efficient, Stable and Low-Cost Perovskite Solar Cells",2018,10.3390/met8110964,https://openalex.org/W2900951579,39,True,https://www.mdpi.com/2075-4701/8/11/964/pdf?version=1542627031,https://doi.org/10.3390/met8110964,Metals
Toxicity of Perovskite Solar Cells,2023,10.3390/en16104007,https://openalex.org/W4376115372,39,True,https://www.mdpi.com/1996-1073/16/10/4007/pdf?version=1683705304,https://doi.org/10.3390/en16104007,Energies
Review on flexible perovskite photodetector: processing and applications,2023,10.1007/s11465-023-0749-z,https://openalex.org/W4384073865,38,True,https://link.springer.com/content/pdf/10.1007/s11465-023-0749-z.pdf,https://doi.org/10.1007/s11465-023-0749-z,Frontiers of Mechanical Engineering
Roadmap on perovskite light-emitting diodes,2024,10.1088/2515-7647/ad46a6,https://openalex.org/W4396571115,38,True,,https://doi.org/10.1088/2515-7647/ad46a6,Journal of Physics Photonics
Carrier photodynamics in 2D perovskites with solution-processed silver and graphene contacts for bendable optoelectronics,2021,10.1038/s41699-021-00214-3,https://openalex.org/W3136020866,38,True,https://www.nature.com/articles/s41699-021-00214-3.pdf,https://doi.org/10.1038/s41699-021-00214-3,npj 2D Materials and Applications
Combined Computational and Experimental Investigation on the Nature of Hydrated Iodoplumbate Complexes: Insights into the Dual Role of Water in Perovskite Precursor Solutions,2020,10.1021/acs.jpcb.0c08624,https://openalex.org/W3108497475,38,True,https://pubs.acs.org/doi/pdf/10.1021/acs.jpcb.0c08624,https://doi.org/10.1021/acs.jpcb.0c08624,The Journal of Physical Chemistry B
Inductive and Capacitive Hysteresis of Halide Perovskite Solar Cells and Memristors Under Illumination,2022,10.3389/fenrg.2022.914115,https://openalex.org/W4285794897,37,True,https://www.frontiersin.org/articles/10.3389/fenrg.2022.914115/pdf,https://doi.org/10.3389/fenrg.2022.914115,Frontiers in Energy Research
Stability improvements of metal halide perovskite nanocrystals and their optoelectrical applications,2023,10.1039/d2qm01355j,https://openalex.org/W4321796010,37,True,https://pubs.rsc.org/en/content/articlepdf/2023/qm/d2qm01355j,https://doi.org/10.1039/d2qm01355j,Materials Chemistry Frontiers
Solution-Processed SnO2 Quantum Dots for the Electron Transport Layer of Flexible and Printed Perovskite Solar Cells,2022,10.3390/nano12152615,https://openalex.org/W4289205978,37,True,https://www.mdpi.com/2079-4991/12/15/2615/pdf?version=1659348337,https://doi.org/10.3390/nano12152615,Nanomaterials
Laser Technology for Perovskite: Fabrication and Applications,2024,10.1002/admt.202302033,https://openalex.org/W4392467172,37,True,https://onlinelibrary.wiley.com/doi/pdfdirect/10.1002/admt.202302033,https://doi.org/10.1002/admt.202302033,Advanced Materials Technologies
Scribing Method for Carbon Perovskite Solar Modules,2020,10.3390/en13071589,https://openalex.org/W3014500870,37,True,https://www.mdpi.com/1996-1073/13/7/1589/pdf?version=1585735232,https://doi.org/10.3390/en13071589,Energies
Design Strategies and Emerging Applications of Perovskite‐Based Sensors,2025,10.1002/smm2.70022,https://openalex.org/W4411094334,37,True,https://onlinelibrary.wiley.com/doi/pdfdirect/10.1002/smm2.70022,https://doi.org/10.1002/smm2.70022,SmartMat
Green Light-Emitting Devices Based on Perovskite CsPbBr3 Quantum Dots,2018,10.3389/fchem.2018.00381,https://openalex.org/W2888955107,36,True,https://www.frontiersin.org/articles/10.3389/fchem.2018.00381/pdf,https://doi.org/10.3389/fchem.2018.00381,Frontiers in Chemistry
Fast Solidification and Slow Growth Strategy for High‐Performance Quasi‐2D Perovskite Solar Cells,2023,10.1002/aenm.202300168,https://openalex.org/W4327968165,35,True,https://onlinelibrary.wiley.com/doi/pdfdirect/10.1002/aenm.202300168,https://doi.org/10.1002/aenm.202300168,Advanced Energy Materials
Progress of Perovskite Solar Modules,2021,10.1002/aesr.202000051,https://openalex.org/W3157605179,35,True,https://onlinelibrary.wiley.com/doi/pdfdirect/10.1002/aesr.202000051,https://doi.org/10.1002/aesr.202000051,Advanced Energy and Sustainability Research
Multi-environment phase stabilization by lattice reinforcement for efficient perovskite solar cells,2023,10.1007/s40843-022-2400-9,https://openalex.org/W4366549122,35,True,https://link.springer.com/content/pdf/10.1007/s40843-022-2400-9.pdf,https://doi.org/10.1007/s40843-022-2400-9,Science China Materials
Opportunities for machine learning to accelerate halide-perovskite commercialization and scale-up,2022,10.1016/j.matt.2022.04.016,https://openalex.org/W3206564097,34,True,https://dspace.mit.edu/bitstream/1721.1/155228/1/2110.03923v1.pdf,https://hdl.handle.net/1721.1/155228,Matter
Flexible Perovskite Solar Cells: Progress and Prospects,2021,10.3389/fmats.2021.634353,https://openalex.org/W3136462598,34,True,https://www.frontiersin.org/articles/10.3389/fmats.2021.634353/pdf,https://doi.org/10.3389/fmats.2021.634353,Frontiers in Materials
A Review on Improving the Quality of Perovskite Films in Perovskite Solar Cells via the Weak Forces Induced by Additives,2019,10.3390/app9204393,https://openalex.org/W2980846990,34,True,https://www.mdpi.com/2076-3417/9/20/4393/pdf?version=1571302414,https://doi.org/10.3390/app9204393,Applied Sciences
Femtosecond laser direct nanolithography of perovskite hydration for temporally programmable holograms,2024,10.1038/s41467-024-51148-5,https://openalex.org/W4401407835,34,True,https://www.nature.com/articles/s41467-024-51148-5.pdf,https://doi.org/10.1038/s41467-024-51148-5,Nature Communications
Advances in components engineering in vapor deposited perovskite thin film for photovoltaic application,2022,10.1016/j.mtadv.2022.100277,https://openalex.org/W4292289372,34,True,https://www.sciencedirect.com/science/article/pii/S259004982200073X/pdf,https://doi.org/10.1016/j.mtadv.2022.100277,Materials Today Advances
Sustainable materials acceleration platform reveals stable and efficient wide-bandgap metal halide perovskite alloys,2023,10.1016/j.matt.2023.06.040,https://openalex.org/W4385238037,33,True,https://eciencia.urjc.es/bitstream/10115/26799/3/Accepted_RoboMapper%20Manuscript_revision_Final.pdf,https://hdl.handle.net/10115/26799,Matter
Growth and Characterization of PDMS-Stamped Halide Perovskite Single Microcrystals,2016,10.1021/acs.jpcc.6b02011,https://openalex.org/W2329877484,33,True,,https://dare.uva.nl/personal/pure/en/publications/growth-and-characterization-of-pdmsstamped-halide-perovskite-single-microcrystals(e9a6a5c4-69c2-4c07-b9ce-a2536bd253cd).html,The Journal of Physical Chemistry C
Revolutionizing Perovskite Solar Cells with Carbon Electrodes: Innovations and Economic Potential,2025,10.1002/adfm.202422020,https://openalex.org/W4406272038,33,True,https://onlinelibrary.wiley.com/doi/pdfdirect/10.1002/adfm.202422020,https://doi.org/10.1002/adfm.202422020,Advanced Functional Materials
One-Step Solution Deposition of Tin-Perovskite onto a Self-Assembled Monolayer with a DMSO-Free Solvent System,2023,10.1021/acsenergylett.3c02098,https://openalex.org/W4388909811,33,True,https://pubs.acs.org/doi/pdf/10.1021/acsenergylett.3c02098,https://doi.org/10.1021/acsenergylett.3c02098,ACS Energy Letters
Perovskite photo-detectors (PVSK-PDs) for visible light communication,2019,10.1016/j.orgel.2019.03.008,https://openalex.org/W2922502678,33,True,https://iris.uniroma1.it/bitstream/11573/1247018/5/Perovskite%20Photo-Detectors%20%28PVSK-PDs%29%20for%20Visible%20Light%20Communication%20PREPRINT.pdf,http://hdl.handle.net/11573/1247018,Organic Electronics
P‐Type PbS Quantum Dot Solar Ink via Hydrogen‐Bonding Modulated Solvation for High‐Efficiency Photovoltaics,2024,10.1002/adfm.202315365,https://openalex.org/W4390744960,33,True,https://onlinelibrary.wiley.com/doi/pdfdirect/10.1002/adfm.202315365,https://doi.org/10.1002/adfm.202315365,Advanced Functional Materials
20.8% slot-die coated MAPbI3 perovskite solar cells by optimal DMSO-content and age of 2-ME based precursor inks,2020,10.21203/rs.3.rs-93765/v1,https://openalex.org/W4242375312,33,True,https://www.researchsquare.com/article/rs-93765/latest.pdf,https://doi.org/10.21203/rs.3.rs-93765/v1,Research Square
"Printed Electronics Based on 2D Material Inks: Preparation, Properties, and Applications toward Memristors",2023,10.1002/smtd.202201156,https://openalex.org/W4313652540,32,True,https://onlinelibrary.wiley.com/doi/pdfdirect/10.1002/smtd.202201156,https://doi.org/10.1002/smtd.202201156,Small Methods
Extraordinary Interfacial Stitching between Single All-Inorganic Perovskite Nanocrystals,2018,10.1021/acsami.7b17432,https://openalex.org/W2790995860,32,True,https://pubs.acs.org/doi/pdf/10.1021/acsami.7b17432,https://doi.org/10.1021/acsami.7b17432,ACS Applied Materials & Interfaces
Key Parameters and Thresholds Values for Obtaining High Performance Perovskite Solar Cells Indoors from Full Br Compositional and Bandgap Engineering,2023,10.1021/acsaem.2c03394,https://openalex.org/W4360827087,32,True,https://pubs.acs.org/doi/pdf/10.1021/acsaem.2c03394,https://doi.org/10.1021/acsaem.2c03394,ACS Applied Energy Materials
Vapour-deposited high-performance tin perovskite transistors,2025,10.1038/s41928-025-01380-8,https://openalex.org/W4409868553,32,True,https://www.nature.com/articles/s41928-025-01380-8.pdf,https://doi.org/10.1038/s41928-025-01380-8,Nature Electronics
"Halide perovskites for sensitive, stable and scalable X-ray detection and imaging",2023,10.1039/d3cc00969f,https://openalex.org/W4362570132,32,True,https://pubs.rsc.org/en/content/articlepdf/2023/cc/d3cc00969f,https://doi.org/10.1039/d3cc00969f,Chemical Communications
Upscaling of Carbon-Based Perovskite Solar Module,2023,10.3390/nano13020313,https://openalex.org/W4315781425,32,True,https://www.mdpi.com/2079-4991/13/2/313/pdf?version=1673497275,https://doi.org/10.3390/nano13020313,Nanomaterials
Key Advancements and Emerging Trends of Perovskite Solar Cells in 2024–2025,2026,10.1007/s40820-025-02022-6,https://openalex.org/W7124275782,32,True,https://link.springer.com/content/pdf/10.1007/s40820-025-02022-6.pdf,https://doi.org/10.1007/s40820-025-02022-6,Nano-Micro Letters
Review—Perovskite/Spinel Based Graphene Derivatives Electrochemical and Biosensors,2021,10.1149/1945-7111/ac0306,https://openalex.org/W3163801970,32,True,https://iopscience.iop.org/article/10.1149/1945-7111/ac0306/pdf,https://doi.org/10.1149/1945-7111/ac0306,Journal of The Electrochemical Society
Recent Advances in Inverted Perovskite Solar Cells: Designing and Fabrication,2022,10.3390/ijms231911792,https://openalex.org/W4303699242,32,True,https://www.mdpi.com/1422-0067/23/19/11792/pdf?version=1665311913,https://doi.org/10.3390/ijms231911792,International Journal of Molecular Sciences
Organic–inorganic hybrid perovskite materials and their application in transistors,2023,10.1039/d3qm00697b,https://openalex.org/W4384914661,32,True,https://pubs.rsc.org/en/content/articlepdf/2023/qm/d3qm00697b,https://doi.org/10.1039/d3qm00697b,Materials Chemistry Frontiers
Selection of the ultimate perovskite solar cell materials and fabrication processes towards its industrialization: A review,2022,10.1002/ese3.1084,https://openalex.org/W4213453666,32,True,https://onlinelibrary.wiley.com/doi/pdfdirect/10.1002/ese3.1084,https://doi.org/10.1002/ese3.1084,Energy Science & Engineering
Unraveling the roles of mesoporous TiO2 framework in CH3NH3PbI3 perovskite solar cells,2020,10.1007/s40843-020-1306-0,https://openalex.org/W3024762574,32,True,https://link.springer.com/content/pdf/10.1007/s40843-020-1306-0.pdf,https://doi.org/10.1007/s40843-020-1306-0,Science China Materials
Novel Solvent-free Perovskite Deposition in Fabrication of Normal and Inverted Architectures of Perovskite Solar Cells,2016,10.1038/srep33649,https://openalex.org/W2522599436,31,True,https://www.nature.com/articles/srep33649.pdf,https://doi.org/10.1038/srep33649,Scientific Reports
The Challenge of Ambient Air–Processed Organometallic Halide Perovskite: Technology Transfer From Spin Coating to Meniscus Blade Coating of Perovskite Thin Films,2021,10.3389/fmats.2021.635224,https://openalex.org/W3153826942,31,True,https://www.frontiersin.org/articles/10.3389/fmats.2021.635224/pdf,https://doi.org/10.3389/fmats.2021.635224,Frontiers in Materials
Remanufacturing Perovskite Solar Cells and Modules–A Holistic Case Study,2024,10.1021/acssusresmgt.3c00042,https://openalex.org/W4391401354,31,True,,https://doi.org/10.1021/acssusresmgt.3c00042,ACS Sustainable Resource Management
Epitaxial Metal Halide Perovskites by Inkjet‐Printing on Various Substrates,2020,10.1002/adfm.202004612,https://openalex.org/W3083193338,31,True,https://onlinelibrary.wiley.com/doi/pdfdirect/10.1002/adfm.202004612,https://doi.org/10.1002/adfm.202004612,Advanced Functional Materials
Charge transport materials for mesoscopic perovskite solar cells,2022,10.1039/d2tc00828a,https://openalex.org/W4285263206,31,True,https://pubs.rsc.org/en/content/articlepdf/2022/tc/d2tc00828a,https://doi.org/10.1039/d2tc00828a,Journal of Materials Chemistry C
Green Solvent Enabled Perovskite Ink for Ambient‐Air‐Processed Efficient Inkjet‐Printed Perovskite Solar Cells,2025,10.1002/adfm.202503717,https://openalex.org/W4409810712,31,True,,https://doi.org/10.1002/adfm.202503717,Advanced Functional Materials
Polymer Boosts High Performance Perovskite Solar Cells: A Review,2023,10.1002/adom.202301623,https://openalex.org/W4386380544,31,True,https://onlinelibrary.wiley.com/doi/pdfdirect/10.1002/adom.202301623,https://doi.org/10.1002/adom.202301623,Advanced Optical Materials
One-Step Blade Coating of Inverted Double-Cation Perovskite Solar Cells from a Green Precursor Solvent,2021,10.1021/acsaem.1c02425,https://openalex.org/W3201699960,31,True,,https://zenodo.org/record/5546583,ACS Applied Energy Materials
Patterning of Metal Halide Perovskite Thin Films and Functional Layers for Optoelectronic Applications,2023,10.1007/s40820-023-01154-x,https://openalex.org/W4384625968,31,True,https://link.springer.com/content/pdf/10.1007/s40820-023-01154-x.pdf,https://doi.org/10.1007/s40820-023-01154-x,Nano-Micro Letters
Pathways to High Efficiency Perovskite Monolithic Solar Modules,2022,10.1103/prxenergy.1.013004,https://openalex.org/W4280542502,31,True,http://link.aps.org/pdf/10.1103/PRXEnergy.1.013004,https://doi.org/10.1103/prxenergy.1.013004,PRX Energy
Progress in flexible perovskite solar cells with improved efficiency,2021,10.1088/1674-4926/42/10/101605,https://openalex.org/W3199379277,30,True,https://iopscience.iop.org/article/10.1088/1674-4926/42/10/101605/pdf,https://doi.org/10.1088/1674-4926/42/10/101605,Journal of Semiconductors
Recent Progress in Large-Area Perovskite Photovoltaic Modules,2022,10.1007/s12209-022-00341-y,https://openalex.org/W4299802996,30,True,https://link.springer.com/content/pdf/10.1007/s12209-022-00341-y.pdf,https://doi.org/10.1007/s12209-022-00341-y,Transactions of Tianjin University
Regulating the Crystallization of FAPbI3‐Based Perovskite with a Furan Substituted Ethylammonium Additive for Achieving Highly Efficient Solar Cells,2024,10.1002/adfm.202404099,https://openalex.org/W4399290961,30,True,https://documentserver.uhasselt.be//bitstream/1942/43266/2/AFM_Additive.pdf,http://hdl.handle.net/1942/43266,Advanced Functional Materials
Rapid Crystallization of All-Inorganic CsPbBr 3 Perovskite for High-Brightness Light-Emitting Diodes,2017,10.1021/acsomega.7b00360,https://openalex.org/W2625638906,30,True,https://pubs.acs.org/doi/pdf/10.1021/acsomega.7b00360?ref=article_openPDF,https://doi.org/10.1021/acsomega.7b00360,ACS Omega
Perovskites on Ice: An Additive‐Free Approach to Increase the Shelf‐Life of Triple‐Cation Perovskite Precursor Solutions,2021,10.1002/cssc.202100332,https://openalex.org/W4230334828,29,True,https://onlinelibrary.wiley.com/doi/pdfdirect/10.1002/cssc.202100332,https://doi.org/10.1002/cssc.202100332,ChemSusChem
Gap States in Methylammonium Lead Halides: The Link to Dimethylsulfoxide?,2020,10.1002/adma.202003482,https://openalex.org/W3083173233,29,True,,https://www.osti.gov/biblio/1804149,Advanced Materials
Photoluminescence Intensity Enhancement in Tin Halide Perovskites,2022,10.1002/advs.202202795,https://openalex.org/W4295911134,29,True,https://onlinelibrary.wiley.com/doi/pdfdirect/10.1002/advs.202202795,https://doi.org/10.1002/advs.202202795,Advanced Science
Robust perovskite formation via vacuum thermal annealing for indoor perovskite solar cells,2023,10.1038/s41598-023-37155-4,https://openalex.org/W4383374967,28,True,https://www.nature.com/articles/s41598-023-37155-4.pdf,https://doi.org/10.1038/s41598-023-37155-4,Scientific Reports
Advances in Perovskite Light-Emitting Diodes Possessing Improved Lifetime,2021,10.3390/nano11010103,https://openalex.org/W3119191501,28,True,https://www.mdpi.com/2079-4991/11/1/103/pdf?version=1609852088,https://doi.org/10.3390/nano11010103,Nanomaterials
Controlling Tin Halide Perovskite Oxidation Dynamics in Solution for Perovskite Optoelectronic Devices,2024,10.1002/anie.202407193,https://openalex.org/W4396935921,28,True,https://onlinelibrary.wiley.com/doi/pdfdirect/10.1002/anie.202407193,https://doi.org/10.1002/anie.202407193,Angewandte Chemie International Edition
The role of solvents in the formation of methylammonium lead triiodide perovskite,2021,10.1016/j.jechem.2021.12.030,https://openalex.org/W3208786999,28,True,https://www.sciencedirect.com/science/article/pii/S2095495621006926/pdf,https://doi.org/10.1016/j.jechem.2021.12.030,Journal of Energy Chemistry
The Impact of Stoichiometry on the Photophysical Properties of Ruddlesden–Popper Perovskites,2019,10.1002/adfm.201907505,https://openalex.org/W2990003664,28,True,https://onlinelibrary.wiley.com/doi/pdfdirect/10.1002/adfm.201907505,https://doi.org/10.1002/adfm.201907505,Advanced Functional Materials
Innovative Approaches to Semi-Transparent Perovskite Solar Cells,2023,10.3390/nano13061084,https://openalex.org/W4327737245,28,True,,https://doi.org/10.3390/nano13061084,Nanomaterials
Perovskite solar cells from lab to fab: the main challenges to access the market,2020,10.1093/oxfmat/itaa007,https://openalex.org/W3113273757,27,True,https://academic.oup.com/ooms/article-pdf/1/1/itaa007/45723512/itaa007.pdf,https://doi.org/10.1093/oxfmat/itaa007,Oxford Open Materials Science
Potential and perspectives of halide perovskites in light emitting devices,2023,10.1186/s40580-023-00395-1,https://openalex.org/W4387597466,27,True,https://nanoconvergencejournal.springeropen.com/counter/pdf/10.1186/s40580-023-00395-1,https://doi.org/10.1186/s40580-023-00395-1,Nano Convergence
Optical Fingerprints of Polynuclear Complexes in Lead Halide Perovskite Precursor Solutions,2021,10.1021/acs.jpclett.0c03741,https://openalex.org/W3134154414,27,True,https://arxiv.org/pdf/2012.08440,http://arxiv.org/abs/2012.08440,The Journal of Physical Chemistry Letters
Perovskite photonic crystal photoelectric devices,2022,10.1063/5.0106118,https://openalex.org/W4312118566,26,True,https://aip.scitation.org/doi/pdf/10.1063/5.0106118,https://doi.org/10.1063/5.0106118,Applied Physics Reviews
Binary solvent engineering for small-molecular organic semiconductor crystallization,2023,10.1039/d2ma00726f,https://openalex.org/W4313909085,26,True,https://pubs.rsc.org/en/content/articlepdf/2023/ma/d2ma00726f,https://doi.org/10.1039/d2ma00726f,Materials Advances
Recent Progress in Coating Methods for Large‐Area Perovskite Solar Module Fabrication,2023,10.1002/solr.202300860,https://openalex.org/W4389966753,26,True,https://onlinelibrary.wiley.com/doi/pdfdirect/10.1002/solr.202300860,https://doi.org/10.1002/solr.202300860,Solar RRL
Piezoelectricity in chalcogenide perovskites,2024,10.1038/s41467-024-50130-5,https://openalex.org/W4400439429,26,True,,https://doi.org/10.1038/s41467-024-50130-5,Nature Communications
Interface modification for organic and perovskite solar cells,2016,10.1007/s40843-016-5080-1,https://openalex.org/W2520438008,25,True,https://link.springer.com/content/pdf/10.1007%2Fs40843-016-5080-1.pdf,https://doi.org/10.1007/s40843-016-5080-1,Science China Materials
Governing the dispersion of quasi-2D perovskite phases toward efficient and stable perovskite solar cells,2024,10.1016/j.matt.2024.05.047,https://openalex.org/W4400040747,25,True,http://www.cell.com/article/S2590238524003175/pdf,https://doi.org/10.1016/j.matt.2024.05.047,Matter
Semitransparent organic and perovskite photovoltaics for agrivoltaic applications,2024,10.1039/d4ya00492b,https://openalex.org/W4404187972,25,True,https://pubs.rsc.org/en/content/articlepdf/2025/ya/d4ya00492b,https://doi.org/10.1039/d4ya00492b,Energy Advances
Functional Materials for Fabrication of Carbon-Based Perovskite Solar Cells: Ink Formulation and Its Effect on Solar Cell Performance,2023,10.3390/ma16113917,https://openalex.org/W4378072293,24,True,https://www.mdpi.com/1996-1944/16/11/3917/pdf?version=1684921117,https://doi.org/10.3390/ma16113917,Materials
Hybrid Two‐Step Inkjet‐Printed Perovskite Solar Cells,2024,10.1002/solr.202400165,https://openalex.org/W4394798681,23,True,https://onlinelibrary.wiley.com/doi/pdfdirect/10.1002/solr.202400165,https://doi.org/10.1002/solr.202400165,Solar RRL
How crystallization additives govern halide perovskite grain growth,2025,10.1038/s41467-025-65484-7,https://openalex.org/W4416087727,22,True,https://www.nature.com/articles/s41467-025-65484-7.pdf,https://doi.org/10.1038/s41467-025-65484-7,Nature Communications
Multifunctional anion-cation modulation engineering for Sn-Pb perovskite solar cells,2024,10.1016/j.nanoen.2024.109851,https://openalex.org/W4399366344,22,True,https://hal.science/hal-04763098/document,https://hal.science/hal-04763098,Nano Energy
Flash-evaporation printing methodology for perovskite thin films,2017,10.1038/am.2017.91,https://openalex.org/W2731195877,21,True,https://www.nature.com/articles/am201791.pdf,https://doi.org/10.1038/am.2017.91,NPG Asia Materials
Fully Printed HTL-Free MAPbI3 Perovskite Solar Cells with Carbon Electrodes,2023,10.3390/coatings13081338,https://openalex.org/W4385423349,21,True,https://www.mdpi.com/2079-6412/13/8/1338/pdf?version=1690625419,https://doi.org/10.3390/coatings13081338,Coatings
Facile Deposition of Mesoporous PbI2 through DMF:DMSO Solvent Engineering for Sequentially Deposited Metal Halide Perovskites,2020,10.1021/acsaem.9b02391,https://openalex.org/W3013019829,21,True,https://researchmgt.monash.edu/ws/files/343286160/317995666_oa.pdf,https://research.monash.edu/en/publications/671b6cf1-5b39-4e4a-9eb6-6ce172d4e5a9,ACS Applied Energy Materials
Photo‐Induced Bandgap Engineering of Metal Halide Perovskite Quantum Dots In Flow,2025,10.1002/adma.202419668,https://openalex.org/W4407421009,21,True,https://onlinelibrary.wiley.com/doi/pdfdirect/10.1002/adma.202419668,https://doi.org/10.1002/adma.202419668,Advanced Materials
Advancements in Inkjet Printing of Metal- and Covalent-Organic Frameworks: Process Design and Ink Optimization,2025,10.1021/acsami.4c15957,https://openalex.org/W4407580339,21,True,,https://doi.org/10.1021/acsami.4c15957,ACS Applied Materials & Interfaces
Investigation of the Effects of Various Organic Solvents on the PCBM Electron Transport Layer of Perovskite Solar Cells,2020,10.3390/coatings10030237,https://openalex.org/W3010210054,20,True,https://www.mdpi.com/2079-6412/10/3/237/pdf,https://doi.org/10.3390/coatings10030237,Coatings
Inkjet‐Printed Red‐Emitting Flexible LEDs Based on Sustainable Inks of Layered Tin Iodide Perovskite,2024,10.1002/adsu.202400060,https://openalex.org/W4394853961,20,True,https://onlinelibrary.wiley.com/doi/pdfdirect/10.1002/adsu.202400060,https://doi.org/10.1002/adsu.202400060,Advanced Sustainable Systems
Advancement of technology towards developing perovskite-based solar cells for renewable energy harvesting and energy transformation applications,2025,10.1038/s44296-025-00073-9,https://openalex.org/W4414032579,19,True,https://www.nature.com/articles/s44296-025-00073-9.pdf,https://doi.org/10.1038/s44296-025-00073-9,npj Materials Sustainability
Decoupling Nucleation and Growth of Crystal for DMSO‐Free Self‐Assembly Tin Perovskite Films and Their Optoelectronic Application,2025,10.1002/adfm.202420593,https://openalex.org/W4406271981,19,True,https://onlinelibrary.wiley.com/doi/pdfdirect/10.1002/adfm.202420593,https://doi.org/10.1002/adfm.202420593,Advanced Functional Materials
Toward Green Processing of Perovskite Solar Cells: Protic Ionic Liquids Enable Water‐ and Alcohol‐Based MAPbI 3 Precursors Inks for Slot‐Die Coating,2025,10.1002/aenm.202403626,https://openalex.org/W4406767061,19,True,https://onlinelibrary.wiley.com/doi/pdfdirect/10.1002/aenm.202403626,https://doi.org/10.1002/aenm.202403626,Advanced Energy Materials
Predicting a process window for the roll-to-roll deposition of solvent-engineered SnO 2 in perovskite solar cells,2022,10.1039/d2ma00841f,https://openalex.org/W4297091352,19,True,https://pubs.rsc.org/en/content/articlepdf/2022/ma/d2ma00841f,https://doi.org/10.1039/d2ma00841f,Materials Advances
"Outstanding nonlinear optical properties of all-inorganic perovskite CsPbX3 (X=Cl, Br, I) precursor solutions and polycrystalline films",2023,10.1016/j.isci.2023.108514,https://openalex.org/W4388923636,18,True,,https://doi.org/10.1016/j.isci.2023.108514,iScience
Interlayer Engineering for Flexible Large-Area Planar Perovskite Solar Cells,2019,10.1021/acsaem.9b01924,https://openalex.org/W2995572235,18,True,https://dr.ntu.edu.sg/bitstream/10356/142542/2/LIJIA_etal.pdf,https://hdl.handle.net/10356/142542,ACS Applied Energy Materials
The Path to Perovskite on Silicon PV,2018,10.32386/scivpro.000004,https://openalex.org/W2900654170,18,True,https://scivpro.com/articles/000004/10_32386_scivpro_000004.pdf,https://doi.org/10.32386/scivpro.000004,
Controlling Nuclei Growth and Phase Transition of CsFA‐Based Perovskite During Slot‐Die Coating via Solvent Engineering for High‐Performance Solar Cells and Modules,2025,10.1002/adfm.202418777,https://openalex.org/W4407382215,18,True,https://onlinelibrary.wiley.com/doi/pdfdirect/10.1002/adfm.202418777,https://doi.org/10.1002/adfm.202418777,Advanced Functional Materials
Development of High-Efficiency and High-Stability Perovskite Solar Cells with Space Environmental Resistance,2025,10.3390/en18133378,https://openalex.org/W4411709942,17,True,https://www.mdpi.com/1996-1073/18/13/3378/pdf?version=1751011688,https://doi.org/10.3390/en18133378,Energies
Stability Strategies and Applications of Iodide Perovskites,2024,10.1002/smll.202311880,https://openalex.org/W4391898714,17,True,https://onlinelibrary.wiley.com/doi/pdfdirect/10.1002/smll.202311880,https://doi.org/10.1002/smll.202311880,Small
Highly Efficient 3D‐Printed PVDF‐Based Triboelectric Nanogenerators Featuring Polymorphic Perovskite Nanofillers,2025,10.1002/adfm.202424271,https://openalex.org/W4409966556,17,True,https://onlinelibrary.wiley.com/doi/pdfdirect/10.1002/adfm.202424271,https://doi.org/10.1002/adfm.202424271,Advanced Functional Materials
Predicting Low Toxicity and Scalable Solvent Systems for High‐Speed Roll‐to‐Roll Perovskite Manufacturing,2021,10.1002/solr.202100567,https://openalex.org/W3138613296,17,True,https://onlinelibrary.wiley.com/doi/pdfdirect/10.1002/solr.202100567,https://doi.org/10.1002/solr.202100567,Solar RRL
Transfer-Printed Cuprous Iodide (CuI) Hole Transporting Layer for Low Temperature Processed Perovskite Solar Cells,2022,10.3390/nano12091467,https://openalex.org/W4224853196,16,True,https://www.mdpi.com/2079-4991/12/9/1467/pdf?version=1650958017,https://doi.org/10.3390/nano12091467,Nanomaterials
Rapid 2D Patterning of High‐Performance Perovskites Using Large Area Flexography,2023,10.1002/adfm.202306312,https://openalex.org/W4386330446,16,True,https://onlinelibrary.wiley.com/doi/pdfdirect/10.1002/adfm.202306312,https://doi.org/10.1002/adfm.202306312,Advanced Functional Materials
DMSO-Free Tin Halide Perovskites for Indoor Photovoltaics,2025,10.1021/acsenergylett.5c01581,https://openalex.org/W4412400503,16,True,https://pubs.acs.org/doi/pdf/10.1021/acsenergylett.5c01581?ref=article_openPDF,https://doi.org/10.1021/acsenergylett.5c01581,ACS Energy Letters
Advancements in Scaling Up Perovskite Solar Cells: From Small‐Area Devices to Large‐Scale Modules,2024,10.1002/cphc.202400587,https://openalex.org/W4400779201,16,True,https://onlinelibrary.wiley.com/doi/pdfdirect/10.1002/cphc.202400587,https://doi.org/10.1002/cphc.202400587,ChemPhysChem
A Stable Aqueous SnO2 Nanoparticle Dispersion for Roll-to-Roll Fabrication of Flexible Perovskite Solar Cells,2022,10.3390/coatings12121948,https://openalex.org/W4312125834,15,True,https://www.mdpi.com/2079-6412/12/12/1948/pdf?version=1670832253,https://doi.org/10.3390/coatings12121948,Coatings
Green solvent strategies for the sustainable development of perovskite solar cells,2024,10.1039/d4cc05454g,https://openalex.org/W4405513169,15,True,https://pubs.rsc.org/en/content/articlepdf/2025/cc/d4cc05454g,https://doi.org/10.1039/d4cc05454g,Chemical Communications
Blade-Coating of High Crystallinity Cesium-Formamidinium Perovskite Formulations,2024,10.1021/acsami.4c04706,https://openalex.org/W4400199785,15,True,,https://doi.org/10.1021/acsami.4c04706,ACS Applied Materials & Interfaces
Photosensitisation of inkjet printed graphene with stable all-inorganic perovskite nanocrystals,2022,10.1039/d2nr06429d,https://openalex.org/W4312155292,14,True,https://pubs.rsc.org/en/content/articlepdf/2023/nr/d2nr06429d,https://doi.org/10.1039/d2nr06429d,Nanoscale
Weakening Solvent‐Solute Interactions for High‐Efficiency Screen‐Printed Perovskite Solar Cells,2025,10.1002/anie.202501350,https://openalex.org/W4407371774,14,True,https://onlinelibrary.wiley.com/doi/pdfdirect/10.1002/anie.202501350,https://doi.org/10.1002/anie.202501350,Angewandte Chemie International Edition
SnO 2 ink engineering for printing efficient flexible perovskite solar modules,2025,10.1126/sciadv.adu1116,https://openalex.org/W4415525431,14,True,https://www.science.org/doi/pdf/10.1126/sciadv.adu1116?download=true,https://doi.org/10.1126/sciadv.adu1116,Science Advances
Solvent Engineering of Ionic Liquids for Stable and Efficient Perovskite Solar Cells,2022,10.1002/aesr.202200140,https://openalex.org/W4308562724,14,True,https://onlinelibrary.wiley.com/doi/pdfdirect/10.1002/aesr.202200140,https://doi.org/10.1002/aesr.202200140,Advanced Energy and Sustainability Research
Tailoring Precursor‐Solvent Coordination Controls the Crystallization Kinetics and Nuclei Growth for Phase Homogenization in Wide‐Bandgap Perovskite Solar Cells,2025,10.1002/advs.202507660,https://openalex.org/W4416228688,14,True,https://onlinelibrary.wiley.com/doi/pdfdirect/10.1002/advs.202507660,https://doi.org/10.1002/advs.202507660,Advanced Science
Printed High‐Entropy Prussian Blue Analogs for Advanced Non‐Volatile Memristive Devices,2024,10.1002/adma.202410060,https://openalex.org/W4404544314,13,True,,https://doi.org/10.1002/adma.202410060,Advanced Materials
Scalable Fabrication of Perovskite Solar Cells with Inkjet-Printed Perovskite Absorbers Processed under Ambient Conditions,2025,10.1021/acsami.4c20567,https://openalex.org/W4409919921,12,True,https://pubs.acs.org/doi/pdf/10.1021/acsami.4c20567?ref=article_openPDF,https://doi.org/10.1021/acsami.4c20567,ACS Applied Materials & Interfaces
Carboxylic Acid-Assisted Synthesis of Tin(II) Iodide: Key for Stable Large-Area Lead-Free Perovskite Solar Cells,2024,10.1021/acsenergylett.4c02027,https://openalex.org/W4401733510,11,True,https://pubs.acs.org/doi/pdf/10.1021/acsenergylett.4c02027,https://doi.org/10.1021/acsenergylett.4c02027,ACS Energy Letters
Patterning of Hybrid Metal Halide Perovskite via Printed Molecular Templates,2024,10.1002/admt.202302043,https://openalex.org/W4392703694,10,True,https://onlinelibrary.wiley.com/doi/pdfdirect/10.1002/admt.202302043,https://doi.org/10.1002/admt.202302043,Advanced Materials Technologies
Inkjet-Printed FASn1–xPbxI3-Based Perovskite Solar Cells,2024,10.1021/acsami.4c12477,https://openalex.org/W4404147725,10,True,https://pubs.acs.org/doi/pdf/10.1021/acsami.4c12477?ref=article_openPDF,https://doi.org/10.1021/acsami.4c12477,ACS Applied Materials & Interfaces
Formamidinium Perovskite Deposition in Ambient Air Environment for Inverted p-i-n Solar Cells,2024,10.3390/nano14010107,https://openalex.org/W4390507143,10,True,https://www.mdpi.com/2079-4991/14/1/107/pdf?version=1704176166,https://doi.org/10.3390/nano14010107,Nanomaterials
Laser printed metal halide perovskites,2020,10.1088/2515-7639/ab9aac,https://openalex.org/W3035430419,10,True,https://iopscience.iop.org/article/10.1088/2515-7639/ab9aac/pdf,https://doi.org/10.1088/2515-7639/ab9aac,Journal of Physics Materials
A synopsis of progressive transition in precursor inks development for metal halide perovskites-based photovoltaic technology,2021,10.1039/d1ta06556d,https://openalex.org/W3199216343,9,True,https://pubs.rsc.org/en/content/articlepdf/2021/ta/d1ta06556d,https://doi.org/10.1039/d1ta06556d,Journal of Materials Chemistry A
A High‐Throughput Approach to Identifying Environment‐Friendly Artificial Antisolvents for Efficient Perovskite Solar Cells,2025,10.1002/adma.202504602,https://openalex.org/W4409810745,9,True,https://onlinelibrary.wiley.com/doi/pdfdirect/10.1002/adma.202504602,https://doi.org/10.1002/adma.202504602,Advanced Materials
Recent Advances in Colloidal Quantum Dots‐Based Shortwave Infrared Photodetectors,2025,10.1002/adom.202502859,https://openalex.org/W7116973504,8,True,https://onlinelibrary.wiley.com/doi/pdfdirect/10.1002/adom.202502859,https://doi.org/10.1002/adom.202502859,Advanced Optical Materials
"Transformation, reaction and organization of functional nanostructures using solution-based microreactor-assisted nanomaterial deposition for solar photovoltaics",2022,10.1557/s43581-022-00035-x,https://openalex.org/W4286615867,8,True,https://link.springer.com/content/pdf/10.1557/s43581-022-00035-x.pdf,https://doi.org/10.1557/s43581-022-00035-x,MRS Energy & Sustainability
A “Guest‐Solvent” Additive Strategy for Ambient‐Printed Films with Enhanced Efficiency in FAPbI3 Perovskite Solar Cells and Modules†,2025,10.1002/cjoc.70114,https://openalex.org/W4411292203,8,True,https://onlinelibrary.wiley.com/doi/pdfdirect/10.1002/cjoc.70114,https://doi.org/10.1002/cjoc.70114,Chinese Journal of Chemistry
Cu 2 O/Cu Chiral Catalysts for Highly Selective Solar‐Assisted CO 2 ‐to‐CO Electroreduction,2025,10.1002/adfm.202508577,https://openalex.org/W4411570281,8,True,https://onlinelibrary.wiley.com/doi/pdfdirect/10.1002/adfm.202508577,https://doi.org/10.1002/adfm.202508577,Advanced Functional Materials
Expanding the solvent diversity and perovskite compatibility of SnO2 inks that are directly deposited on perovskite layers,2024,10.1016/j.isci.2024.110964,https://openalex.org/W4402703436,8,True,,https://doi.org/10.1016/j.isci.2024.110964,iScience
Tuning FAPbI 3 for scalable perovskite indoor photovoltaics,2025,10.1039/d4el00030g,https://openalex.org/W4409709034,7,True,https://pubs.rsc.org/en/content/articlepdf/2025/el/d4el00030g,https://doi.org/10.1039/d4el00030g,EES solar.
Beyond Solution‐Based Printing: Unveiling Innovations and Advancements in Solvent‐Free Printing Technologies,2025,10.1002/adfm.202423498,https://openalex.org/W4406766889,7,True,https://onlinelibrary.wiley.com/doi/pdfdirect/10.1002/adfm.202423498,https://doi.org/10.1002/adfm.202423498,Advanced Functional Materials
Fabrication of Perovskite Solar Cells: A Focused Review on Manual Deposition Methods,2024,10.1002/admt.202400831,https://openalex.org/W4405726500,7,True,https://onlinelibrary.wiley.com/doi/pdfdirect/10.1002/admt.202400831,https://doi.org/10.1002/admt.202400831,Advanced Materials Technologies
Review of Progress on Printing Techniques Towards Commercialization of Perovskite Solar Cells,2024,10.3390/en18010006,https://openalex.org/W4405759966,6,True,https://www.mdpi.com/1996-1073/18/1/6/pdf?version=1735031906,https://doi.org/10.3390/en18010006,Energies
"Stable and eco-friendly inorganic lead-free perovskite solar cells: structural, electronic, and defect engineering",2026,10.1038/s43246-026-01158-1,https://openalex.org/W7154466212,6,True,https://www.nature.com/articles/s43246-026-01158-1.pdf,https://doi.org/10.1038/s43246-026-01158-1,Communications Materials
Toward More Scalable Processes for Perovskite Solar Cells: A Comparison Between Planar and Mesoporous Architectures,2025,10.1002/nano.202400205,https://openalex.org/W4408307499,6,True,,https://doi.org/10.1002/nano.202400205,Nano Select
A Framework for Life Cycle Assessment (LCA) of Emerging Technologies at Low Technology Readiness Levels,2020,,https://openalex.org/W3031694703,6,True,https://tigerprints.clemson.edu/cgi/viewcontent.cgi?article=3646&context=all_dissertations,https://tigerprints.clemson.edu/all_dissertations/2641,TigerPrints (Clemson University)
Application of tiered human health and environmental risk assessment to develop safe and sustainable by design perovskite-based devices,2024,10.1016/j.jclepro.2024.142315,https://openalex.org/W4395468734,5,True,,https://doi.org/10.1016/j.jclepro.2024.142315,Journal of Cleaner Production
Inclusion of polysaccharides in perovskite thin films: from in-solution interaction to film formation and stability,2025,10.1039/d4na01036a,https://openalex.org/W4408331112,5,True,https://pubs.rsc.org/en/content/articlepdf/2025/na/d4na01036a,https://doi.org/10.1039/d4na01036a,Nanoscale Advances
"A COMPREHENSIVE SYSTEMATIC LITERATURE REVIEW ON PEROVSKITE SOLAR CELLS: ADVANCEMENTS, EFFICIENCY OPTIMIZATION, AND COMMERCIALIZATION POTENTIAL FOR NEXT-GENERATION PHOTOVOLTAICS",2022,10.63125/843z2648,https://openalex.org/W4409771551,5,True,https://researchinnovationjournal.com/index.php/AJSRI/article/download/36/24,https://doi.org/10.63125/843z2648,American Journal of Scholarly Research and Innovation
Advances in thin layer deposition techniques in perovskite solar cells,2025,10.1039/d5ra05921f,https://openalex.org/W4415431175,4,True,https://pubs.rsc.org/en/content/articlepdf/2025/ra/d5ra05921f,https://doi.org/10.1039/d5ra05921f,RSC Advances
Progress and Prospects of Biomolecular Materials in Solar Photovoltaic Applications,2025,10.3390/molecules30153236,https://openalex.org/W4412902618,4,True,https://www.mdpi.com/1420-3049/30/15/3236/pdf?version=1754049017,https://doi.org/10.3390/molecules30153236,Molecules
Regionally controlled ion-doping of organic electrochemical transistors for computing-memory co-integrated neuromorphic systems,2025,10.1038/s41528-025-00511-7,https://openalex.org/W4417420438,3,True,https://www.nature.com/articles/s41528-025-00511-7_reference.pdf,https://doi.org/10.1038/s41528-025-00511-7,npj Flexible Electronics
Progress in perovskite indoor photovoltaics,2026,10.1039/d5el00210a,https://openalex.org/W7154974497,3,True,https://pubs.rsc.org/en/content/articlepdf/2026/el/d5el00210a,https://doi.org/10.1039/d5el00210a,EES solar.
Morphology-driven oxygen evolution performance of NiO x nanostructures and implications for hole transport in perovskite solar cells,2026,10.1039/d6ra00607h,https://openalex.org/W7130368606,3,True,https://pubs.rsc.org/en/content/articlepdf/2026/ra/d6ra00607h,https://doi.org/10.1039/d6ra00607h,RSC Advances
Inkjet printed organic light-emitting diodes employing organometal-halide perovskite as hole transport layer,2021,10.1088/1361-6463/ac3b0f,https://openalex.org/W3216931675,3,True,https://iopscience.iop.org/article/10.1088/1361-6463/ac3b0f/pdf,https://doi.org/10.1088/1361-6463/ac3b0f,Journal of Physics D Applied Physics
Hybrid Perovskite Thin Film Formation: From Lab Scale Spin Coating to Large Area Blade Coating,2017,10.25781/kaust-0j4d8,https://openalex.org/W2789198884,3,True,http://hdl.handle.net/10754/627190,http://hdl.handle.net/10754/627190,King Abdullah University of Science and Technology Repository (King Abdullah University of Science and Technology)
Modified Chemical Bath Deposition of Tin Oxide for All‐Scalable Perovskite Solar Modules,2025,10.1002/adom.202501353,https://openalex.org/W4413087838,3,True,https://onlinelibrary.wiley.com/doi/pdfdirect/10.1002/adom.202501353,https://doi.org/10.1002/adom.202501353,Advanced Optical Materials
Pow(d)ering up: FAPI perovskite nanopowders for air-processed blade coated perovskite solar modules,2025,10.1039/d5el00032g,https://openalex.org/W4412021103,2,True,https://pubs.rsc.org/en/content/articlepdf/2025/el/d5el00032g,https://doi.org/10.1039/d5el00032g,EES solar.
PEROVSKITE SOLAR CELLS AND THEIR TYPES,2025,10.71146/kjmr202,https://openalex.org/W4406437252,2,True,https://kjmr.com.pk/kjmr/article/download/202/214,https://doi.org/10.71146/kjmr202,Kashf Journal of Multidisciplinary Research
Hybrid Lead Halide Perovskite and Bismuth-Based Perovskite-Inspired Photovoltaics: An In Situ Investigation,2019,10.25781/kaust-n47hv,https://openalex.org/W2989890618,2,True,http://hdl.handle.net/10754/659517,http://hdl.handle.net/10754/659517,King Abdullah University of Science and Technology Repository (King Abdullah University of Science and Technology)
Rapid annealing of Perovskite solar cell thin film materials through intense pulse light.,2021,10.18297/etd/3688,https://openalex.org/W4300980863,2,True,https://ir.library.louisville.edu/cgi/viewcontent.cgi?article=4941&context=etd,https://doi.org/10.18297/etd/3688,
Chemical Process Design and Simulation of the Production of Gamma‐Valerolactone: A Green Solvent for Halide Perovskites,2023,10.1002/ente.202301172,https://openalex.org/W4389723152,2,True,https://onlinelibrary.wiley.com/doi/pdfdirect/10.1002/ente.202301172,https://doi.org/10.1002/ente.202301172,Energy Technology
Water-enhanced mixed-alkylammonium chloride perovskite inks for humidity-tolerant fabrication of solar modules,2025,10.1139/cjc-2025-0140,https://openalex.org/W4413693775,2,True,https://cdnsciencepub.com/doi/pdf/10.1139/cjc-2025-0140,https://doi.org/10.1139/cjc-2025-0140,Canadian Journal of Chemistry
Perovskite Semiconductor Nanocrystals for Multi-Junction Solar Cells.,2023,,https://openalex.org/W4394737883,1,True,https://theses.hal.science/tel-04421032v1/document,https://theses.hal.science/tel-04421032,HAL (Le Centre pour la Communication Scientifique Directe)
Combining cellulose substrates and perovskites in sustainable solar cells is possible: a systematic literature review offering realistic solutions,2026,10.1039/d5gc05281e,https://openalex.org/W7128589193,1,True,,https://doi.org/10.1039/d5gc05281e,Green Chemistry
AI-driven green processing and life cycle assessment for sustainable perovskite solar cells,2026,10.1038/s41467-026-73255-1,https://openalex.org/W7161818180,1,True,https://www.nature.com/articles/s41467-026-73255-1.pdf,https://doi.org/10.1038/s41467-026-73255-1,Nature Communications
Improving the ecological index in the solution processing of hybrid perovskites,2025,10.1039/d5ta01277e,https://openalex.org/W4413097024,1,True,https://pubs.rsc.org/en/content/articlepdf/2025/ta/d5ta01277e,https://doi.org/10.1039/d5ta01277e,Journal of Materials Chemistry A
Eco‐Friendly Solvent System for Inkjet Deposition of Wide Bandgap Perovskite Solar Cells Enabling Tandem Integration,2026,10.5445/ir/1000195206,https://openalex.org/W7168122192,0,True,https://publikationen.bibliothek.kit.edu/1000195206/185004278,https://publikationen.bibliothek.kit.edu/1000195206,Repository KITopen (Karlsruhe Institute of Technology)
Optimization of Deposition and Properties of Printed Complex-Composition Perovskite Films for Flexible Solar Cells,2026,10.18321/ectj1692,https://openalex.org/W7169671005,0,True,,https://doi.org/10.18321/ectj1692,Eurasian Chemico-Technological Journal
Quenching-Controlled Crystal Orientation in Inkjet-Printed Wide-Bandgap Perovskites,2026,10.1021/acsenergylett.6c01417,https://openalex.org/W7167018948,0,True,https://pubs.acs.org/doi/pdf/10.1021/acsenergylett.6c01417?ref=article_openPDF,https://doi.org/10.1021/acsenergylett.6c01417,ACS Energy Letters
Synthesis and characterization of solution-processed emerging hybrid perovskites and AgBiS2,2020,,https://openalex.org/W3196704719,0,True,https://nbn-resolving.org/urn:nbn:de:bvb:29-opus4-130531,https://opus4.kobv.de/opus4-fau/frontdoor/index/index/docId/13053,OPUS Repository (Kooperativer Bibliotheksverbund Berlin-Brandenburg)
Addressing Challenges in Perovskite Thin Films for Triple Junction Tandem Development,2025,,https://openalex.org/W7161917418,0,True,http://scholar.colorado.edu/downloads/cv43nz506,https://scholar.colorado.edu/concern/graduate_thesis_or_dissertations/x059c931f,CU Scholar (University of Colorado Boulder)
Green Solvents for All Functional Layers Enable Scalable Ambient-air Fabrication of Perovskite Solar Modules,2026,10.21203/rs.3.rs-8372676/v1,https://openalex.org/W7125428576,0,True,https://www.researchsquare.com/article/rs-8372676/latest.pdf,https://doi.org/10.21203/rs.3.rs-8372676/v1,Research Square
Four Birds with One Stone: Enhancing Integrated Current Density beyond 25.5 mA cm –2 in Perovskite Solar Cells through Advanced Fabrication Strategies,2025,10.1021/acsaem.5c02387,https://openalex.org/W4415259810,0,True,https://pubs.acs.org/doi/pdf/10.1021/acsaem.5c02387?ref=article_openPDF,https://doi.org/10.1021/acsaem.5c02387,ACS Applied Energy Materials
Vapor-assisted pre-solvation for stable and solution-processable quantum dot conductive ink,2026,10.26599/nr.2026.94908957,https://openalex.org/W7166583262,0,True,https://www.sciopen.com/local/article_pdf/10.26599/NR.2026.94908957.pdf,https://doi.org/10.26599/nr.2026.94908957,Nano Research
Eco‐Friendly Solvent System for Inkjet Deposition of Wide Bandgap Perovskite Solar Cells Enabling Tandem Integration,2026,10.1002/advs.76463,https://openalex.org/W7167828069,0,True,,https://doi.org/10.1002/advs.76463,Advanced Science
How Crystallization Additives Govern Perovskite Grain Growth.,2025,10.21203/rs.3.rs-5599622/v1,https://openalex.org/W4406254756,0,True,https://www.researchsquare.com/article/rs-5599622/latest.pdf,https://doi.org/10.21203/rs.3.rs-5599622/v1,Research Square
The case of the vanishing perovskite layer,2025,10.1016/j.xcrp.2025.102890,https://openalex.org/W4414976297,0,True,,https://doi.org/10.1016/j.xcrp.2025.102890,Cell Reports Physical Science
Modeling of Current–Voltage Characteristics of Thin-film Solar Cells Incorporating Bulk and Surface Recombination: application to perovskite solar cells,2023,,https://openalex.org/W7113071260,0,True,https://spectrum.library.concordia.ca/id/eprint/993156/1/SHUVORAJ_MA_S2024.pdf,https://spectrum.library.concordia.ca/id/eprint/993156/1/SHUVORAJ_MA_S2024.pdf,Spectrum Research Repository (Concordia University)
Chloride modification of vacuum-assisted blade-coated perovskite solar cells and mini-modules in ambient environment,2026,10.1039/d6ta01022a,https://openalex.org/W7160246899,0,True,https://pubs.rsc.org/en/content/articlepdf/2026/ta/d6ta01022a,https://doi.org/10.1039/d6ta01022a,Journal of Materials Chemistry A
Environmental Chamber to Regulate Film Morphology for Solar Energy Materials Printing Using Additive Manufacturing and Investigating the Role of Additives in Perovskites,2018,,https://openalex.org/W2916039556,0,True,http://hdl.handle.net/1773/43101,http://hdl.handle.net/1773/43101,ResearchWorks at the University of Washington (University of Washington)
Improved Charge Transport and Device Performance in p‐i‐n Carbon Electrode Perovskite Solar Cells Using SiC‐APTES Additive,2026,10.1002/smll.74393,https://openalex.org/W7167489550,0,True,,https://doi.org/10.1002/smll.74393,Small
"Inkjet Printing to Scale Perovskite and Silicon Tandem Solar Cell: Cooperative Research and Development Final Report, CRADA Number CRD-17-00690",2026,10.2172/1686143,https://openalex.org/W7133203559,0,True,https://www.osti.gov/servlets/purl/1686143,https://doi.org/10.2172/1686143,
Quantitative Deposition Enables Dual Passivation Synergy for Efficient Inverted Perovskite Solar Cells,2026,10.1002/smll.73886,https://openalex.org/W7161800320,0,True,https://pmc.ncbi.nlm.nih.gov/articles/PMC13360518/pdf/SMLL-22-e73886.pdf,https://pmc.ncbi.nlm.nih.gov/articles/PMC13360518/,Small
Research progress of gravure printing solar cells,2026,10.1088/2058-8585/ae670e,https://openalex.org/W7160189758,0,True,https://iopscience.iop.org/article/10.1088/2058-8585/ae670e/pdf,https://doi.org/10.1088/2058-8585/ae670e,Flexible and Printed Electronics
New Materials and Processing Routes for Photovoltaics,2018,,https://openalex.org/W2947972723,0,True,http://etheses.whiterose.ac.uk/23570/1/Benjamin_Freestone_Thesis_V4_corrected.pdf,http://etheses.whiterose.ac.uk/23570/1/Benjamin_Freestone_Thesis_V4_corrected.pdf,"White Rose eTheses Online (University of Leeds, The University of Sheffield, University of York)"
Novel processing approaches for thin film solar and related technologies.,2017,10.18297/etd/2792,https://openalex.org/W2762471880,0,True,https://ir.library.louisville.edu/cgi/viewcontent.cgi?article=3868&context=etd,https://doi.org/10.18297/etd/2792,
ペロブスカイト太陽電池のLCAとエネルギー回収時間の比較分析,2025,,https://openalex.org/W7145470709,0,True,https://repository.dl.itc.u-tokyo.ac.jp/record/2014137/files/K-09943.pdf,https://repository.dl.itc.u-tokyo.ac.jp/records/2014137,Institutional Repositories DataBase (IRDB)
Drivers and Challenges of Solar Photovoltaics Adoption by Turkish Manufacturers.,2024,,https://openalex.org/W7117341328,0,True,https://odtugunam.org/wp-content/uploads/PVCon2024_Abstract-Book_v2-1.pdf,https://hdl.handle.net/11511/117837,OpenMETU (Middle East Technical University)
Novel Thin Film Solar Cells: Film Formation/Properties and Device Physics,2015,,https://openalex.org/W2300262894,0,True,https://escholarship.org/uc/item/0rr3z48k,https://escholarship.org/uc/item/0rr3z48k,eScholarship (California Digital Library)
Flexible Film Solar Cells,2023,10.1002/9783527838240.ch3,https://openalex.org/W4389832465,0,True,https://onlinelibrary.wiley.com/doi/pdfdirect/10.1002/9783527838240.ch3,https://doi.org/10.1002/9783527838240.ch3,
CuX‐Stabilized NiO x Interface Toward Efficient Flexible Perovskite Solar Cells,2026,10.1002/pip.70070,https://openalex.org/W7124264394,0,True,https://onlinelibrary.wiley.com/doi/pdfdirect/10.1002/pip.70070,https://doi.org/10.1002/pip.70070,Progress in Photovoltaics Research and Applications
Functional Carbazole–Cellulose Composite Binders for High-Stability Carbon Electrodes in Perovskite Solar Cells,2025,10.3390/nano15241868,https://openalex.org/W7114896868,0,True,https://www.mdpi.com/2079-4991/15/24/1868/pdf?version=1765531299,https://doi.org/10.3390/nano15241868,Nanomaterials
Observation of crystal formation of halide perovskite thin film by wide angle X-ray scattering,2018,,https://openalex.org/W2885109488,0,True,http://etheses.whiterose.ac.uk/21245/1/Thesis%20after%20corrections.pdf,http://etheses.whiterose.ac.uk/21245/1/Thesis%20after%20corrections.pdf,"White Rose eTheses Online (University of Leeds, The University of Sheffield, University of York)"
An In‐Line Machine Vision–Based Profilometry Tool for Non‐Destructive Thickness Assessment of Perovskite Films,2026,,https://openalex.org/W7166408355,0,True,https://cronfa.swan.ac.uk/Record/cronfa72153/Download/72153__37034__6ad0e85b00ff49548b13c2089ef0c0ae.pdf,https://cronfa.swan.ac.uk/Record/cronfa72153,Cronfa (Swansea University)
Advances in Air-Stable Perovskite Precursor Inks for Photovoltaics,2026,10.26434/chemrxiv.15000819/v1,https://openalex.org/W7134978095,0,True,https://chemrxiv.org/doi/pdf/10.26434/chemrxiv.15000819/v1,https://doi.org/10.26434/chemrxiv.15000819/v1,ChemRxiv
Acetonitrile based single step slot-die compatible perovskite ink for flexible photovoltaics,2019,,https://openalex.org/W3161769245,0,True,https://dspace.mit.edu/bitstream/1721.1/129830/2/c9ra06631d.pdf,https://hdl.handle.net/1721.1/129830,DSpace@MIT (Massachusetts Institute of Technology)
Direct ink writing for electroresponsive human machine interfaces,2021,10.32657/10356/154172,https://openalex.org/W4206333577,0,True,https://dr.ntu.edu.sg/bitstream/10356/154172/2/DIW%20for%20Electroresponsive%20HMIs%20-%20Pethe%20S.D.%20M.Eng.%20Thesis.pdf,https://doi.org/10.32657/10356/154172,
Printable Electrochemical Biosensors for the Detection of Neurotransmitter and Other Biological Molecule,2020,10.25394/pgs.12743957.v1,https://openalex.org/W3046864841,0,True,https://figshare.com/articles/thesis/Printable_Electrochemical_Biosensors_for_the_Detection_of_Neurotransmitter_and_Other_Biological_Molecule/12743957,https://figshare.com/articles/thesis/Printable_Electrochemical_Biosensors_for_the_Detection_of_Neurotransmitter_and_Other_Biological_Molecule/12743957,Figshare
"New fullerene derivative as an n-type material for highly efficient, flexible perovskite solar cells of a p-i-n configuration",2020,10.5281/zenodo.3935556,https://openalex.org/W4287725807,0,True,,https://zenodo.org/record/3935556,Zenodo (CERN European Organization for Nuclear Research)
Reactive Blade Coating for Low-Cost Fabrication of Self-Assembled Metal Nanoparticles for Bio-Applications: Disinfecting SARS-CoV-2 to Limit the Spread of COVID-19 Illness,2021,10.20381/ruor-26282,https://openalex.org/W3209084628,0,True,https://ruor.uottawa.ca/bitstreams/bb728c70-a46b-4d56-b74e-a6e073b7ce75/download,http://hdl.handle.net/10393/42060,uO Research (University of Ottawa)
Chloride Additive Optimization in Ultrasonic Spray Coating Process for High‐Performance Perovskite Solar Cell Realization,2025,10.1002/pip.70050,https://openalex.org/W7110996763,0,True,https://onlinelibrary.wiley.com/doi/pdfdirect/10.1002/pip.70050,https://doi.org/10.1002/pip.70050,Progress in Photovoltaics Research and Applications
Triple Cation perovskites: Exploring the optimal process parameters of slot-die coated n-i-p perovskite solar cells,2022,10.21203/rs.3.rs-1722290/v1,https://openalex.org/W4281998046,0,True,https://www.researchsquare.com/article/rs-1722290/latest.pdf,https://doi.org/10.21203/rs.3.rs-1722290/v1,Research Square
Exploring various electrocatalysts and synthesis techniques in the context of the hydrogen evolution reaction,2023,10.31274/td-20240617-333,https://openalex.org/W4399729791,0,True,https://dr.lib.iastate.edu/bitstreams/381522f5-f024-4d19-b4cf-01ddcb22c31e/download,https://doi.org/10.31274/td-20240617-333,
The Study of Chemically Cross-Linked Ion Gels for Electronic Devices,2020,10.25534/tuprints-00014637,https://openalex.org/W3155436324,0,True,https://tuprints.ulb.tu-darmstadt.de/14637/1/Ph.D.%20Thesis_Jaehoon%20Jeong.pdf,https://tuprints.ulb.tu-darmstadt.de/14637/1/Ph.D.%20Thesis_Jaehoon%20Jeong.pdf,TUbilio (Technical University of Darmstadt)
Development and Optimisation of Efficient Spray-Coated Perovskite Solar Cells,2019,,https://openalex.org/W2995575791,0,True,http://etheses.whiterose.ac.uk/25186/1/JEB_Thesis_Corrections_21102019.pdf,http://etheses.whiterose.ac.uk/25186/1/JEB_Thesis_Corrections_21102019.pdf,"White Rose eTheses Online (University of Leeds, The University of Sheffield, University of York)"
"Synthesis, characterization, and use of accessible π-conjugated structures for organic electronics",2023,10.70675/20e212a3z1f94z4b3az9473ze8b606c1c45c,https://openalex.org/W4392534351,0,True,https://theses.hal.science/tel-04473006v1/document,https://theses.hal.science/tel-04473006,
"Synthèse, caractérisation, et utilisation de systèmes π-conjugués accessibles pour l’electronique organique",2023,,https://openalex.org/W7034131734,0,True,https://theses.hal.science/tel-04473006/document,http://www.theses.fr/2023ANGE0048/document,theses.fr (ABES)
Refractory Ceramics for the Aluminium Foundries: Novel Perspectives for Greater Process and Product Sustainability,2024,,https://openalex.org/W7139538653,0,True,https://air.unimi.it/bitstream/2434/1226975/2/SCI2024_Stefano%20Pezzoli.pdf,https://hdl.handle.net/2434/1226975,Archivio Istituzionale della Ricerca (Universita Degli Studi Di Milano)
Advances in the upscaling of high‐quality perovskite absorbers for solar cells,2025,10.1002/ifm2.70002,https://openalex.org/W4416977961,0,True,https://onlinelibrary.wiley.com/doi/pdfdirect/10.1002/ifm2.70002,https://doi.org/10.1002/ifm2.70002,Information & Functional Materials
28‐5: Late‐News Paper: Investigation on Enhanced Performance of All†solution Inverted Quantum Dot Light Emitting Diode via Changing a Solvent,2024,10.1002/sdtp.17532,https://openalex.org/W4401124284,0,True,https://onlinelibrary.wiley.com/doi/pdfdirect/10.1002/sdtp.17532,https://doi.org/10.1002/sdtp.17532,SID Symposium Digest of Technical Papers
