title,year,doi,openalex_id,cited_by,is_oa,pdf_url,landing_url,venue,doi_key,title_norm,citation_score,recency_score,kw_score_raw,kw_score,gold_probability,cluster3_probability,ml_match_gold,ml_match_cluster,ml_score_gold,ml_score_cluster3,ml_score_total,final_score
Monolithic all-perovskite tandem solar cells with 24.8% efficiency exploiting comproportionation to suppress Sn(ii) oxidation in precursor ink,2019,10.1038/s41560-019-0466-3,https://openalex.org/W2973335593,1069,True,https://utoronto.scholaris.ca/bitstreams/1657147f-a8ba-4220-8150-73ca5b33a2a5/download,http://hdl.handle.net/1807/97401,Nature Energy,10.1038s41560-019-0466-3,monolithic all perovskite tandem solar cells with 24 8 efficiency exploiting comproportionation to suppress sn ii oxidation in precursor ink,34.87706963727976,0.4,4.0,8.0,0.0,0.0,,,0.0,0.0,0.0,43.27706963727976
Universal passivation strategy to slot-die printed SnO2 for hysteresis-free efficient flexible perovskite solar module,2018,10.1038/s41467-018-07099-9,https://openalex.org/W2898941509,820,True,https://www.nature.com/articles/s41467-018-07099-9.pdf,https://doi.org/10.1038/s41467-018-07099-9,Nature Communications,10.1038s41467-018-07099-9,universal passivation strategy to slot die printed sno2 for hysteresis free efficient flexible perovskite solar module,33.552615547262135,0.3,4.0,8.0,0.0,0.0,,,0.0,0.0,0.0,41.85261554726213
Inkjet‐Printed Micrometer‐Thick Perovskite Solar Cells with Large Columnar Grains,2019,10.1002/aenm.201903184,https://openalex.org/W2995089958,227,True,https://onlinelibrary.wiley.com/doi/pdfdirect/10.1002/aenm.201903184,https://doi.org/10.1002/aenm.201903184,Advanced Energy Materials,10.1002aenm.201903184,inkjet printed micrometer thick perovskite solar cells with large columnar grains,27.146728144772204,0.4,6.5,13.0,0.0,0.0,,,0.0,0.0,0.0,40.5467281447722
Development of Greener and Stable Inkjet‐Printable Perovskite Precursor Inks for All‐Printed Annealing‐Free Perovskite Solar Mini‐Modules Manufacturing,2023,10.1002/smtd.202300664,https://openalex.org/W4382502101,41,True,https://onlinelibrary.wiley.com/doi/pdfdirect/10.1002/smtd.202300664,https://doi.org/10.1002/smtd.202300664,Small Methods,10.1002smtd.202300664,development of greener and stable inkjet printable perovskite precursor inks for all printed annealing free perovskite solar mini modules manufacturing,18.68834809141684,0.8,10.5,21.0,0.0,0.0,,,0.0,0.0,0.0,40.48834809141684
Slot-die coating large-area formamidinium-cesium perovskite film for efficient and stable parallel solar module,2021,10.1126/sciadv.abg3749,https://openalex.org/W3159483471,322,True,,https://doi.org/10.1126/sciadv.abg3749,Science Advances,10.1126sciadv.abg3749,slot die coating large area formamidinium cesium perovskite film for efficient and stable parallel solar module,28.888261616113283,0.6,5.0,10.0,0.0,0.0,,,0.0,0.0,0.0,39.488261616113284
20.8% Slot‐Die Coated MAPbI3 Perovskite Solar Cells by Optimal DMSO‐Content and Age of 2‐ME Based Precursor Inks,2021,10.1002/aenm.202003460,https://openalex.org/W3113214473,204,True,https://onlinelibrary.wiley.com/doi/pdfdirect/10.1002/aenm.202003460,https://doi.org/10.1002/aenm.202003460,Advanced Energy Materials,10.1002aenm.202003460,20 8 slot die coated mapbi3 perovskite solar cells by optimal dmso content and age of 2 me based precursor inks,26.615049895692042,0.6,6.0,12.0,0.0,0.0,,,0.0,0.0,0.0,39.21504989569205
"Genesis, challenges and opportunities for colloidal lead halide perovskite nanocrystals",2018,10.1038/s41563-018-0018-4,https://openalex.org/W2794107391,2263,True,https://www.dora.lib4ri.ch/empa/dload/empa:16545/PDF2/view,https://www.dora.lib4ri.ch/empa/islandora/object/empa%3A16545,Nature Materials,10.1038s41563-018-0018-4,genesis challenges and opportunities for colloidal lead halide perovskite nanocrystals,38.62444219661537,0.3,0.0,0.0,0.0,0.0,,,0.0,0.0,0.0,38.92444219661537
Solution-processed semiconductors for next-generation photodetectors,2017,10.1038/natrevmats.2016.100,https://openalex.org/W2580498825,1531,True,https://utoronto.scholaris.ca/bitstreams/544533a9-d2ba-47fd-bcad-e7a7554dac98/download,http://hdl.handle.net/1807/75852,Nature Reviews Materials,10.1038natrevmats.2016.100,solution processed semiconductors for next generation photodetectors,36.671646751502685,0.2,1.0,2.0,0.0,0.0,,,0.0,0.0,0.0,38.87164675150269
Stable Colloidal Quantum Dot Inks Enable Inkjet-Printed High-Sensitivity Infrared Photodetectors,2019,10.1021/acsnano.9b06125,https://openalex.org/W2975774155,160,True,https://utoronto.scholaris.ca/bitstreams/6a8e480f-2bf2-40ae-8fad-53a9d43afd9e/download,http://hdl.handle.net/1807/96973,ACS Nano,10.1021acsnano.9b06125,stable colloidal quantum dot inks enable inkjet printed high sensitivity infrared photodetectors,25.407021824922317,0.4,6.5,13.0,0.0,0.0,,,0.0,0.0,0.0,38.807021824922316
One-Year stable perovskite solar cells by 2D/3D interface engineering,2017,10.1038/ncomms15684,https://openalex.org/W2621222172,2056,True,https://www.nature.com/articles/ncomms15684.pdf,https://doi.org/10.1038/ncomms15684,Nature Communications,10.1038ncomms15684,one year stable perovskite solar cells by 2d 3d interface engineering,38.14501944826479,0.2,0.0,0.0,0.0,0.0,,,0.0,0.0,0.0,38.34501944826479
Perovskite ink with wide processing window for scalable high-efficiency solar cells,2017,10.1038/nenergy.2017.38,https://openalex.org/W2603394065,615,True,https://www.osti.gov/servlets/purl/1349021,https://www.osti.gov/biblio/1349021,Nature Energy,10.1038nenergy.2017.38,perovskite ink with wide processing window for scalable high efficiency solar cells,32.116234817667596,0.2,3.0,6.0,0.0,0.0,,,0.0,0.0,0.0,38.3162348176676
High-quality bulk hybrid perovskite single crystals within minutes by inverse temperature crystallization,2015,10.1038/ncomms8586,https://openalex.org/W773815729,1910,True,https://www.nature.com/articles/ncomms8586.pdf,https://doi.org/10.1038/ncomms8586,Nature Communications,10.1038ncomms8586,high quality bulk hybrid perovskite single crystals within minutes by inverse temperature crystallization,37.77690972120136,0.0,0.0,0.0,0.0,0.0,,,0.0,0.0,0.0,37.77690972120136
Methylammonium Chloride Induces Intermediate Phase Stabilization for Efficient Perovskite Solar Cells,2019,10.1016/j.joule.2019.06.014,https://openalex.org/W2952213661,1743,True,http://www.cell.com/article/S2542435119303058/pdf,https://doi.org/10.1016/j.joule.2019.06.014,Joule,10.1016j.joule.2019.06.014,methylammonium chloride induces intermediate phase stabilization for efficient perovskite solar cells,37.31968302234463,0.4,0.0,0.0,0.0,0.0,,,0.0,0.0,0.0,37.719683022344626
Scalable fabrication of perovskite solar cells,2018,10.1038/natrevmats.2018.17,https://openalex.org/W2790131079,1150,True,https://www.osti.gov/servlets/purl/1430821,https://www.osti.gov/biblio/1430821,Nature Reviews Materials,10.1038natrevmats.2018.17,scalable fabrication of perovskite solar cells,35.24193204360942,0.3,1.0,2.0,0.0,0.0,,,0.0,0.0,0.0,37.541932043609414
Perovskite Solar Cells with All‐Inkjet‐Printed Absorber and Charge Transport Layers,2020,10.1002/admt.202000271,https://openalex.org/W3040038687,119,True,https://onlinelibrary.wiley.com/doi/pdfdirect/10.1002/admt.202000271,https://doi.org/10.1002/admt.202000271,Advanced Materials Technologies,10.1002admt.202000271,perovskite solar cells with all inkjet printed absorber and charge transport layers,23.937458713910228,0.5,6.5,13.0,0.0,0.0,,,0.0,0.0,0.0,37.43745871391023
Detection of X-ray photons by solution-processed lead halide perovskites,2015,10.1038/nphoton.2015.82,https://openalex.org/W1517556801,1177,True,https://www.dora.lib4ri.ch/empa/dload/empa:11995/PDF2/view,https://www.dora.lib4ri.ch/empa/islandora/object/empa%3A11995,Nature Photonics,10.1038nphoton.2015.82,detection of x ray photons by solution processed lead halide perovskites,35.35786682105766,0.0,1.0,2.0,0.0,0.0,,,0.0,0.0,0.0,37.35786682105766
Advances in Inkjet‐Printed Metal Halide Perovskite Photovoltaic and Optoelectronic Devices,2019,10.1002/ente.201900991,https://openalex.org/W2982978902,117,True,https://onlinelibrary.wiley.com/doi/pdfdirect/10.1002/ente.201900991,https://doi.org/10.1002/ente.201900991,Energy Technology,10.1002ente.201900991,advances in inkjet printed metal halide perovskite photovoltaic and optoelectronic devices,23.853423122328326,0.4,6.5,13.0,0.0,0.0,,,0.0,0.0,0.0,37.25342312232833
Solvent Annealing of Perovskite‐Induced Crystal Growth for Photovoltaic‐Device Efficiency Enhancement,2014,10.1002/adma.201401685,https://openalex.org/W1986717625,1703,True,https://www.osti.gov/servlets/purl/1237997,https://www.osti.gov/biblio/1237997,Advanced Materials,10.1002adma.201401685,solvent annealing of perovskite induced crystal growth for photovoltaic device efficiency enhancement,37.2036685369463,0.0,0.0,0.0,0.0,0.0,,,0.0,0.0,0.0,37.2036685369463
Van der Waals integration before and beyond two-dimensional materials,2019,10.1038/s41586-019-1013-x,https://openalex.org/W2925217409,1534,True,https://www.nature.com/articles/s41586-019-1013-x.pdf,https://doi.org/10.1038/s41586-019-1013-x,Nature,10.1038s41586-019-1013-x,van der waals integration before and beyond two dimensional materials,36.68142830010649,0.4,0.0,0.0,0.0,0.0,,,0.0,0.0,0.0,37.08142830010649
Improved charge extraction in inverted perovskite solar cells with dual-site-binding ligands,2024,10.1126/science.adm9474,https://openalex.org/W4394728226,1362,True,https://utoronto.scholaris.ca/bitstreams/4aaf4125-1290-4e5c-bf07-9b53ed6c035f/download,http://hdl.handle.net/1807/139363,Science,10.1126science.adm9474,improved charge extraction in inverted perovskite solar cells with dual site binding ligands,36.087217158482666,0.9,0.0,0.0,0.0,0.0,,,0.0,0.0,0.0,36.987217158482665
Perovskite Materials for Light‐Emitting Diodes and Lasers,2016,10.1002/adma.201600669,https://openalex.org/W2396261957,1468,True,https://onlinelibrary.wiley.com/doi/pdfdirect/10.1002/adma.201600669,https://doi.org/10.1002/adma.201600669,Advanced Materials,10.1002adma.201600669,perovskite materials for light emitting diodes and lasers,36.46168588086938,0.1,0.0,0.0,0.0,0.0,,,0.0,0.0,0.0,36.56168588086938
High efficiency planar-type perovskite solar cells with negligible hysteresis using EDTA-complexed SnO2,2018,10.1038/s41467-018-05760-x,https://openalex.org/W2885088646,1400,True,https://www.nature.com/articles/s41467-018-05760-x.pdf,https://doi.org/10.1038/s41467-018-05760-x,Nature Communications,10.1038s41467-018-05760-x,high efficiency planar type perovskite solar cells with negligible hysteresis using edta complexed sno2,36.22470773168503,0.3,0.0,0.0,0.0,0.0,,,0.0,0.0,0.0,36.52470773168503
Perovskite-polymer composite cross-linker approach for highly-stable and efficient perovskite solar cells,2019,10.1038/s41467-019-08455-z,https://openalex.org/W2914692117,581,True,https://www.nature.com/articles/s41467-019-08455-z.pdf,https://doi.org/10.1038/s41467-019-08455-z,Nature Communications,10.1038s41467-019-08455-z,perovskite polymer composite cross linker approach for highly stable and efficient perovskite solar cells,31.83235223865719,0.4,2.0,4.0,0.0,0.0,,,0.0,0.0,0.0,36.23235223865719
Managing grains and interfaces via ligand anchoring enables 22.3%-efficiency inverted perovskite solar cells,2020,10.1038/s41560-019-0538-4,https://openalex.org/W2998919826,1246,True,https://utoronto.scholaris.ca/bitstreams/fcd62a5b-5e8b-4735-9ff4-2f030a53834e/download,http://hdl.handle.net/1807/100242,Nature Energy,10.1038s41560-019-0538-4,managing grains and interfaces via ligand anchoring enables 22 3 efficiency inverted perovskite solar cells,35.64247972840018,0.5,0.0,0.0,0.0,0.0,,,0.0,0.0,0.0,36.14247972840018
Highly efficient planar perovskite solar cells through band alignment engineering,2015,10.1039/c5ee02608c,https://openalex.org/W1941396097,1262,True,https://pubs.rsc.org/en/content/articlepdf/2015/ee/c5ee02608c,https://doi.org/10.1039/c5ee02608c,Energy & Environmental Science,10.1039c5ee02608c,highly efficient planar perovskite solar cells through band alignment engineering,35.70622561175246,0.0,0.0,0.0,0.0,0.0,,,0.0,0.0,0.0,35.70622561175246
Towards stable and commercially available perovskite solar cells,2016,10.1038/nenergy.2016.152,https://openalex.org/W2536873010,1186,True,https://www.osti.gov/servlets/purl/1329525,https://www.osti.gov/biblio/1329525,Nature Energy,10.1038nenergy.2016.152,towards stable and commercially available perovskite solar cells,35.39592197304834,0.1,0.0,0.0,0.0,0.0,,,0.0,0.0,0.0,35.49592197304834
Opportunities and challenges for tandem solar cells using metal halide perovskite semiconductors,2018,10.1038/s41560-018-0190-4,https://openalex.org/W2847347814,1113,True,https://www.osti.gov/servlets/purl/1686155,https://www.osti.gov/biblio/1686155,Nature Energy,10.1038s41560-018-0190-4,opportunities and challenges for tandem solar cells using metal halide perovskite semiconductors,35.07856210243615,0.3,0.0,0.0,0.0,0.0,,,0.0,0.0,0.0,35.37856210243615
A high-conductivity n-type polymeric ink for printed electronics,2021,10.1038/s41467-021-22528-y,https://openalex.org/W3155455451,254,True,https://www.nature.com/articles/s41467-021-22528-y.pdf,https://doi.org/10.1038/s41467-021-22528-y,Nature Communications,10.1038s41467-021-22528-y,a high conductivity n type polymeric ink for printed electronics,27.70631772579213,0.6,3.5,7.0,0.0,0.0,,,0.0,0.0,0.0,35.30631772579213
"A Review on Printed Electronics: Fabrication Methods, Inks, Substrates, Applications and Environmental Impacts",2021,10.3390/jmmp5030089,https://openalex.org/W3167283458,252,True,https://www.mdpi.com/2504-4494/5/3/89/pdf?version=1628853717,https://doi.org/10.3390/jmmp5030089,Journal of Manufacturing and Materials Processing,10.3390jmmp5030089,a review on printed electronics fabrication methods inks substrates applications and environmental impacts,27.666947443637603,0.6,3.5,7.0,0.0,0.0,,,0.0,0.0,0.0,35.266947443637605
Under the spotlight: The organic–inorganic hybrid halide perovskite for optoelectronic applications,2015,10.1016/j.nantod.2015.04.009,https://openalex.org/W2185508523,1144,True,https://www.sciencedirect.com/science/article/pii/S1748013215000560/pdf,https://doi.org/10.1016/j.nantod.2015.04.009,Nano Today,10.1016j.nantod.2015.04.009,under the spotlight the organic inorganic hybrid halide perovskite for optoelectronic applications,35.2157995799417,0.0,0.0,0.0,0.0,0.0,,,0.0,0.0,0.0,35.2157995799417
Slot-die coating of perovskite solar cells: An overview,2019,10.1016/j.mtcomm.2019.100808,https://openalex.org/W2995852576,212,True,https://ars.els-cdn.com/content/image/1-s2.0-S2352492819308414-ga1_lrg.jpg,https://doi.org/10.1016/j.mtcomm.2019.100808,Materials Today Communications,10.1016j.mtcomm.2019.100808,slot die coating of perovskite solar cells an overview,26.806460828547127,0.4,4.0,8.0,0.0,0.0,,,0.0,0.0,0.0,35.20646082854712
20.8% slot-die coated MAPbI3 perovskite solar cells by optimal DMSO-content and age of 2-ME based precursor inks,2020,10.21203/rs.3.rs-93765/v1,https://openalex.org/W4242375312,33,True,https://www.researchsquare.com/article/rs-93765/latest.pdf,https://doi.org/10.21203/rs.3.rs-93765/v1,Research Square,10.21203rs.3.rs-93765v1,20 8 slot die coated mapbi3 perovskite solar cells by optimal dmso content and age of 2 me based precursor inks,17.63180262308081,0.5,8.5,17.0,0.0,0.0,,,0.0,0.0,0.0,35.13180262308081
Strain engineering in perovskite solar cells and its impacts on carrier dynamics,2019,10.1038/s41467-019-08507-4,https://openalex.org/W2912153941,1037,True,https://www.nature.com/articles/s41467-019-08507-4.pdf,https://doi.org/10.1038/s41467-019-08507-4,Nature Communications,10.1038s41467-019-08507-4,strain engineering in perovskite solar cells and its impacts on carrier dynamics,34.725255318629166,0.4,0.0,0.0,0.0,0.0,,,0.0,0.0,0.0,35.125255318629165
Sn(IV)-free tin perovskite films realized by in situ Sn(0) nanoparticle treatment of the precursor solution,2020,10.1038/s41467-020-16726-3,https://openalex.org/W3034736206,296,True,https://www.nature.com/articles/s41467-020-16726-3.pdf,https://doi.org/10.1038/s41467-020-16726-3,Nature Communications,10.1038s41467-020-16726-3,sn iv free tin perovskite films realized by in situ sn 0 nanoparticle treatment of the precursor solution,28.4686606940135,0.5,3.0,6.0,0.0,0.0,,,0.0,0.0,0.0,34.9686606940135
Perovskites for Next-Generation Optical Sources,2019,10.1021/acs.chemrev.9b00107,https://openalex.org/W2940692781,983,True,https://dr.ntu.edu.sg/bitstream/10356/140305/2/Chem%20Rev_combined_revision%20tedits-Clean.pdf,https://hdl.handle.net/10356/140305,Chemical Reviews,10.1021acs.chemrev.9b00107,perovskites for next generation optical sources,34.45812948526127,0.4,0.0,0.0,0.0,0.0,,,0.0,0.0,0.0,34.858129485261266
Efficient green light-emitting diodes based on quasi-two-dimensional composition and phase engineered perovskite with surface passivation,2018,10.1038/s41467-018-02978-7,https://openalex.org/W2800279715,1000,True,https://www.nature.com/articles/s41467-018-02978-7.pdf,https://doi.org/10.1038/s41467-018-02978-7,Nature Communications,10.1038s41467-018-02978-7,efficient green light emitting diodes based on quasi two dimensional composition and phase engineered perovskite with surface passivation,34.5437738965761,0.3,0.0,0.0,0.0,0.0,,,0.0,0.0,0.0,34.843773896576096
Chiral-perovskite optoelectronics,2020,10.1038/s41578-020-0181-5,https://openalex.org/W3011088795,895,True,https://www.nature.com/articles/s41578-020-0181-5.pdf,https://doi.org/10.1038/s41578-020-0181-5,Nature Reviews Materials,10.1038s41578-020-0181-5,chiral perovskite optoelectronics,33.98970206487465,0.5,0.0,0.0,0.0,0.0,,,0.0,0.0,0.0,34.48970206487465
Large-area and efficient perovskite light-emitting diodes via low-temperature blade-coating,2021,10.1038/s41467-020-20433-4,https://openalex.org/W3120128877,171,True,https://www.nature.com/articles/s41467-020-20433-4.pdf,https://doi.org/10.1038/s41467-020-20433-4,Nature Communications,10.1038s41467-020-20433-4,large area and efficient perovskite light emitting diodes via low temperature blade coating,25.737472384067264,0.6,4.0,8.0,0.0,0.0,,,0.0,0.0,0.0,34.33747238406727
Inkjet printed mesoscopic perovskite solar cells with custom design capability,2020,10.1039/d0ma00077a,https://openalex.org/W3020619809,62,True,https://pubs.rsc.org/en/content/articlepdf/2020/ma/d0ma00077a,https://doi.org/10.1039/d0ma00077a,Materials Advances,10.1039d0ma00077a,inkjet printed mesoscopic perovskite solar cells with custom design capability,20.715673631957664,0.5,6.5,13.0,0.0,0.0,,,0.0,0.0,0.0,34.215673631957664
Highly Reproducible Sn‐Based Hybrid Perovskite Solar Cells with 9% Efficiency,2017,10.1002/aenm.201702019,https://openalex.org/W2760629443,897,True,https://onlinelibrary.wiley.com/doi/pdfdirect/10.1002/aenm.201702019,https://doi.org/10.1002/aenm.201702019,Advanced Energy Materials,10.1002aenm.201702019,highly reproducible sn based hybrid perovskite solar cells with 9 efficiency,34.000850341511,0.2,0.0,0.0,0.0,0.0,,,0.0,0.0,0.0,34.200850341511
Band Gap Tuning via Lattice Contraction and Octahedral Tilting in Perovskite Materials for Photovoltaics,2017,10.1021/jacs.7b04981,https://openalex.org/W2735613780,887,True,https://www.osti.gov/servlets/purl/1390619,https://www.osti.gov/biblio/1390619,Journal of the American Chemical Society,10.1021jacs.7b04981,band gap tuning via lattice contraction and octahedral tilting in perovskite materials for photovoltaics,33.94485871496085,0.2,0.0,0.0,0.0,0.0,,,0.0,0.0,0.0,34.144858714960854
Understanding how excess lead iodide precursor improves halide perovskite solar cell performance,2018,10.1038/s41467-018-05583-w,https://openalex.org/W2886506777,388,True,https://www.nature.com/articles/s41467-018-05583-w.pdf,https://doi.org/10.1038/s41467-018-05583-w,Nature Communications,10.1038s41467-018-05583-w,understanding how excess lead iodide precursor improves halide perovskite solar cell performance,29.81789671809223,0.3,2.0,4.0,0.0,0.0,,,0.0,0.0,0.0,34.117896718092226
Highly Oriented Low-Dimensional Tin Halide Perovskites with Enhanced Stability and Photovoltaic Performance,2017,10.1021/jacs.7b01815,https://openalex.org/W2609670982,882,True,https://utoronto.scholaris.ca/bitstreams/077a57f9-1c2e-4414-b5df-965a6fc982ea/download,http://hdl.handle.net/1807/77210,Journal of the American Chemical Society,10.1021jacs.7b01815,highly oriented low dimensional tin halide perovskites with enhanced stability and photovoltaic performance,33.9166260030198,0.2,0.0,0.0,0.0,0.0,,,0.0,0.0,0.0,34.1166260030198
"Flexible, Printable Soft‐X‐Ray Detectors Based on All‐Inorganic Perovskite Quantum Dots",2019,10.1002/adma.201901644,https://openalex.org/W2953908119,371,True,https://researchmgt.monash.edu/ws/files/593932048/277933760_oa.pdf,https://research.monash.edu/en/publications/ec16319e-b9d5-45d4-aefd-4d0849e6c4e5,Advanced Materials,10.1002adma.201901644,flexible printable soft x ray detectors based on all inorganic perovskite quantum dots,29.594469271365732,0.4,2.0,4.0,0.0,0.0,,,0.0,0.0,0.0,33.99446927136573
Ultra-bright and highly efficient inorganic based perovskite light-emitting diodes,2017,10.1038/ncomms15640,https://openalex.org/W2623955189,854,True,https://www.nature.com/articles/ncomms15640.pdf,https://doi.org/10.1038/ncomms15640,Nature Communications,10.1038ncomms15640,ultra bright and highly efficient inorganic based perovskite light emitting diodes,33.7555073446838,0.2,0.0,0.0,0.0,0.0,,,0.0,0.0,0.0,33.9555073446838
"Tailored interfaces of unencapsulated perovskite solar cells for >1,000 hour operational stability",2018,10.1038/s41560-017-0067-y,https://openalex.org/W2782219842,826,True,https://www.osti.gov/servlets/purl/1419410,https://www.osti.gov/biblio/1419410,Nature Energy,10.1038s41560-017-0067-y,tailored interfaces of unencapsulated perovskite solar cells for 1 000 hour operational stability,33.58902347511845,0.3,0.0,0.0,0.0,0.0,,,0.0,0.0,0.0,33.88902347511845
Additive Engineering for Efficient and Stable Perovskite Solar Cells,2019,10.1002/aenm.201902579,https://openalex.org/W2977917184,799,True,https://www.osti.gov/servlets/purl/1570188,https://www.osti.gov/biblio/1569293,Advanced Energy Materials,10.1002aenm.201902579,additive engineering for efficient and stable perovskite solar cells,33.42305863833963,0.4,0.0,0.0,0.0,0.0,,,0.0,0.0,0.0,33.82305863833963
Long-term operating stability in perovskite photovoltaics,2023,10.1038/s41578-023-00582-w,https://openalex.org/W4385891984,726,True,https://utoronto.scholaris.ca/bitstreams/14ec58d7-2f78-454f-bf5a-aa32b14331a3/download,http://hdl.handle.net/1807/134282,Nature Reviews Materials,10.1038s41578-023-00582-w,long term operating stability in perovskite photovoltaics,32.944632387667596,0.8,0.0,0.0,0.0,0.0,,,0.0,0.0,0.0,33.74463238766759
All-perovskite tandem solar cells with 24.2% certified efficiency and area over 1 cm2 using surface-anchoring zwitterionic antioxidant,2020,10.1038/s41560-020-00705-5,https://openalex.org/W3091827613,763,True,https://utoronto.scholaris.ca/bitstreams/ef3983aa-3f5b-4259-ab80-a33ed6ca25d4/download,https://doi.org/10.1038/s41560-020-00705-5,Nature Energy,10.1038s41560-020-00705-5,all perovskite tandem solar cells with 24 2 certified efficiency and area over 1 cm2 using surface anchoring zwitterionic antioxidant,33.192838945832605,0.5,0.0,0.0,0.0,0.0,,,0.0,0.0,0.0,33.692838945832605
Degradation of Highly Alloyed Metal Halide Perovskite Precursor Inks: Mechanism and Storage Solutions,2018,10.1021/acsenergylett.8b00305,https://openalex.org/W2790258356,103,True,https://www.osti.gov/servlets/purl/1432603,https://www.osti.gov/biblio/1432603,ACS Energy Letters,10.1021acsenergylett.8b00305,degradation of highly alloyed metal halide perovskite precursor inks mechanism and storage solutions,23.22195449570686,0.3,5.0,10.0,0.0,0.0,,,0.0,0.0,0.0,33.521954495706865
Lead halide–templated crystallization of methylamine-free perovskite for efficient photovoltaic modules,2021,10.1126/science.abh1035,https://openalex.org/W3172692239,720,True,https://oist.repo.nii.ac.jp/record/2202/files/Accepted%20Manuscript-TL-20210506.pdf,https://oist.repo.nii.ac.jp/records/2202,Science,10.1126science.abh1035,lead halide templated crystallization of methylamine free perovskite for efficient photovoltaic modules,32.903195686424745,0.6,0.0,0.0,0.0,0.0,,,0.0,0.0,0.0,33.503195686424746
Lead‐Free Inverted Planar Formamidinium Tin Triiodide Perovskite Solar Cells Achieving Power Conversion Efficiencies up to 6.22%,2016,10.1002/adma.201602992,https://openalex.org/W2511864954,790,True,https://www.osti.gov/servlets/purl/1331968,https://www.osti.gov/biblio/1331968,Advanced Materials,10.1002adma.201602992,lead free inverted planar formamidinium tin triiodide perovskite solar cells achieving power conversion efficiencies up to 6 22,33.36648983883827,0.1,0.0,0.0,0.0,0.0,,,0.0,0.0,0.0,33.46648983883827
Engineering Perovskite Precursor Inks for Scalable Production of High‐Efficiency Perovskite Photovoltaic Modules,2023,10.1002/aenm.202300595,https://openalex.org/W4366768377,92,True,https://onlinelibrary.wiley.com/doi/pdfdirect/10.1002/aenm.202300595,https://doi.org/10.1002/aenm.202300595,Advanced Energy Materials,10.1002aenm.202300595,engineering perovskite precursor inks for scalable production of high efficiency perovskite photovoltaic modules,22.66299746576628,0.8,5.0,10.0,0.0,0.0,,,0.0,0.0,0.0,33.46299746576628
Low-bandgap mixed tin–lead iodide perovskite absorbers with long carrier lifetimes for all-perovskite tandem solar cells,2017,10.1038/nenergy.2017.18,https://openalex.org/W2591756686,772,True,https://www.osti.gov/servlets/purl/1371834,https://www.osti.gov/biblio/1371834,Nature Energy,10.1038nenergy.2017.18,low bandgap mixed tin lead iodide perovskite absorbers with long carrier lifetimes for all perovskite tandem solar cells,33.251395242937114,0.2,0.0,0.0,0.0,0.0,,,0.0,0.0,0.0,33.45139524293712
Acetonitrile based single step slot-die compatible perovskite ink for flexible photovoltaics,2019,10.1039/c9ra06631d,https://openalex.org/W2984398171,54,True,https://pubs.rsc.org/en/content/articlepdf/2019/ra/c9ra06631d,https://doi.org/10.1039/c9ra06631d,RSC Advances,10.1039c9ra06631d,acetonitrile based single step slot die compatible perovskite ink for flexible photovoltaics,20.036665926162357,0.4,6.5,13.0,0.0,0.0,,,0.0,0.0,0.0,33.436665926162355
Advancements in perovskite solar cells: photophysics behind the photovoltaics,2014,10.1039/c4ee00673a,https://openalex.org/W2123478102,782,True,https://pubs.rsc.org/en/content/articlepdf/2014/ee/c4ee00673a,https://doi.org/10.1039/c4ee00673a,Energy & Environmental Science,10.1039c4ee00673a,advancements in perovskite solar cells photophysics behind the photovoltaics,33.31566347995401,0.0,0.0,0.0,0.0,0.0,,,0.0,0.0,0.0,33.31566347995401
Solution-processed perovskite light emitting diodes with efficiency exceeding 15% through additive-controlled nanostructure tailoring,2018,10.1038/s41467-018-06425-5,https://openalex.org/W2891879216,489,True,https://www.nature.com/articles/s41467-018-06425-5.pdf,https://doi.org/10.1038/s41467-018-06425-5,Nature Communications,10.1038s41467-018-06425-5,solution processed perovskite light emitting diodes with efficiency exceeding 15 through additive controlled nanostructure tailoring,30.97202695552336,0.3,1.0,2.0,0.0,0.0,,,0.0,0.0,0.0,33.27202695552336
Color-stable highly luminescent sky-blue perovskite light-emitting diodes,2018,10.1038/s41467-018-05909-8,https://openalex.org/W2888115472,721,True,https://www.nature.com/articles/s41467-018-05909-8.pdf,https://doi.org/10.1038/s41467-018-05909-8,Nature Communications,10.1038s41467-018-05909-8,color stable highly luminescent sky blue perovskite light emitting diodes,32.91012569446413,0.3,0.0,0.0,0.0,0.0,,,0.0,0.0,0.0,33.210125694464125
Ultrahydrophobic 3D/2D fluoroarene bilayer-based water-resistant perovskite solar cells with efficiencies exceeding 22%,2019,10.1126/sciadv.aaw2543,https://openalex.org/W2948992934,706,True,https://advances.sciencemag.org/content/advances/5/6/eaaw2543.full.pdf,https://doi.org/10.1126/sciadv.aaw2543,Science Advances,10.1126sciadv.aaw2543,ultrahydrophobic 3d 2d fluoroarene bilayer based water resistant perovskite solar cells with efficiencies exceeding 22,32.80515332948286,0.4,0.0,0.0,0.0,0.0,,,0.0,0.0,0.0,33.20515332948286
"Research Update: Large-area deposition, coating, printing, and processing techniques for the upscaling of perovskite solar cell technology",2016,10.1063/1.4962478,https://openalex.org/W2521353428,266,True,https://aip.scitation.org/doi/pdf/10.1063/1.4962478,https://doi.org/10.1063/1.4962478,APL Materials,10.10631.4962478,research update large area deposition coating printing and processing techniques for the upscaling of perovskite solar cell technology,27.936243292001247,0.1,2.5,5.0,0.0,0.0,,,0.0,0.0,0.0,33.036243292001245
Highly efficient all-inorganic perovskite solar cells with suppressed non-radiative recombination by a Lewis base,2020,10.1038/s41467-019-13909-5,https://openalex.org/W2999691245,667,True,https://www.nature.com/articles/s41467-019-13909-5.pdf,https://doi.org/10.1038/s41467-019-13909-5,Nature Communications,10.1038s41467-019-13909-5,highly efficient all inorganic perovskite solar cells with suppressed non radiative recombination by a lewis base,32.521440867683225,0.5,0.0,0.0,0.0,0.0,,,0.0,0.0,0.0,33.021440867683225
Roll‐to‐Roll Slot Die Coated Perovskite for Efficient Flexible Solar Cells,2018,10.1002/aenm.201801935,https://openalex.org/W2896268144,252,True,https://onlinelibrary.wiley.com/doi/pdfdirect/10.1002/aenm.201801935,https://doi.org/10.1002/aenm.201801935,Advanced Energy Materials,10.1002aenm.201801935,roll to roll slot die coated perovskite for efficient flexible solar cells,27.666947443637603,0.3,2.5,5.0,0.0,0.0,,,0.0,0.0,0.0,32.96694744363761
Life cycle assessment of inkjet printed perovskite solar cells,2022,10.1016/j.jclepro.2022.133665,https://openalex.org/W4292396068,46,True,https://ars.els-cdn.com/content/image/1-s2.0-S0959652622032437-ga1_lrg.jpg,https://doi.org/10.1016/j.jclepro.2022.133665,Journal of Cleaner Production,10.1016j.jclepro.2022.133665,life cycle assessment of inkjet printed perovskite solar cells,19.250738008550293,0.7,6.5,13.0,0.0,0.0,,,0.0,0.0,0.0,32.95073800855029
High Quality Inkjet Printed‐Emissive Nanocrystalline Perovskite CsPbBr 3 Layers for Color Conversion Layer and LEDs Applications,2022,10.1002/admt.202101525,https://openalex.org/W4210415694,46,True,https://onlinelibrary.wiley.com/doi/pdfdirect/10.1002/admt.202101525,https://doi.org/10.1002/admt.202101525,Advanced Materials Technologies,10.1002admt.202101525,high quality inkjet printed emissive nanocrystalline perovskite cspbbr 3 layers for color conversion layer and leds applications,19.250738008550293,0.7,6.5,13.0,0.0,0.0,,,0.0,0.0,0.0,32.95073800855029
Surface passivation engineering strategy to fully-inorganic cubic CsPbI3 perovskites for high-performance solar cells,2018,10.1038/s41467-018-03169-0,https://openalex.org/W2789697021,670,True,https://www.nature.com/articles/s41467-018-03169-0.pdf,https://doi.org/10.1038/s41467-018-03169-0,Nature Communications,10.1038s41467-018-03169-0,surface passivation engineering strategy to fully inorganic cubic cspbi3 perovskites for high performance solar cells,32.54384568485841,0.3,0.0,0.0,0.0,0.0,,,0.0,0.0,0.0,32.84384568485841
Meniscus-assisted solution printing of large-grained perovskite films for high-efficiency solar cells,2017,10.1038/ncomms16045,https://openalex.org/W2731818310,450,True,https://www.nature.com/articles/ncomms16045.pdf,https://doi.org/10.1038/ncomms16045,Nature Communications,10.1038ncomms16045,meniscus assisted solution printing of large grained perovskite films for high efficiency solar cells,30.557336697513392,0.2,1.0,2.0,0.0,0.0,,,0.0,0.0,0.0,32.757336697513395
Regulating surface potential maximizes voltage in all-perovskite tandems,2022,10.1038/s41586-022-05541-z,https://openalex.org/W4309158972,607,True,https://www.osti.gov/servlets/purl/1900407,https://www.osti.gov/biblio/1903181,Nature,10.1038s41586-022-05541-z,regulating surface potential maximizes voltage in all perovskite tandems,32.05087440983084,0.7,0.0,0.0,0.0,0.0,,,0.0,0.0,0.0,32.75087440983084
Advances in two-dimensional organic–inorganic hybrid perovskites,2020,10.1039/c9ee03757h,https://openalex.org/W3008295325,624,True,https://www.osti.gov/servlets/purl/1605081,https://www.osti.gov/biblio/1602077,Energy & Environmental Science,10.1039c9ee03757h,advances in two dimensional organic inorganic hybrid perovskites,32.18875824868201,0.5,0.0,0.0,0.0,0.0,,,0.0,0.0,0.0,32.68875824868201
Solvent-controlled growth of inorganic perovskite films in dry environment for efficient and stable solar cells,2018,10.1038/s41467-018-04636-4,https://openalex.org/W2806673750,640,True,https://www.nature.com/articles/s41467-018-04636-4.pdf,https://doi.org/10.1038/s41467-018-04636-4,Nature Communications,10.1038s41467-018-04636-4,solvent controlled growth of inorganic perovskite films in dry environment for efficient and stable solar cells,32.31514728460335,0.3,0.0,0.0,0.0,0.0,,,0.0,0.0,0.0,32.615147284603346
A polymer scaffold for self-healing perovskite solar cells,2016,10.1038/ncomms10228,https://openalex.org/W2397919288,666,True,https://www.nature.com/articles/ncomms10228.pdf,https://doi.org/10.1038/ncomms10228,Nature Communications,10.1038ncomms10228,a polymer scaffold for self healing perovskite solar cells,32.513950229578114,0.1,0.0,0.0,0.0,0.0,,,0.0,0.0,0.0,32.613950229578116
"Solar-Driven Metal Halide Perovskite Photocatalysis: Design, Stability, and Performance",2020,10.1021/acsenergylett.0c00058,https://openalex.org/W3010364008,611,True,,https://doi.org/10.1021/acsenergylett.0c00058,ACS Energy Letters,10.1021acsenergylett.0c00058,solar driven metal halide perovskite photocatalysis design stability and performance,32.08366141256163,0.5,0.0,0.0,0.0,0.0,,,0.0,0.0,0.0,32.58366141256163
Molecular doping enabled scalable blading of efficient hole-transport-layer-free perovskite solar cells,2018,10.1038/s41467-018-04028-8,https://openalex.org/W4239574994,425,True,https://www.nature.com/articles/s41467-018-04028-8.pdf,https://doi.org/10.1038/s41467-018-04028-8,Nature Communications,10.1038s41467-018-04028-8,molecular doping enabled scalable blading of efficient hole transport layer free perovskite solar cells,30.272196731346853,0.3,1.0,2.0,0.0,0.0,,,0.0,0.0,0.0,32.57219673134685
Highly efficient p-i-n perovskite solar cells that endure temperature variations,2023,10.1126/science.add7331,https://openalex.org/W4318263747,568,True,https://cronfa.swan.ac.uk/Record/cronfa62477/Download/62477__26444__eb1b921aa7ef44fd8aefd71b14400751.pdf,https://cronfa.swan.ac.uk/Record/cronfa62477,Science,10.1126science.add7331,highly efficient p i n perovskite solar cells that endure temperature variations,31.719402170631653,0.8,0.0,0.0,0.0,0.0,,,0.0,0.0,0.0,32.51940217063165
Crystallization in one-step solution deposition of perovskite films: Upward or downward?,2021,10.1126/sciadv.abb2412,https://openalex.org/W3125798042,388,True,,https://doi.org/10.1126/sciadv.abb2412,Science Advances,10.1126sciadv.abb2412,crystallization in one step solution deposition of perovskite films upward or downward,29.81789671809223,0.6,1.0,2.0,0.0,0.0,,,0.0,0.0,0.0,32.41789671809223
Droplet Manipulation and Crystallization Regulation in Inkjet-Printed Perovskite Film Formation,2022,10.31635/ccschem.022.202101583,https://openalex.org/W4206560957,41,True,,https://doi.org/10.31635/ccschem.022.202101583,CCS Chemistry,10.31635ccschem.022.202101583,droplet manipulation and crystallization regulation in inkjet printed perovskite film formation,18.68834809141684,0.7,6.5,13.0,0.0,0.0,,,0.0,0.0,0.0,32.388348091416844
Deterministic fabrication of 3D/2D perovskite bilayer stacks for durable and efficient solar cells,2022,10.1126/science.abq7652,https://openalex.org/W4296766770,554,True,https://www.osti.gov/servlets/purl/1909609,https://www.osti.gov/biblio/1909609,Science,10.1126science.abq7652,deterministic fabrication of 3d 2d perovskite bilayer stacks for durable and efficient solar cells,31.594840568732174,0.7,0.0,0.0,0.0,0.0,,,0.0,0.0,0.0,32.29484056873218
Circularly polarized light detection using chiral hybrid perovskite,2019,10.1038/s41467-019-09942-z,https://openalex.org/W2941942848,581,True,https://www.nature.com/articles/s41467-019-09942-z.pdf,https://doi.org/10.1038/s41467-019-09942-z,Nature Communications,10.1038s41467-019-09942-z,circularly polarized light detection using chiral hybrid perovskite,31.83235223865719,0.4,0.0,0.0,0.0,0.0,,,0.0,0.0,0.0,32.23235223865719
Roll-to-roll gravure-printed flexible perovskite solar cells using eco-friendly antisolvent bathing with wide processing window,2020,10.1038/s41467-020-18940-5,https://openalex.org/W3092176741,312,True,https://www.nature.com/articles/s41467-020-18940-5.pdf,https://doi.org/10.1038/s41467-020-18940-5,Nature Communications,10.1038s41467-020-18940-5,roll to roll gravure printed flexible perovskite solar cells using eco friendly antisolvent bathing with wide processing window,28.731015952700766,0.5,1.5,3.0,0.0,0.0,,,0.0,0.0,0.0,32.231015952700766
Harnessing Defect-Tolerance at the Nanoscale: Highly Luminescent Lead Halide Perovskite Nanocrystals in Mesoporous Silica Matrixes,2016,10.1021/acs.nanolett.6b02688,https://openalex.org/W2510601879,614,True,,https://doi.org/10.1021/acs.nanolett.6b02688,Nano Letters,10.1021acs.nanolett.6b02688,harnessing defect tolerance at the nanoscale highly luminescent lead halide perovskite nanocrystals in mesoporous silica matrixes,32.10811133903259,0.1,0.0,0.0,0.0,0.0,,,0.0,0.0,0.0,32.20811133903259
"Printed aerogels: chemistry, processing, and applications",2021,10.1039/c9cs00757a,https://openalex.org/W3128054074,304,True,https://pubs.rsc.org/en/content/articlepdf/2021/cs/c9cs00757a,https://doi.org/10.1039/c9cs00757a,Chemical Society Reviews,10.1039c9cs00757a,printed aerogels chemistry processing and applications,28.601558883037058,0.6,1.5,3.0,0.0,0.0,,,0.0,0.0,0.0,32.20155888303706
Modulation of recombination zone position for quasi-two-dimensional blue perovskite light-emitting diodes with efficiency exceeding 5%,2019,10.1038/s41467-019-09011-5,https://openalex.org/W2919782722,566,True,https://www.nature.com/articles/s41467-019-09011-5.pdf,https://doi.org/10.1038/s41467-019-09011-5,Nature Communications,10.1038s41467-019-09011-5,modulation of recombination zone position for quasi two dimensional blue perovskite light emitting diodes with efficiency exceeding 5,31.70179651863876,0.4,0.0,0.0,0.0,0.0,,,0.0,0.0,0.0,32.10179651863876
In situ crosslinking-assisted perovskite grain growth for mechanically robust flexible perovskite solar cells with 23.4% efficiency,2023,10.1016/j.joule.2022.12.013,https://openalex.org/W4317038575,233,True,http://www.cell.com/article/S2542435122006122/pdf,https://doi.org/10.1016/j.joule.2022.12.013,Joule,10.1016j.joule.2022.12.013,in situ crosslinking assisted perovskite grain growth for mechanically robust flexible perovskite solar cells with 23 4 efficiency,27.27660557678851,0.8,2.0,4.0,0.0,0.0,,,0.0,0.0,0.0,32.07660557678851
"Synthesis, optoelectronic properties and applications of halide perovskites",2020,10.1039/c9cs00848a,https://openalex.org/W3020144358,545,True,https://pubs.rsc.org/en/content/articlepdf/2020/cs/c9cs00848a,https://doi.org/10.1039/c9cs00848a,Chemical Society Reviews,10.1039c9cs00848a,synthesis optoelectronic properties and applications of halide perovskites,31.513094878724527,0.5,0.0,0.0,0.0,0.0,,,0.0,0.0,0.0,32.01309487872453
Defects engineering for high-performance perovskite solar cells,2018,10.1038/s41528-018-0035-z,https://openalex.org/W2883938439,562,True,https://www.nature.com/articles/s41528-018-0035-z.pdf,https://doi.org/10.1038/s41528-018-0035-z,npj Flexible Electronics,10.1038s41528-018-0035-z,defects engineering for high performance perovskite solar cells,31.666398140698455,0.3,0.0,0.0,0.0,0.0,,,0.0,0.0,0.0,31.966398140698455
Flexible Perovskite Photovoltaic Modules and Solar Cells Based on Atomic Layer Deposited Compact Layers and UV‐Irradiated TiO2 Scaffolds on Plastic Substrates,2015,10.1002/aenm.201401808,https://openalex.org/W2150690597,594,True,https://onlinelibrary.wiley.com/doi/pdfdirect/10.1002/aenm.201401808,https://doi.org/10.1002/aenm.201401808,Advanced Energy Materials,10.1002aenm.201401808,flexible perovskite photovoltaic modules and solar cells based on atomic layer deposited compact layers and uv irradiated tio2 scaffolds on plastic substrates,31.94280702772815,0.0,0.0,0.0,0.0,0.0,,,0.0,0.0,0.0,31.94280702772815
Nucleation-controlled growth of superior lead-free perovskite Cs3Bi2I9 single-crystals for high-performance X-ray detection,2020,10.1038/s41467-020-16034-w,https://openalex.org/W3022329226,536,True,https://www.nature.com/articles/s41467-020-16034-w.pdf,https://doi.org/10.1038/s41467-020-16034-w,Nature Communications,10.1038s41467-020-16034-w,nucleation controlled growth of superior lead free perovskite cs3bi2i9 single crystals for high performance x ray detection,31.429990472544326,0.5,0.0,0.0,0.0,0.0,,,0.0,0.0,0.0,31.929990472544326
Efficient two-terminal all-perovskite tandem solar cells enabled by high-quality low-bandgap absorber layers,2018,10.1038/s41560-018-0278-x,https://openalex.org/W2901015524,550,True,https://www.osti.gov/servlets/purl/1485560,https://www.osti.gov/biblio/1485560,Nature Energy,10.1038s41560-018-0278-x,efficient two terminal all perovskite tandem solar cells enabled by high quality low bandgap absorber layers,31.558674045764576,0.3,0.0,0.0,0.0,0.0,,,0.0,0.0,0.0,31.858674045764577
High-performance quasi-2D perovskite light-emitting diodes: from materials to devices,2021,10.1038/s41377-021-00501-0,https://openalex.org/W3138583285,515,True,https://www.nature.com/articles/s41377-021-00501-0.pdf,https://doi.org/10.1038/s41377-021-00501-0,Light Science & Applications,10.1038s41377-021-00501-0,high performance quasi 2d perovskite light emitting diodes from materials to devices,31.230533827407815,0.6,0.0,0.0,0.0,0.0,,,0.0,0.0,0.0,31.830533827407816
Monolithic Perovskite Tandem Solar Cells: A Review of the Present Status and Advanced Characterization Methods Toward 30% Efficiency,2020,10.1002/aenm.201904102,https://openalex.org/W3023269376,523,True,https://onlinelibrary.wiley.com/doi/pdfdirect/10.1002/aenm.201904102,https://doi.org/10.1002/aenm.201904102,Advanced Energy Materials,10.1002aenm.201904102,monolithic perovskite tandem solar cells a review of the present status and advanced characterization methods toward 30 efficiency,31.30745842160521,0.5,0.0,0.0,0.0,0.0,,,0.0,0.0,0.0,31.80745842160521
Metal halide perovskite light emitters,2016,10.1073/pnas.1607471113,https://openalex.org/W2525292295,549,True,https://www.pnas.org/content/pnas/113/42/11694.full.pdf,https://doi.org/10.1073/pnas.1607471113,Proceedings of the National Academy of Sciences,10.1073pnas.1607471113,metal halide perovskite light emitters,31.54959139113258,0.1,0.0,0.0,0.0,0.0,,,0.0,0.0,0.0,31.64959139113258
Degradation mechanism of hybrid tin-based perovskite solar cells and the critical role of tin (IV) iodide,2021,10.1038/s41467-021-22864-z,https://openalex.org/W3160621054,495,True,https://www.nature.com/articles/s41467-021-22864-z.pdf,https://doi.org/10.1038/s41467-021-22864-z,Nature Communications,10.1038s41467-021-22864-z,degradation mechanism of hybrid tin based perovskite solar cells and the critical role of tin iv iodide,31.03287963362464,0.6,0.0,0.0,0.0,0.0,,,0.0,0.0,0.0,31.63287963362464
Large guanidinium cation mixed with methylammonium in lead iodide perovskites for 19% efficient solar cells,2017,10.1038/s41560-017-0054-3,https://openalex.org/W2771319237,531,True,https://www.nature.com/articles/s41560-017-0054-3.pdf,https://doi.org/10.1038/s41560-017-0054-3,Nature Energy,10.1038s41560-017-0054-3,large guanidinium cation mixed with methylammonium in lead iodide perovskites for 19 efficient solar cells,31.383217446708223,0.2,0.0,0.0,0.0,0.0,,,0.0,0.0,0.0,31.583217446708222
Facile fabrication of large-grain CH3NH3PbI3−xBrx films for high-efficiency solar cells via CH3NH3Br-selective Ostwald ripening,2016,10.1038/ncomms12305,https://openalex.org/W2478184717,541,True,https://www.nature.com/articles/ncomms12305.pdf,https://doi.org/10.1038/ncomms12305,Nature Communications,10.1038ncomms12305,facile fabrication of large grain ch3nh3pbi3 xbrx films for high efficiency solar cells via ch3nh3br selective ostwald ripening,31.476330007198232,0.1,0.0,0.0,0.0,0.0,,,0.0,0.0,0.0,31.576330007198234
High-performance large-area quasi-2D perovskite light-emitting diodes,2021,10.1038/s41467-021-22529-x,https://openalex.org/W3156248107,327,True,https://www.nature.com/articles/s41467-021-22529-x.pdf,https://doi.org/10.1038/s41467-021-22529-x,Nature Communications,10.1038s41467-021-22529-x,high performance large area quasi 2d perovskite light emitting diodes,28.96506804192072,0.6,1.0,2.0,0.0,0.0,,,0.0,0.0,0.0,31.56506804192072
Mixed halide perovskites for spectrally stable and high-efficiency blue light-emitting diodes,2021,10.1038/s41467-020-20582-6,https://openalex.org/W3120423813,488,True,https://www.nature.com/articles/s41467-020-20582-6.pdf,https://doi.org/10.1038/s41467-020-20582-6,Nature Communications,10.1038s41467-020-20582-6,mixed halide perovskites for spectrally stable and high efficiency blue light emitting diodes,30.961812447374363,0.6,0.0,0.0,0.0,0.0,,,0.0,0.0,0.0,31.561812447374365
Lattice strain causes non-radiative losses in halide perovskites,2019,10.1039/c8ee02751j,https://openalex.org/W2911095050,505,True,https://pubs.rsc.org/en/content/articlepdf/2019/ee/c8ee02751j,https://doi.org/10.1039/c8ee02751j,Energy & Environmental Science,10.1039c8ee02751j,lattice strain causes non radiative losses in halide perovskites,31.13268334643733,0.4,0.0,0.0,0.0,0.0,,,0.0,0.0,0.0,31.532683346437327
Trifluoroacetate induced small-grained CsPbBr3 perovskite films result in efficient and stable light-emitting devices,2019,10.1038/s41467-019-08425-5,https://openalex.org/W2914440772,503,True,https://www.nature.com/articles/s41467-019-08425-5.pdf,https://doi.org/10.1038/s41467-019-08425-5,Nature Communications,10.1038s41467-019-08425-5,trifluoroacetate induced small grained cspbbr3 perovskite films result in efficient and stable light emitting devices,31.112881340356843,0.4,0.0,0.0,0.0,0.0,,,0.0,0.0,0.0,31.51288134035684
All-inorganic cesium lead iodide perovskite solar cells with stabilized efficiency beyond 15%,2018,10.1038/s41467-018-06915-6,https://openalex.org/W2898318364,504,True,https://www.nature.com/articles/s41467-018-06915-6.pdf,https://doi.org/10.1038/s41467-018-06915-6,Nature Communications,10.1038s41467-018-06915-6,all inorganic cesium lead iodide perovskite solar cells with stabilized efficiency beyond 15,31.122792146376803,0.3,0.0,0.0,0.0,0.0,,,0.0,0.0,0.0,31.422792146376803
Conversion of invisible metal-organic frameworks to luminescent perovskite nanocrystals for confidential information encryption and decryption,2017,10.1038/s41467-017-01248-2,https://openalex.org/W2766836967,513,True,https://www.nature.com/articles/s41467-017-01248-2.pdf,https://doi.org/10.1038/s41467-017-01248-2,Nature Communications,10.1038s41467-017-01248-2,conversion of invisible metal organic frameworks to luminescent perovskite nanocrystals for confidential information encryption and decryption,31.21111632727583,0.2,0.0,0.0,0.0,0.0,,,0.0,0.0,0.0,31.411116327275828
Tailoring the Energy Landscape in Quasi-2D Halide Perovskites Enables Efficient Green-Light Emission,2017,10.1021/acs.nanolett.7b00976,https://openalex.org/W2611277466,508,True,https://utoronto.scholaris.ca/bitstreams/0a70018f-8027-41f4-be22-a7615d325e66/download,http://hdl.handle.net/1807/77204,Nano Letters,10.1021acs.nanolett.7b00976,tailoring the energy landscape in quasi 2d halide perovskites enables efficient green light emission,31.16224008275261,0.2,0.0,0.0,0.0,0.0,,,0.0,0.0,0.0,31.36224008275261
Antioxidant Grain Passivation for Air‐Stable Tin‐Based Perovskite Solar Cells,2018,10.1002/anie.201811539,https://openalex.org/W2903026162,496,True,http://ira.lib.polyu.edu.hk/bitstream/10397/100316/1/Tai_Antioxidant_Grain_Passivation.pdf,http://hdl.handle.net/10397/100316,Angewandte Chemie International Edition,10.1002anie.201811539,antioxidant grain passivation for air stable tin based perovskite solar cells,31.042950130483145,0.3,0.0,0.0,0.0,0.0,,,0.0,0.0,0.0,31.342950130483146
Spectra stable blue perovskite light-emitting diodes,2019,10.1038/s41467-019-09794-7,https://openalex.org/W2940595295,486,True,https://www.nature.com/articles/s41467-019-09794-7.pdf,https://doi.org/10.1038/s41467-019-09794-7,Nature Communications,10.1038s41467-019-09794-7,spectra stable blue perovskite light emitting diodes,30.94132061541295,0.4,0.0,0.0,0.0,0.0,,,0.0,0.0,0.0,31.341320615412947
Green Solvent Enabled Perovskite Ink for Ambient‐Air‐Processed Efficient Inkjet‐Printed Perovskite Solar Cells,2025,10.1002/adfm.202503717,https://openalex.org/W4409810712,31,True,,https://doi.org/10.1002/adfm.202503717,Advanced Functional Materials,10.1002adfm.202503717,green solvent enabled perovskite ink for ambient air processed efficient inkjet printed perovskite solar cells,17.328679513998633,1.0,6.5,13.0,0.0,0.0,,,0.0,0.0,0.0,31.328679513998633
Mixed‐Organic‐Cation Tin Iodide for Lead‐Free Perovskite Solar Cells with an Efficiency of 8.12%,2017,10.1002/advs.201700204,https://openalex.org/W2734778715,503,True,https://onlinelibrary.wiley.com/doi/pdfdirect/10.1002/advs.201700204,https://doi.org/10.1002/advs.201700204,Advanced Science,10.1002advs.201700204,mixed organic cation tin iodide for lead free perovskite solar cells with an efficiency of 8 12,31.112881340356843,0.2,0.0,0.0,0.0,0.0,,,0.0,0.0,0.0,31.312881340356842
Advances in the Application of Perovskite Materials,2023,10.1007/s40820-023-01140-3,https://openalex.org/W4383710709,444,True,https://link.springer.com/content/pdf/10.1007/s40820-023-01140-3.pdf,https://doi.org/10.1007/s40820-023-01140-3,Nano-Micro Letters,10.1007s40820-023-01140-3,advances in the application of perovskite materials,30.4903714108312,0.8,0.0,0.0,0.0,0.0,,,0.0,0.0,0.0,31.290371410831202
Stability of perovskite solar cells: issues and prospects,2023,10.1039/d2ra05903g,https://openalex.org/W4313893985,435,True,https://pubs.rsc.org/en/content/articlepdf/2023/ra/d2ra05903g,https://doi.org/10.1039/d2ra05903g,RSC Advances,10.1039d2ra05903g,stability of perovskite solar cells issues and prospects,30.38821121674517,0.8,0.0,0.0,0.0,0.0,,,0.0,0.0,0.0,31.18821121674517
"Colloidal lead halide perovskite nanocrystals: synthesis, optical properties and applications",2016,10.1038/am.2016.167,https://openalex.org/W2555716431,497,True,https://www.nature.com/articles/am2016167.pdf,https://doi.org/10.1038/am.2016.167,NPG Asia Materials,10.1038am.2016.167,colloidal lead halide perovskite nanocrystals synthesis optical properties and applications,31.053000385123262,0.1,0.0,0.0,0.0,0.0,,,0.0,0.0,0.0,31.153000385123264
A general approach to high-efficiency perovskite solar cells by any antisolvent,2021,10.1038/s41467-021-22049-8,https://openalex.org/W3129036993,449,True,https://www.nature.com/articles/s41467-021-22049-8.pdf,https://doi.org/10.1038/s41467-021-22049-8,Nature Communications,10.1038s41467-021-22049-8,a general approach to high efficiency perovskite solar cells by any antisolvent,30.546237913821827,0.6,0.0,0.0,0.0,0.0,,,0.0,0.0,0.0,31.146237913821828
Enhanced Efficiency and Stability of Inverted Perovskite Solar Cells Using Highly Crystalline SnO 2 Nanocrystals as the Robust Electron‐Transporting Layer,2016,10.1002/adma.201600619,https://openalex.org/W2390031586,496,True,https://www.osti.gov/servlets/purl/1343586,https://www.osti.gov/biblio/1343586,Advanced Materials,10.1002adma.201600619,enhanced efficiency and stability of inverted perovskite solar cells using highly crystalline sno 2 nanocrystals as the robust electron transporting layer,31.042950130483145,0.1,0.0,0.0,0.0,0.0,,,0.0,0.0,0.0,31.142950130483147
Compositional Engineering for Efficient Wide Band Gap Perovskites with Improved Stability to Photoinduced Phase Segregation,2018,10.1021/acsenergylett.7b01255,https://openalex.org/W2785057478,476,True,https://www.osti.gov/servlets/purl/1693733,https://www.osti.gov/biblio/1693733,ACS Energy Letters,10.1021acsenergylett.7b01255,compositional engineering for efficient wide band gap perovskites with improved stability to photoinduced phase segregation,30.83758245444171,0.3,0.0,0.0,0.0,0.0,,,0.0,0.0,0.0,31.13758245444171
High-performance semitransparent perovskite solar cells with solution-processed silver nanowires as top electrodes,2014,10.1039/c4nr06033d,https://openalex.org/W2048098095,336,True,https://open.fau.de/bitstreams/4c6f355b-d39c-488e-bbab-5774024f7357/download,https://nbn-resolving.org/urn:nbn:de:bvb:29-opus4-83586,Nanoscale,10.1039c4nr06033d,high performance semitransparent perovskite solar cells with solution processed silver nanowires as top electrodes,29.10041465176181,0.0,1.0,2.0,0.0,0.0,,,0.0,0.0,0.0,31.10041465176181
Impact of H 2 O on organic–inorganic hybrid perovskite solar cells,2017,10.1039/c7ee01674c,https://openalex.org/W2758692133,481,True,,https://doi.org/10.1039/c7ee01674c,Energy & Environmental Science,10.1039c7ee01674c,impact of h 2 o on organic inorganic hybrid perovskite solar cells,30.889720570253,0.2,0.0,0.0,0.0,0.0,,,0.0,0.0,0.0,31.089720570253
Lead halide perovskites for photocatalytic organic synthesis,2019,10.1038/s41467-019-10634-x,https://openalex.org/W2955361498,456,True,https://www.nature.com/articles/s41467-019-10634-x.pdf,https://doi.org/10.1038/s41467-019-10634-x,Nature Communications,10.1038s41467-019-10634-x,lead halide perovskites for photocatalytic organic synthesis,30.623416954471026,0.4,0.0,0.0,0.0,0.0,,,0.0,0.0,0.0,31.023416954471024
Recent Advances in Flexible Perovskite Solar Cells: Fabrication and Applications,2018,10.1002/anie.201809781,https://openalex.org/W2937886105,457,True,https://onlinelibrary.wiley.com/doi/pdfdirect/10.1002/anie.201809781,https://doi.org/10.1002/anie.201809781,Angewandte Chemie International Edition,10.1002anie.201809781,recent advances in flexible perovskite solar cells fabrication and applications,30.634345920570926,0.3,0.0,0.0,0.0,0.0,,,0.0,0.0,0.0,30.934345920570927
Smoothing the energy transfer pathway in quasi-2D perovskite films using methanesulfonate leads to highly efficient light-emitting devices,2021,10.1038/s41467-021-21522-8,https://openalex.org/W3131699578,430,True,https://www.nature.com/articles/s41467-021-21522-8.pdf,https://doi.org/10.1038/s41467-021-21522-8,Nature Communications,10.1038s41467-021-21522-8,smoothing the energy transfer pathway in quasi 2d perovskite films using methanesulfonate leads to highly efficient light emitting devices,30.330540450518736,0.6,0.0,0.0,0.0,0.0,,,0.0,0.0,0.0,30.930540450518738
Recent Progress on the Long‐Term Stability of Perovskite Solar Cells,2018,10.1002/advs.201700387,https://openalex.org/W2790911031,450,True,https://onlinelibrary.wiley.com/doi/pdfdirect/10.1002/advs.201700387,https://doi.org/10.1002/advs.201700387,Advanced Science,10.1002advs.201700387,recent progress on the long term stability of perovskite solar cells,30.557336697513392,0.3,0.0,0.0,0.0,0.0,,,0.0,0.0,0.0,30.857336697513393
Stable and low-photovoltage-loss perovskite solar cells by multifunctional passivation,2021,10.1038/s41566-021-00829-4,https://openalex.org/W3179103525,423,True,http://ira.lib.polyu.edu.hk/bitstream/10397/103581/1/Yang_Stable_Low_Photovoltage.pdf,http://hdl.handle.net/10397/103581,Nature Photonics,10.1038s41566-021-00829-4,stable and low photovoltage loss perovskite solar cells by multifunctional passivation,30.24866727615979,0.6,0.0,0.0,0.0,0.0,,,0.0,0.0,0.0,30.84866727615979
Lead-Free Perovskite Materials for Solar Cells,2021,10.1007/s40820-020-00578-z,https://openalex.org/W3125938257,416,True,https://link.springer.com/content/pdf/10.1007/s40820-020-00578-z.pdf,https://doi.org/10.1007/s40820-020-00578-z,Nano-Micro Letters,10.1007s40820-020-00578-z,lead free perovskite materials for solar cells,30.165431108994007,0.6,0.0,0.0,0.0,0.0,,,0.0,0.0,0.0,30.765431108994008
Advances in hole transport materials engineering for stable and efficient perovskite solar cells,2017,10.1016/j.nanoen.2017.02.025,https://openalex.org/W2589370404,448,True,https://kops.uni-konstanz.de/server/api/core/bitstreams/5193df29-6b1b-4c44-b073-3e1ac3ba91dc/content,http://nbn-resolving.de/urn:nbn:de:bsz:352-0-411364,Nano Energy,10.1016j.nanoen.2017.02.025,advances in hole transport materials engineering for stable and efficient perovskite solar cells,30.535114438711272,0.2,0.0,0.0,0.0,0.0,,,0.0,0.0,0.0,30.73511443871127
Perovskite Solar Cells with ZnO Electron‐Transporting Materials,2017,10.1002/adma.201703737,https://openalex.org/W2767493122,446,True,https://discovery.ucl.ac.uk/10051643/1/final%20accepted.pdf,https://discovery.ucl.ac.uk/id/eprint/10051643/,Advanced Materials,10.1002adma.201703737,perovskite solar cells with zno electron transporting materials,30.512792973067846,0.2,0.0,0.0,0.0,0.0,,,0.0,0.0,0.0,30.712792973067845
Unveiling the synergistic effect of precursor stoichiometry and interfacial reactions for perovskite light-emitting diodes,2019,10.1038/s41467-019-10612-3,https://openalex.org/W2955901718,191,True,https://www.nature.com/articles/s41467-019-10612-3.pdf,https://doi.org/10.1038/s41467-019-10612-3,Nature Communications,10.1038s41467-019-10612-3,unveiling the synergistic effect of precursor stoichiometry and interfacial reactions for perovskite light emitting diodes,26.28747686013891,0.4,2.0,4.0,0.0,0.0,,,0.0,0.0,0.0,30.687476860138908
Zwitterionic-Surfactant-Assisted Room-Temperature Coating of Efficient Perovskite Solar Cells,2020,10.1016/j.joule.2020.09.011,https://openalex.org/W3093252872,227,True,http://www.cell.com/article/S2542435120304475/pdf,https://doi.org/10.1016/j.joule.2020.09.011,Joule,10.1016j.joule.2020.09.011,zwitterionic surfactant assisted room temperature coating of efficient perovskite solar cells,27.146728144772204,0.5,1.5,3.0,0.0,0.0,,,0.0,0.0,0.0,30.646728144772204
Nucleation and crystal growth control for scalable solution-processed organic–inorganic hybrid perovskite solar cells,2019,10.1039/c9ta11245f,https://openalex.org/W2995914256,189,True,https://escholarship.org/content/qt3ns8d73z/qt3ns8d73z.pdf?t=r30r1b,https://escholarship.org/uc/item/3ns8d73z,Journal of Materials Chemistry A,10.1039c9ta11245f,nucleation and crystal growth control for scalable solution processed organic inorganic hybrid perovskite solar cells,26.23512036080243,0.4,2.0,4.0,0.0,0.0,,,0.0,0.0,0.0,30.63512036080243
Bio-inspired vertebral design for scalable and flexible perovskite solar cells,2020,10.1038/s41467-020-16831-3,https://openalex.org/W3034870143,274,True,https://www.nature.com/articles/s41467-020-16831-3.pdf,https://doi.org/10.1038/s41467-020-16831-3,Nature Communications,10.1038s41467-020-16831-3,bio inspired vertebral design for scalable and flexible perovskite solar cells,28.08385548833286,0.5,1.0,2.0,0.0,0.0,,,0.0,0.0,0.0,30.58385548833286
3D-printed epifluidic electronic skin for machine learning–powered multimodal health surveillance,2023,10.1126/sciadv.adi6492,https://openalex.org/W4386706498,211,True,,https://doi.org/10.1126/sciadv.adi6492,Science Advances,10.1126sciadv.adi6492,3d printed epifluidic electronic skin for machine learning powered multimodal health surveillance,26.78293137336006,0.8,1.5,3.0,0.0,0.0,,,0.0,0.0,0.0,30.58293137336006
Highly efficient oxygen evolution reaction via facile bubble transport realized by three-dimensionally stack-printed catalysts,2020,10.1038/s41467-020-18686-0,https://openalex.org/W3089918156,222,True,https://www.nature.com/articles/s41467-020-18686-0.pdf,https://doi.org/10.1038/s41467-020-18686-0,Nature Communications,10.1038s41467-020-18686-0,highly efficient oxygen evolution reaction via facile bubble transport realized by three dimensionally stack printed catalysts,27.035858857300596,0.5,1.5,3.0,0.0,0.0,,,0.0,0.0,0.0,30.535858857300596
"Achievements, challenges, and future prospects for industrialization of perovskite solar cells",2024,10.1038/s41377-024-01461-x,https://openalex.org/W4402202469,372,True,https://www.nature.com/articles/s41377-024-01461-x.pdf,https://doi.org/10.1038/s41377-024-01461-x,Light Science & Applications,10.1038s41377-024-01461-x,achievements challenges and future prospects for industrialization of perovskite solar cells,29.60789209821908,0.9,0.0,0.0,0.0,0.0,,,0.0,0.0,0.0,30.507892098219077
Perovskite seeding growth of formamidinium-lead-iodide-based perovskites for efficient and stable solar cells,2018,10.1038/s41467-018-04029-7,https://openalex.org/W2801523206,414,True,https://www.nature.com/articles/s41467-018-04029-7.pdf,https://doi.org/10.1038/s41467-018-04029-7,Nature Communications,10.1038s41467-018-04029-7,perovskite seeding growth of formamidinium lead iodide based perovskites for efficient and stable solar cells,30.14139260115349,0.3,0.0,0.0,0.0,0.0,,,0.0,0.0,0.0,30.441392601153492
"Progress, challenges and perspectives in flexible perovskite solar cells",2016,10.1039/c6ee01137c,https://openalex.org/W2516530664,430,True,https://pubs.rsc.org/en/content/articlepdf/2016/ee/c6ee01137c,https://doi.org/10.1039/c6ee01137c,Energy & Environmental Science,10.1039c6ee01137c,progress challenges and perspectives in flexible perovskite solar cells,30.330540450518736,0.1,0.0,0.0,0.0,0.0,,,0.0,0.0,0.0,30.430540450518738
Broadband Emission in Two-Dimensional Hybrid Perovskites: The Role of Structural Deformation,2016,10.1021/jacs.6b10390,https://openalex.org/W2562952133,427,True,https://dr.ntu.edu.sg/bitstream/10356/86312/2/Broadband%20Emission%20in%20Two-Dimensional%20Hybrid%20Perovskites%20_%20The%20Role%20of%20Structural%20Deformation.pdf,http://hdl.handle.net/10220/43965,Journal of the American Chemical Society,10.1021jacs.6b10390,broadband emission in two dimensional hybrid perovskites the role of structural deformation,30.295615977908984,0.1,0.0,0.0,0.0,0.0,,,0.0,0.0,0.0,30.395615977908985
"Multifunctional Crosslinking‐Enabled Strain‐Regulating Crystallization for Stable, Efficient α‐FAPbI3‐Based Perovskite Solar Cells",2021,10.1002/adma.202008487,https://openalex.org/W3164199357,173,True,http://ira.lib.polyu.edu.hk/bitstream/10397/103582/1/Zhang_Multi-Functional_Cross-Linking.pdf,http://hdl.handle.net/10397/103582,Advanced Materials,10.1002adma.202008487,multifunctional crosslinking enabled strain regulating crystallization for stable efficient fapbi3 based perovskite solar cells,25.795276496072646,0.6,2.0,4.0,0.0,0.0,,,0.0,0.0,0.0,30.395276496072647
Device stability of perovskite solar cells – A review,2017,10.1016/j.rser.2017.04.003,https://openalex.org/W2606544528,418,True,https://research.aalto.fi/files/13407053/Device_stability_of_perovskite_solar_cells_last_version.pdf,https://research.aalto.fi/en/publications/dc9a93ea-feb9-4c40-9b38-70f484266bab,Renewable and Sustainable Energy Reviews,10.1016j.rser.2017.04.003,device stability of perovskite solar cells a review,30.189354599610688,0.2,0.0,0.0,0.0,0.0,,,0.0,0.0,0.0,30.389354599610687
The 2021 flexible and printed electronics roadmap,2021,10.1088/2058-8585/abf986,https://openalex.org/W3175071746,210,True,https://iopscience.iop.org/article/10.1088/2058-8585/abf986/pdf,https://doi.org/10.1088/2058-8585/abf986,Flexible and Printed Electronics,10.10882058-8585abf986,the 2021 flexible and printed electronics roadmap,26.759290667380334,0.6,1.5,3.0,0.0,0.0,,,0.0,0.0,0.0,30.359290667380336
Bifunctional Surface Engineering on SnO2 Reduces Energy Loss in Perovskite Solar Cells,2020,10.1021/acsenergylett.0c01566,https://openalex.org/W3047518622,390,True,https://utoronto.scholaris.ca/bitstreams/44c4f0d7-bc73-4891-a3f6-4826fb7468ac/download,http://hdl.handle.net/1807/104149,ACS Energy Letters,10.1021acsenergylett.0c01566,bifunctional surface engineering on sno2 reduces energy loss in perovskite solar cells,29.84353779992683,0.5,0.0,0.0,0.0,0.0,,,0.0,0.0,0.0,30.34353779992683
Enhanced photovoltaic performance and stability with a new type of hollow 3D perovskite {en}FASnI 3,2017,10.1126/sciadv.1701293,https://openalex.org/W2752922284,409,True,https://advances.sciencemag.org/content/advances/3/8/e1701293.full.pdf,https://doi.org/10.1126/sciadv.1701293,Science Advances,10.1126sciadv.1701293,enhanced photovoltaic performance and stability with a new type of hollow 3d perovskite en fasni 3,30.080785798491767,0.2,0.0,0.0,0.0,0.0,,,0.0,0.0,0.0,30.280785798491767
Lead-chelating hole-transport layers for efficient and stable perovskite minimodules,2023,10.1126/science.ade9463,https://openalex.org/W4378194809,362,True,https://www.osti.gov/servlets/purl/2337955,https://www.osti.gov/biblio/2337955,Science,10.1126science.ade9463,lead chelating hole transport layers for efficient and stable perovskite minimodules,29.472014171324254,0.8,0.0,0.0,0.0,0.0,,,0.0,0.0,0.0,30.272014171324255
Facile all-dip-coating deposition of highly efficient (CH 3 ) 3 NPbI 3−x Cl x perovskite materials from aqueous non-halide lead precursor,2020,10.1039/d0ra06074g,https://openalex.org/W3047204446,94,True,https://pubs.rsc.org/en/content/articlepdf/2020/ra/d0ra06074g,https://doi.org/10.1039/d0ra06074g,RSC Advances,10.1039d0ra06074g,facile all dip coating deposition of highly efficient ch 3 3 npbi 3 x cl x perovskite materials from aqueous non halide lead precursor,22.769384458002705,0.5,3.5,7.0,0.0,0.0,,,0.0,0.0,0.0,30.269384458002705
Inorganic wide-bandgap perovskite subcells with dipole bridge for all-perovskite tandems,2023,10.1038/s41560-023-01250-7,https://openalex.org/W4365446710,361,True,https://utoronto.scholaris.ca/bitstreams/60c4d7cf-d8af-487d-a806-450bdaf2db9d/download,http://hdl.handle.net/1807/133809,Nature Energy,10.1038s41560-023-01250-7,inorganic wide bandgap perovskite subcells with dipole bridge for all perovskite tandems,29.458221059128856,0.8,0.0,0.0,0.0,0.0,,,0.0,0.0,0.0,30.258221059128857
Co-deposition of hole-selective contact and absorber for improving the processability of perovskite solar cells,2023,10.1038/s41560-023-01227-6,https://openalex.org/W4327568952,356,True,https://www.osti.gov/servlets/purl/1969259,https://www.osti.gov/biblio/1969259,Nature Energy,10.1038s41560-023-01227-6,co deposition of hole selective contact and absorber for improving the processability of perovskite solar cells,29.388678908898193,0.8,0.0,0.0,0.0,0.0,,,0.0,0.0,0.0,30.188678908898193
Performance-limiting nanoscale trap clusters at grain junctions in halide perovskites,2020,10.1038/s41586-020-2184-1,https://openalex.org/W3016443946,377,True,https://oist.repo.nii.ac.jp/record/1643/files/combined_paper_20200708_Final%20Version_with%20fig.pdf,https://oist.repo.nii.ac.jp/records/1643,Nature,10.1038s41586-020-2184-1,performance limiting nanoscale trap clusters at grain junctions in halide perovskites,29.67447097809794,0.5,0.0,0.0,0.0,0.0,,,0.0,0.0,0.0,30.17447097809794
"Fractional deviations in precursor stoichiometry dictate the properties, performance and stability of perovskite photovoltaic devices",2018,10.1039/c8ee01136b,https://openalex.org/W2891680217,174,True,https://pubs.rsc.org/en/content/articlepdf/2018/ee/c8ee01136b,https://doi.org/10.1039/c8ee01136b,Energy & Environmental Science,10.1039c8ee01136b,fractional deviations in precursor stoichiometry dictate the properties performance and stability of perovskite photovoltaic devices,25.823929869617572,0.3,2.0,4.0,0.0,0.0,,,0.0,0.0,0.0,30.123929869617573
High-Efficiency Light-Emitting Diodes of Organometal Halide Perovskite Amorphous Nanoparticles,2016,10.1021/acsnano.6b01540,https://openalex.org/W2418723742,403,True,https://repository.bilkent.edu.tr/bitstreams/2d522915-02cd-4784-b1a3-119b2b33f67b/download,http://hdl.handle.net/11693/36721,ACS Nano,10.1021acsnano.6b01540,high efficiency light emitting diodes of organometal halide perovskite amorphous nanoparticles,30.00707438980575,0.1,0.0,0.0,0.0,0.0,,,0.0,0.0,0.0,30.107074389805753
A chemically inert bismuth interlayer enhances long-term stability of inverted perovskite solar cells,2019,10.1038/s41467-019-09167-0,https://openalex.org/W2922321003,378,True,https://www.nature.com/articles/s41467-019-09167-0.pdf,https://doi.org/10.1038/s41467-019-09167-0,Nature Communications,10.1038s41467-019-09167-0,a chemically inert bismuth interlayer enhances long term stability of inverted perovskite solar cells,29.687681025412132,0.4,0.0,0.0,0.0,0.0,,,0.0,0.0,0.0,30.08768102541213
Enhanced Charge Transport in 2D Perovskites via Fluorination of Organic Cation,2019,10.1021/jacs.9b00972,https://openalex.org/W2921931225,376,True,https://www.osti.gov/servlets/purl/1506616,https://www.osti.gov/biblio/1506616,Journal of the American Chemical Society,10.1021jacs.9b00972,enhanced charge transport in 2d perovskites via fluorination of organic cation,29.661225937240054,0.4,0.0,0.0,0.0,0.0,,,0.0,0.0,0.0,30.061225937240053
An open-access database and analysis tool for perovskite solar cells based on the FAIR data principles,2021,10.1038/s41560-021-00941-3,https://openalex.org/W4200394152,361,True,https://www.nature.com/articles/s41560-021-00941-3.pdf,https://doi.org/10.1038/s41560-021-00941-3,Nature Energy,10.1038s41560-021-00941-3,an open access database and analysis tool for perovskite solar cells based on the fair data principles,29.458221059128856,0.6,0.0,0.0,0.0,0.0,,,0.0,0.0,0.0,30.058221059128858
Recent developments in perovskite-based precursor inks for scalable architectures of perovskite solar cell technology,2022,10.1039/d2se00162d,https://openalex.org/W4285206697,47,True,https://pubs.rsc.org/en/content/articlepdf/2022/se/d2se00162d,https://doi.org/10.1039/d2se00162d,Sustainable Energy & Fuels,10.1039d2se00162d,recent developments in perovskite based precursor inks for scalable architectures of perovskite solar cell technology,19.356005054539455,0.7,5.0,10.0,0.0,0.0,,,0.0,0.0,0.0,30.056005054539455
Solution‐Processed Tin‐Based Perovskite for Near‐Infrared Lasing,2016,10.1002/adma.201601418,https://openalex.org/W2463375370,267,True,https://onlinelibrary.wiley.com/doi/pdfdirect/10.1002/adma.201601418,https://doi.org/10.1002/adma.201601418,Advanced Materials,10.1002adma.201601418,solution processed tin based perovskite for near infrared lasing,27.95493490255428,0.1,1.0,2.0,0.0,0.0,,,0.0,0.0,0.0,30.054934902554283
Reducing Saturation‐Current Density to Realize High‐Efficiency Low‐Bandgap Mixed Tin–Lead Halide Perovskite Solar Cells,2018,10.1002/aenm.201803135,https://openalex.org/W2903393784,381,True,https://www.osti.gov/servlets/purl/1487330,https://www.osti.gov/biblio/1487330,Advanced Energy Materials,10.1002aenm.201803135,reducing saturation current density to realize high efficiency low bandgap mixed tin lead halide perovskite solar cells,29.727103043032876,0.3,0.0,0.0,0.0,0.0,,,0.0,0.0,0.0,30.027103043032877
A Photonic Crystal Laser from Solution Based Organo-Lead Iodide Perovskite Thin Films,2016,10.1021/acsnano.5b08153,https://openalex.org/W2306803460,265,True,https://dr.ntu.edu.sg/bitstream/10356/141273/2/Manuscript.pdf,https://hdl.handle.net/10356/141273,ACS Nano,10.1021acsnano.5b08153,a photonic crystal laser from solution based organo lead iodide perovskite thin films,27.917481543908494,0.1,1.0,2.0,0.0,0.0,,,0.0,0.0,0.0,30.017481543908495
Strain effects on halide perovskite solar cells,2022,10.1039/d2cs00278g,https://openalex.org/W4289868437,347,True,https://pubs.rsc.org/en/content/articlepdf/2022/cs/d2cs00278g,https://doi.org/10.1039/d2cs00278g,Chemical Society Reviews,10.1039d2cs00278g,strain effects on halide perovskite solar cells,29.261012398872374,0.7,0.0,0.0,0.0,0.0,,,0.0,0.0,0.0,29.961012398872374
Functionalized MXene ink enables environmentally stable printed electronics,2024,10.1038/s41467-024-47700-y,https://openalex.org/W4395073693,81,True,https://www.nature.com/articles/s41467-024-47700-y.pdf,https://doi.org/10.1038/s41467-024-47700-y,Nature Communications,10.1038s41467-024-47700-y,functionalized mxene ink enables environmentally stable printed electronics,22.033596236321266,0.9,3.5,7.0,0.0,0.0,,,0.0,0.0,0.0,29.933596236321264
Recent progress in the development of high-efficiency inverted perovskite solar cells,2023,10.1038/s41427-023-00474-z,https://openalex.org/W4368618114,338,True,https://www.nature.com/articles/s41427-023-00474-z.pdf,https://doi.org/10.1038/s41427-023-00474-z,NPG Asia Materials,10.1038s41427-023-00474-z,recent progress in the development of high efficiency inverted perovskite solar cells,29.13000053690225,0.8,0.0,0.0,0.0,0.0,,,0.0,0.0,0.0,29.930000536902252
Flexible and efficient perovskite quantum dot solar cells via hybrid interfacial architecture,2021,10.1038/s41467-020-20749-1,https://openalex.org/W3070422161,351,True,,https://doi.org/10.1038/s41467-020-20749-1,Nature Communications,10.1038s41467-020-20749-1,flexible and efficient perovskite quantum dot solar cells via hybrid interfacial architecture,29.318155877990485,0.6,0.0,0.0,0.0,0.0,,,0.0,0.0,0.0,29.918155877990486
How the formation of interfacial charge causes hysteresis in perovskite solar cells,2018,10.1039/c8ee01447g,https://openalex.org/W2805286264,371,True,https://pubs.rsc.org/en/content/articlepdf/2018/ee/c8ee01447g,https://doi.org/10.1039/c8ee01447g,Energy & Environmental Science,10.1039c8ee01447g,how the formation of interfacial charge causes hysteresis in perovskite solar cells,29.594469271365732,0.3,0.0,0.0,0.0,0.0,,,0.0,0.0,0.0,29.894469271365733
X-ray Scintillation in Lead Halide Perovskite Crystals,2016,10.1038/srep37254,https://openalex.org/W2556394029,385,True,https://www.nature.com/articles/srep37254.pdf,https://doi.org/10.1038/srep37254,Scientific Reports,10.1038srep37254,x ray scintillation in lead halide perovskite crystals,29.779186847324155,0.1,0.0,0.0,0.0,0.0,,,0.0,0.0,0.0,29.879186847324156
Perovskite solar cells: An integrated hybrid lifecycle assessment and review in comparison with other photovoltaic technologies,2017,10.1016/j.rser.2017.05.095,https://openalex.org/W2625669580,377,True,https://www.sciencedirect.com/science/article/pii/S1364032117307311/pdf,https://doi.org/10.1016/j.rser.2017.05.095,Renewable and Sustainable Energy Reviews,10.1016j.rser.2017.05.095,perovskite solar cells an integrated hybrid lifecycle assessment and review in comparison with other photovoltaic technologies,29.67447097809794,0.2,0.0,0.0,0.0,0.0,,,0.0,0.0,0.0,29.87447097809794
Band gap tuning of perovskite solar cells for enhancing the efficiency and stability: issues and prospects,2024,10.1039/d4ra01640h,https://openalex.org/W4396967500,325,True,,https://doi.org/10.1039/d4ra01640h,RSC Advances,10.1039d4ra01640h,band gap tuning of perovskite solar cells for enhancing the efficiency and stability issues and prospects,28.934486906833538,0.9,0.0,0.0,0.0,0.0,,,0.0,0.0,0.0,29.834486906833536
Scalable Deposition Methods for Large‐area Production of Perovskite Thin Films,2019,10.1002/eem2.12043,https://openalex.org/W2955953428,240,True,https://onlinelibrary.wiley.com/doi/pdfdirect/10.1002/eem2.12043,https://doi.org/10.1002/eem2.12043,Energy & environment materials,10.1002eem2.12043,scalable deposition methods for large area production of perovskite thin films,27.423984667453276,0.4,1.0,2.0,0.0,0.0,,,0.0,0.0,0.0,29.823984667453274
Interstitial Occupancy by Extrinsic Alkali Cations in Perovskites and Its Impact on Ion Migration,2018,10.1002/adma.201707350,https://openalex.org/W2799799881,365,True,https://onlinelibrary.wiley.com/doi/pdfdirect/10.1002/adma.201707350,https://doi.org/10.1002/adma.201707350,Advanced Materials,10.1002adma.201707350,interstitial occupancy by extrinsic alkali cations in perovskites and its impact on ion migration,29.51316666700683,0.3,0.0,0.0,0.0,0.0,,,0.0,0.0,0.0,29.81316666700683
One-stone-for-two-birds strategy to attain beyond 25% perovskite solar cells,2023,10.1038/s41467-023-36229-1,https://openalex.org/W4321002470,329,True,https://www.nature.com/articles/s41467-023-36229-1.pdf,https://doi.org/10.1038/s41467-023-36229-1,Nature Communications,10.1038s41467-023-36229-1,one stone for two birds strategy to attain beyond 25 perovskite solar cells,28.99546327230263,0.8,0.0,0.0,0.0,0.0,,,0.0,0.0,0.0,29.79546327230263
Highly Emissive Green Perovskite Nanocrystals in a Solid State Crystalline Matrix,2017,10.1002/adma.201605945,https://openalex.org/W2598461673,371,True,https://utoronto.scholaris.ca/bitstreams/0fea5967-710d-4387-ad20-7d4eb76d6a8a/download,http://hdl.handle.net/1807/76899,Advanced Materials,10.1002adma.201605945,highly emissive green perovskite nanocrystals in a solid state crystalline matrix,29.594469271365732,0.2,0.0,0.0,0.0,0.0,,,0.0,0.0,0.0,29.79446927136573
Hybrid Two‐Step Inkjet‐Printed Perovskite Solar Cells,2024,10.1002/solr.202400165,https://openalex.org/W4394798681,23,True,https://onlinelibrary.wiley.com/doi/pdfdirect/10.1002/solr.202400165,https://doi.org/10.1002/solr.202400165,Solar RRL,10.1002solr.202400165,hybrid two step inkjet printed perovskite solar cells,15.890269151739728,0.9,6.5,13.0,0.0,0.0,,,0.0,0.0,0.0,29.79026915173973
A brief review of hole transporting materials commonly used in perovskite solar cells,2021,10.1007/s12598-020-01691-z,https://openalex.org/W3161202398,341,True,https://link.springer.com/content/pdf/10.1007/s12598-020-01691-z.pdf,https://doi.org/10.1007/s12598-020-01691-z,Rare Metals,10.1007s12598-020-01691-z,a brief review of hole transporting materials commonly used in perovskite solar cells,29.174053685313023,0.6,0.0,0.0,0.0,0.0,,,0.0,0.0,0.0,29.774053685313024
Spinel Co 3 O 4 nanomaterials for efficient and stable large area carbon-based printed perovskite solar cells,2017,10.1039/c7nr08289d,https://openalex.org/W2778115116,135,True,https://pubs.rsc.org/en/content/articlepdf/2018/nr/c7nr08289d,https://doi.org/10.1039/c7nr08289d,Nanoscale,10.1039c7nr08289d,spinel co 3 o 4 nanomaterials for efficient and stable large area carbon based printed perovskite solar cells,24.563274428680263,0.2,2.5,5.0,0.0,0.0,,,0.0,0.0,0.0,29.763274428680262
New Strategies for Defect Passivation in High‐Efficiency Perovskite Solar Cells,2019,10.1002/aenm.201903090,https://openalex.org/W2989749893,351,True,https://onlinelibrary.wiley.com/doi/pdfdirect/10.1002/aenm.201903090,https://doi.org/10.1002/aenm.201903090,Advanced Energy Materials,10.1002aenm.201903090,new strategies for defect passivation in high efficiency perovskite solar cells,29.318155877990485,0.4,0.0,0.0,0.0,0.0,,,0.0,0.0,0.0,29.718155877990483
Gravure‐Printed Flexible Perovskite Solar Cells: Toward Roll‐to‐Roll Manufacturing,2019,10.1002/advs.201802094,https://openalex.org/W2913778875,192,True,https://onlinelibrary.wiley.com/doi/pdfdirect/10.1002/advs.201802094,https://doi.org/10.1002/advs.201802094,Advanced Science,10.1002advs.201802094,gravure printed flexible perovskite solar cells toward roll to roll manufacturing,26.313450944524426,0.4,1.5,3.0,0.0,0.0,,,0.0,0.0,0.0,29.713450944524425
Status and advances of deep eutectic solvents for metal separation and recovery,2022,10.1039/d1gc03851f,https://openalex.org/W4213272016,330,True,https://pubs.rsc.org/en/content/articlepdf/2022/gc/d1gc03851f,https://doi.org/10.1039/d1gc03851f,Green Chemistry,10.1039d1gc03851f,status and advances of deep eutectic solvents for metal separation and recovery,29.010591876885314,0.7,0.0,0.0,0.0,0.0,,,0.0,0.0,0.0,29.710591876885314
"Carbon-based materials for stable, cheaper and large-scale processable perovskite solar cells",2019,10.1039/c9ee02115a,https://openalex.org/W2981670102,347,True,https://pubs.rsc.org/en/content/articlepdf/2019/ee/c9ee02115a,https://doi.org/10.1039/c9ee02115a,Energy & Environmental Science,10.1039c9ee02115a,carbon based materials for stable cheaper and large scale processable perovskite solar cells,29.261012398872374,0.4,0.0,0.0,0.0,0.0,,,0.0,0.0,0.0,29.661012398872373
Nano-optical designs for high-efficiency monolithic perovskite–silicon tandem solar cells,2022,10.1038/s41565-022-01228-8,https://openalex.org/W4307167599,326,True,https://www.nature.com/articles/s41565-022-01228-8.pdf,https://doi.org/10.1038/s41565-022-01228-8,Nature Nanotechnology,10.1038s41565-022-01228-8,nano optical designs for high efficiency monolithic perovskite silicon tandem solar cells,28.949800854486266,0.7,0.0,0.0,0.0,0.0,,,0.0,0.0,0.0,29.649800854486266
Efficient sky-blue perovskite light-emitting diodes via photoluminescence enhancement,2019,10.1038/s41467-019-13580-w,https://openalex.org/W2995822675,342,True,https://www.nature.com/articles/s41467-019-13580-w.pdf,https://doi.org/10.1038/s41467-019-13580-w,Nature Communications,10.1038s41467-019-13580-w,efficient sky blue perovskite light emitting diodes via photoluminescence enhancement,29.188652235829696,0.4,0.0,0.0,0.0,0.0,,,0.0,0.0,0.0,29.588652235829695
Passivation and process engineering approaches of halide perovskite films for high efficiency and stability perovskite solar cells,2021,10.1039/d1ee00062d,https://openalex.org/W3153702964,327,True,https://pubs.rsc.org/en/content/articlepdf/2021/ee/d1ee00062d,https://doi.org/10.1039/d1ee00062d,Energy & Environmental Science,10.1039d1ee00062d,passivation and process engineering approaches of halide perovskite films for high efficiency and stability perovskite solar cells,28.96506804192072,0.6,0.0,0.0,0.0,0.0,,,0.0,0.0,0.0,29.56506804192072
Device simulation of highly efficient eco-friendly CH3NH3SnI3 perovskite solar cell,2021,10.1038/s41598-021-82817-w,https://openalex.org/W3128517286,326,True,https://www.nature.com/articles/s41598-021-82817-w.pdf,https://doi.org/10.1038/s41598-021-82817-w,Scientific Reports,10.1038s41598-021-82817-w,device simulation of highly efficient eco friendly ch3nh3sni3 perovskite solar cell,28.949800854486266,0.6,0.0,0.0,0.0,0.0,,,0.0,0.0,0.0,29.549800854486268
Tin Halide Perovskites: From Fundamental Properties to Solar Cells,2021,10.1002/adma.202105844,https://openalex.org/W3203934365,325,True,https://onlinelibrary.wiley.com/doi/pdfdirect/10.1002/adma.202105844,https://doi.org/10.1002/adma.202105844,Advanced Materials,10.1002adma.202105844,tin halide perovskites from fundamental properties to solar cells,28.934486906833538,0.6,0.0,0.0,0.0,0.0,,,0.0,0.0,0.0,29.53448690683354
Efficient and stable inverted perovskite solar cells with very high fill factors via incorporation of star-shaped polymer,2021,10.1126/sciadv.abg0633,https://openalex.org/W3179866831,323,True,https://www.science.org/doi/pdf/10.1126/sciadv.abg0633?download=true,https://doi.org/10.1126/sciadv.abg0633,Science Advances,10.1126sciadv.abg0633,efficient and stable inverted perovskite solar cells with very high fill factors via incorporation of star shaped polymer,28.903717578961647,0.6,0.0,0.0,0.0,0.0,,,0.0,0.0,0.0,29.50371757896165
Crystallization of CsPbBr3 single crystals in water for X-ray detection,2021,10.1038/s41467-021-21805-0,https://openalex.org/W3135205382,322,True,https://www.nature.com/articles/s41467-021-21805-0.pdf,https://doi.org/10.1038/s41467-021-21805-0,Nature Communications,10.1038s41467-021-21805-0,crystallization of cspbbr3 single crystals in water for x ray detection,28.888261616113283,0.6,0.0,0.0,0.0,0.0,,,0.0,0.0,0.0,29.488261616113284
"Ink Design Enabling Slot‐Die Coated Perovskite Solar Cells with >22% Power Conversion Efficiency, Micro‐Modules, and 1 Year of Outdoor Performance Evaluation",2023,10.1002/aenm.202203898,https://openalex.org/W4323266868,138,True,https://onlinelibrary.wiley.com/doi/pdfdirect/10.1002/aenm.202203898,https://doi.org/10.1002/aenm.202203898,Advanced Energy Materials,10.1002aenm.202203898,ink design enabling slot die coated perovskite solar cells with 22 power conversion efficiency micro modules and 1 year of outdoor performance evaluation,24.672369665653456,0.8,2.0,4.0,0.0,0.0,,,0.0,0.0,0.0,29.472369665653456
Dopant-additive synergism enhances perovskite solar modules,2024,10.1038/s41586-024-07228-z,https://openalex.org/W4392382108,302,True,https://www.nature.com/articles/s41586-024-07228-z.pdf,https://doi.org/10.1038/s41586-024-07228-z,Nature,10.1038s41586-024-07228-z,dopant additive synergism enhances perovskite solar modules,28.568664027546845,0.9,0.0,0.0,0.0,0.0,,,0.0,0.0,0.0,29.468664027546843
Rapid hybrid perovskite film crystallization from solution,2021,10.1039/d0cs01272f,https://openalex.org/W3162009576,214,True,https://pubs.rsc.org/en/content/articlepdf/2021/cs/d0cs01272f,https://doi.org/10.1039/d0cs01272f,Chemical Society Reviews,10.1039d0cs01272f,rapid hybrid perovskite film crystallization from solution,26.85319014063831,0.6,1.0,2.0,0.0,0.0,,,0.0,0.0,0.0,29.453190140638313
Understanding Film Formation Morphology and Orientation in High Member 2D Ruddlesden–Popper Perovskites for High‐Efficiency Solar Cells,2017,10.1002/aenm.201700979,https://openalex.org/W2753117209,346,True,https://www.osti.gov/servlets/purl/1479900,https://www.osti.gov/biblio/1479900,Advanced Energy Materials,10.1002aenm.201700979,understanding film formation morphology and orientation in high member 2d ruddlesden popper perovskites for high efficiency solar cells,29.246623899734296,0.2,0.0,0.0,0.0,0.0,,,0.0,0.0,0.0,29.446623899734295
Pure crystal orientation and anisotropic charge transport in large-area hybrid perovskite films,2016,10.1038/ncomms13407,https://openalex.org/W2552559875,236,True,https://www.nature.com/articles/ncomms13407.pdf,https://doi.org/10.1038/ncomms13407,Nature Communications,10.1038ncomms13407,pure crystal orientation and anisotropic charge transport in large area hybrid perovskite films,27.34030070567566,0.1,1.0,2.0,0.0,0.0,,,0.0,0.0,0.0,29.44030070567566
Lead‐Free Halide Perovskite Materials and Optoelectronic Devices: Progress and Prospective,2023,10.1002/adfm.202307896,https://openalex.org/W4387968778,305,True,https://onlinelibrary.wiley.com/doi/pdfdirect/10.1002/adfm.202307896,https://doi.org/10.1002/adfm.202307896,Advanced Functional Materials,10.1002adfm.202307896,lead free halide perovskite materials and optoelectronic devices progress and prospective,28.617925509761903,0.8,0.0,0.0,0.0,0.0,,,0.0,0.0,0.0,29.417925509761904
Multifunctional molecular modulators for perovskite solar cells with over 20% efficiency and high operational stability,2018,10.1038/s41467-018-06709-w,https://openalex.org/W2897375678,337,True,https://www.nature.com/articles/s41467-018-06709-w.pdf,https://doi.org/10.1038/s41467-018-06709-w,Nature Communications,10.1038s41467-018-06709-w,multifunctional molecular modulators for perovskite solar cells with over 20 efficiency and high operational stability,29.115229477415095,0.3,0.0,0.0,0.0,0.0,,,0.0,0.0,0.0,29.415229477415096
Recent progress on PEDOT:PSS based polymer blends and composites for flexible electronics and thermoelectric devices,2020,10.1039/d0qm00308e,https://openalex.org/W3044345532,322,True,https://pubs.rsc.org/en/content/articlepdf/2020/qm/d0qm00308e,https://doi.org/10.1039/d0qm00308e,Materials Chemistry Frontiers,10.1039d0qm00308e,recent progress on pedot pss based polymer blends and composites for flexible electronics and thermoelectric devices,28.888261616113283,0.5,0.0,0.0,0.0,0.0,,,0.0,0.0,0.0,29.388261616113283
Roles of Fullerene‐Based Interlayers in Enhancing the Performance of Organometal Perovskite Thin‐Film Solar Cells,2015,10.1002/aenm.201402321,https://openalex.org/W2116726557,354,True,https://www.osti.gov/servlets/purl/1343575,https://www.osti.gov/biblio/1343575,Advanced Energy Materials,10.1002aenm.201402321,roles of fullerene based interlayers in enhancing the performance of organometal perovskite thin film solar cells,29.36058894737708,0.0,0.0,0.0,0.0,0.0,,,0.0,0.0,0.0,29.36058894737708
Large cation ethylammonium incorporated perovskite for efficient and spectra stable blue light-emitting diodes,2020,10.1038/s41467-020-17943-6,https://openalex.org/W3061209496,319,True,https://www.nature.com/articles/s41467-020-17943-6.pdf,https://doi.org/10.1038/s41467-020-17943-6,Nature Communications,10.1038s41467-020-17943-6,large cation ethylammonium incorporated perovskite for efficient and spectra stable blue light emitting diodes,28.84160497896886,0.5,0.0,0.0,0.0,0.0,,,0.0,0.0,0.0,29.34160497896886
Mixed Cation FAxPEA1–xPbI3 with Enhanced Phase and Ambient Stability toward High‐Performance Perovskite Solar Cells,2016,10.1002/aenm.201601307,https://openalex.org/W2525399115,345,True,https://www.osti.gov/servlets/purl/1343600,https://www.osti.gov/biblio/1343600,Advanced Energy Materials,10.1002aenm.201601307,mixed cation faxpea1 xpbi3 with enhanced phase and ambient stability toward high performance perovskite solar cells,29.232193875288623,0.1,0.0,0.0,0.0,0.0,,,0.0,0.0,0.0,29.332193875288624
Dimensionality engineering of hybrid halide perovskite light absorbers,2018,10.1038/s41467-018-07382-9,https://openalex.org/W2901657000,331,True,https://www.nature.com/articles/s41467-018-07382-9.pdf,https://doi.org/10.1038/s41467-018-07382-9,Nature Communications,10.1038s41467-018-07382-9,dimensionality engineering of hybrid halide perovskite light absorbers,29.02567484458244,0.3,0.0,0.0,0.0,0.0,,,0.0,0.0,0.0,29.32567484458244
A comprehensive review on the advancements and challenges in perovskite solar cell technology,2024,10.1039/d3ra07518d,https://openalex.org/W4391660369,288,True,https://pubs.rsc.org/en/content/articlepdf/2024/ra/d3ra07518d,https://doi.org/10.1039/d3ra07518d,RSC Advances,10.1039d3ra07518d,a comprehensive review on the advancements and challenges in perovskite solar cell technology,28.33213344056216,0.9,0.0,0.0,0.0,0.0,,,0.0,0.0,0.0,29.23213344056216
Printed Solar Cells and Energy Storage Devices on Paper Substrates,2019,10.1002/adfm.201806798,https://openalex.org/W2913018916,174,True,https://onlinelibrary.wiley.com/doi/pdfdirect/10.1002/adfm.201806798,https://doi.org/10.1002/adfm.201806798,Advanced Functional Materials,10.1002adfm.201806798,printed solar cells and energy storage devices on paper substrates,25.823929869617572,0.4,1.5,3.0,0.0,0.0,,,0.0,0.0,0.0,29.22392986961757
How antisolvent miscibility affects perovskite film wrinkling and photovoltaic properties,2021,10.1038/s41467-021-21803-2,https://openalex.org/W3133501077,136,True,https://www.nature.com/articles/s41467-021-21803-2.pdf,https://doi.org/10.1038/s41467-021-21803-2,Nature Communications,10.1038s41467-021-21803-2,how antisolvent miscibility affects perovskite film wrinkling and photovoltaic properties,24.599904629140624,0.6,2.0,4.0,0.0,0.0,,,0.0,0.0,0.0,29.199904629140626
Inkjet‐Printed Red‐Emitting Flexible LEDs Based on Sustainable Inks of Layered Tin Iodide Perovskite,2024,10.1002/adsu.202400060,https://openalex.org/W4394853961,20,True,https://onlinelibrary.wiley.com/doi/pdfdirect/10.1002/adsu.202400060,https://doi.org/10.1002/adsu.202400060,Advanced Sustainable Systems,10.1002adsu.202400060,inkjet printed red emitting flexible leds based on sustainable inks of layered tin iodide perovskite,15.222612188617115,0.9,6.5,13.0,0.0,0.0,,,0.0,0.0,0.0,29.122612188617115
The green solvent: a critical perspective,2021,10.1007/s10098-021-02188-8,https://openalex.org/W3204061141,299,True,https://link.springer.com/content/pdf/10.1007/s10098-021-02188-8.pdf,https://doi.org/10.1007/s10098-021-02188-8,Clean Technologies and Environmental Policy,10.1007s10098-021-02188-8,the green solvent a critical perspective,28.518912373281005,0.6,0.0,0.0,0.0,0.0,,,0.0,0.0,0.0,29.118912373281006
Wide-bandgap organic–inorganic hybrid and all-inorganic perovskite solar cells and their application in all-perovskite tandem solar cells,2021,10.1039/d1ee01562a,https://openalex.org/W3200186831,296,True,https://www.dora.lib4ri.ch/empa/dload/empa:27634/PDF2/view,https://www.dora.lib4ri.ch/empa/islandora/object/empa%3A27634,Energy & Environmental Science,10.1039d1ee01562a,wide bandgap organic inorganic hybrid and all inorganic perovskite solar cells and their application in all perovskite tandem solar cells,28.4686606940135,0.6,0.0,0.0,0.0,0.0,,,0.0,0.0,0.0,29.068660694013502
Bifunctional hole-shuttle molecule for improved interfacial energy level alignment and defect passivation in perovskite solar cells,2023,10.1038/s41560-023-01249-0,https://openalex.org/W4366162946,284,True,https://www.nature.com/articles/s41560-023-01249-0.pdf,https://doi.org/10.1038/s41560-023-01249-0,Nature Energy,10.1038s41560-023-01249-0,bifunctional hole shuttle molecule for improved interfacial energy level alignment and defect passivation in perovskite solar cells,28.262445901343256,0.8,0.0,0.0,0.0,0.0,,,0.0,0.0,0.0,29.062445901343256
Interpenetrating interfaces for efficient perovskite solar cells with high operational stability and mechanical robustness,2021,10.1038/s41467-021-21292-3,https://openalex.org/W3126723938,295,True,https://www.nature.com/articles/s41467-021-21292-3.pdf,https://doi.org/10.1038/s41467-021-21292-3,Nature Communications,10.1038s41467-021-21292-3,interpenetrating interfaces for efficient perovskite solar cells with high operational stability and mechanical robustness,28.4517972716203,0.6,0.0,0.0,0.0,0.0,,,0.0,0.0,0.0,29.051797271620302
Dipolar cations confer defect tolerance in wide-bandgap metal halide perovskites,2018,10.1038/s41467-018-05531-8,https://openalex.org/W2885341599,312,True,https://www.nature.com/articles/s41467-018-05531-8.pdf,https://doi.org/10.1038/s41467-018-05531-8,Nature Communications,10.1038s41467-018-05531-8,dipolar cations confer defect tolerance in wide bandgap metal halide perovskites,28.731015952700766,0.3,0.0,0.0,0.0,0.0,,,0.0,0.0,0.0,29.031015952700766
Surface engineering toward stable lithium metal anodes,2023,10.1126/sciadv.adf1550,https://openalex.org/W4362636821,282,True,,https://doi.org/10.1126/sciadv.adf1550,Science Advances,10.1126sciadv.adf1550,surface engineering toward stable lithium metal anodes,28.22723448821619,0.8,0.0,0.0,0.0,0.0,,,0.0,0.0,0.0,29.02723448821619
Synthetic control over orientational degeneracy of spacer cations enhances solar cell efficiency in two-dimensional perovskites,2019,10.1038/s41467-019-08980-x,https://openalex.org/W2924619706,305,True,https://www.nature.com/articles/s41467-019-08980-x.pdf,https://doi.org/10.1038/s41467-019-08980-x,Nature Communications,10.1038s41467-019-08980-x,synthetic control over orientational degeneracy of spacer cations enhances solar cell efficiency in two dimensional perovskites,28.617925509761903,0.4,0.0,0.0,0.0,0.0,,,0.0,0.0,0.0,29.017925509761902
Mechanical integrity of solution-processed perovskite solar cells,2016,10.1016/j.eml.2016.06.006,https://openalex.org/W2466423473,216,True,https://www.sciencedirect.com/science/article/pii/S2352431616300724/pdf,https://doi.org/10.1016/j.eml.2016.06.006,Extreme Mechanics Letters,10.1016j.eml.2016.06.006,mechanical integrity of solution processed perovskite solar cells,26.8994867677023,0.1,1.0,2.0,0.0,0.0,,,0.0,0.0,0.0,28.9994867677023
Employing 2D‐Perovskite as an Electron Blocking Layer in Highly Efficient (18.5%) Perovskite Solar Cells with Printable Low Temperature Carbon Electrode,2022,10.1002/aenm.202200837,https://openalex.org/W4223935526,128,True,https://onlinelibrary.wiley.com/doi/pdfdirect/10.1002/aenm.202200837,https://doi.org/10.1002/aenm.202200837,Advanced Energy Materials,10.1002aenm.202200837,employing 2d perovskite as an electron blocking layer in highly efficient 18 5 perovskite solar cells with printable low temperature carbon electrode,24.29906202180836,0.7,2.0,4.0,0.0,0.0,,,0.0,0.0,0.0,28.99906202180836
Simplified interconnection structure based on C60/SnO2-x for all-perovskite tandem solar cells,2020,10.1038/s41560-020-0657-y,https://openalex.org/W3042935197,297,True,https://www.osti.gov/servlets/purl/1645622,https://www.osti.gov/biblio/1645622,Nature Energy,10.1038s41560-020-0657-y,simplified interconnection structure based on c60 sno2 x for all perovskite tandem solar cells,28.485467432527024,0.5,0.0,0.0,0.0,0.0,,,0.0,0.0,0.0,28.985467432527024
Tautomeric mixture coordination enables efficient lead-free perovskite LEDs,2023,10.1038/s41586-023-06514-6,https://openalex.org/W4385709064,278,True,https://infoscience.epfl.ch/bitstreams/9cfb62cf-969e-42c2-82bb-88324fd8ef14/download,https://infoscience.epfl.ch/handle/20.500.14299/201838,Nature,10.1038s41586-023-06514-6,tautomeric mixture coordination enables efficient lead free perovskite leds,28.156058909106825,0.8,0.0,0.0,0.0,0.0,,,0.0,0.0,0.0,28.956058909106826
Myths and reality of HPbI3 in halide perovskite solar cells,2018,10.1038/s41467-018-07204-y,https://openalex.org/W2900078643,307,True,https://www.nature.com/articles/s41467-018-07204-y.pdf,https://doi.org/10.1038/s41467-018-07204-y,Nature Communications,10.1038s41467-018-07204-y,myths and reality of hpbi3 in halide perovskite solar cells,28.65049891486787,0.3,0.0,0.0,0.0,0.0,,,0.0,0.0,0.0,28.95049891486787
Two birds with one stone: dual grain-boundary and interface passivation enables >22% efficient inverted methylammonium-free perovskite solar cells,2021,10.1039/d1ee01508g,https://openalex.org/W3191917802,289,True,https://pubs.rsc.org/en/content/articlepdf/2021/ee/d1ee01508g,https://doi.org/10.1039/d1ee01508g,Energy & Environmental Science,10.1039d1ee01508g,two birds with one stone dual grain boundary and interface passivation enables 22 efficient inverted methylammonium free perovskite solar cells,28.349404614902596,0.6,0.0,0.0,0.0,0.0,,,0.0,0.0,0.0,28.949404614902598
Unveiling the operation mechanism of layered perovskite solar cells,2019,10.1038/s41467-019-08958-9,https://openalex.org/W2917115373,298,True,https://www.nature.com/articles/s41467-019-08958-9.pdf,https://doi.org/10.1038/s41467-019-08958-9,Nature Communications,10.1038s41467-019-08958-9,unveiling the operation mechanism of layered perovskite solar cells,28.502217866953433,0.4,0.0,0.0,0.0,0.0,,,0.0,0.0,0.0,28.902217866953432
"Recent Progress in Single‐Crystalline Perovskite Research Including Crystal Preparation, Property Evaluation, and Applications",2017,10.1002/advs.201700471,https://openalex.org/W2767375089,307,True,https://onlinelibrary.wiley.com/doi/pdfdirect/10.1002/advs.201700471,https://doi.org/10.1002/advs.201700471,Advanced Science,10.1002advs.201700471,recent progress in single crystalline perovskite research including crystal preparation property evaluation and applications,28.65049891486787,0.2,0.0,0.0,0.0,0.0,,,0.0,0.0,0.0,28.85049891486787
Scalable Fabrication of Perovskite Solar Cells with Inkjet-Printed Perovskite Absorbers Processed under Ambient Conditions,2025,10.1021/acsami.4c20567,https://openalex.org/W4409919921,12,True,https://pubs.acs.org/doi/pdf/10.1021/acsami.4c20567?ref=article_openPDF,https://doi.org/10.1021/acsami.4c20567,ACS Applied Materials & Interfaces,10.1021acsami.4c20567,scalable fabrication of perovskite solar cells with inkjet printed perovskite absorbers processed under ambient conditions,12.824746787307683,1.0,7.5,15.0,0.0,0.0,,,0.0,0.0,0.0,28.82474678730768
Efficient blue electroluminescence from reduced-dimensional perovskites,2024,10.1038/s41566-024-01382-6,https://openalex.org/W4391258645,265,True,https://www.repository.cam.ac.uk/bitstreams/c93a3b6a-0e88-4388-b662-67bf3316a1a8/download,https://www.repository.cam.ac.uk/handle/1810/363149,Nature Photonics,10.1038s41566-024-01382-6,efficient blue electroluminescence from reduced dimensional perovskites,27.917481543908494,0.9,0.0,0.0,0.0,0.0,,,0.0,0.0,0.0,28.817481543908492
"Third-generation solar cells: a review and comparison of polymer:fullerene, hybrid polymer and perovskite solar cells",2014,10.1039/c4ra07064j,https://openalex.org/W2161663950,317,True,https://pubs.rsc.org/en/content/articlepdf/2014/ra/c4ra07064j,https://doi.org/10.1039/c4ra07064j,RSC Advances,10.1039c4ra07064j,third generation solar cells a review and comparison of polymer fullerene hybrid polymer and perovskite solar cells,28.810256913900886,0.0,0.0,0.0,0.0,0.0,,,0.0,0.0,0.0,28.810256913900886
Suppressing ion migration in metal halide perovskite via interstitial doping with a trace amount of multivalent cations,2022,10.1038/s41563-022-01390-3,https://openalex.org/W4309219319,275,True,https://avesis.marmara.edu.tr/api/publication/ea618ee8-8094-4cb5-89a7-5305b6271b05/file,https://hdl.handle.net/11424/284042,Nature Materials,10.1038s41563-022-01390-3,suppressing ion migration in metal halide perovskite via interstitial doping with a trace amount of multivalent cations,28.10200432858575,0.7,0.0,0.0,0.0,0.0,,,0.0,0.0,0.0,28.80200432858575
Phase Transition Control for High Performance Ruddlesden–Popper Perovskite Solar Cells,2018,10.1002/adma.201707166,https://openalex.org/W2796127803,297,True,https://www.osti.gov/servlets/purl/1558068,https://www.osti.gov/biblio/1558068,Advanced Materials,10.1002adma.201707166,phase transition control for high performance ruddlesden popper perovskite solar cells,28.485467432527024,0.3,0.0,0.0,0.0,0.0,,,0.0,0.0,0.0,28.785467432527025
Radiation Hardness and Self‐Healing of Perovskite Solar Cells,2016,10.1002/adma.201603326,https://openalex.org/W2509920167,309,True,https://www.helmholtz-berlin.de/pubbin/oai_publication?VT=1&ID=89666,https://www.helmholtz-berlin.de/pubbin/oai_publication?VT=1&ID=89666,Advanced Materials,10.1002adma.201603326,radiation hardness and self healing of perovskite solar cells,28.68286148739596,0.1,0.0,0.0,0.0,0.0,,,0.0,0.0,0.0,28.782861487395962
Engineering Halide Perovskite Crystals through Precursor Chemistry,2019,10.1002/smll.201903613,https://openalex.org/W2981551027,130,True,,https://research.manchester.ac.uk/en/publications/a81f80b4-480b-4d9c-9bf8-8bfd287400a2,Small,10.1002smll.201903613,engineering halide perovskite crystals through precursor chemistry,24.375986616005754,0.4,2.0,4.0,0.0,0.0,,,0.0,0.0,0.0,28.775986616005753
Enhanced optical path and electron diffusion length enable high-efficiency perovskite tandems,2020,10.1038/s41467-020-15077-3,https://openalex.org/W3010082540,283,True,https://www.nature.com/articles/s41467-020-15077-3.pdf,https://doi.org/10.1038/s41467-020-15077-3,Nature Communications,10.1038s41467-020-15077-3,enhanced optical path and electron diffusion length enable high efficiency perovskite tandems,28.24487119080603,0.5,0.0,0.0,0.0,0.0,,,0.0,0.0,0.0,28.74487119080603
Hole-Transporting Materials for Printable Perovskite Solar Cells,2017,10.3390/ma10091087,https://openalex.org/W2755546960,134,True,https://www.mdpi.com/1996-1944/10/9/1087/pdf?version=1505484678,https://doi.org/10.3390/ma10091087,Materials,10.3390ma10091087,hole transporting materials for printable perovskite solar cells,24.526373892192147,0.2,2.0,4.0,0.0,0.0,,,0.0,0.0,0.0,28.726373892192147
Long-lived hot-carrier light emission and large blue shift in formamidinium tin triiodide perovskites,2018,10.1038/s41467-017-02684-w,https://openalex.org/W2783473290,293,True,https://www.nature.com/articles/s41467-017-02684-w.pdf,https://doi.org/10.1038/s41467-017-02684-w,Nature Communications,10.1038s41467-017-02684-w,long lived hot carrier light emission and large blue shift in formamidinium tin triiodide perovskites,28.417898836693407,0.3,0.0,0.0,0.0,0.0,,,0.0,0.0,0.0,28.717898836693408
Metal Halide Perovskites for High‐Energy Radiation Detection,2020,10.1002/advs.202002098,https://openalex.org/W3093266119,281,True,https://www.onlinelibrary.wiley.com/doi/pdfdirect/10.1002/advs.202002098,https://doi.org/10.1002/advs.202002098,Advanced Science,10.1002advs.202002098,metal halide perovskites for high energy radiation detection,28.20953535469057,0.5,0.0,0.0,0.0,0.0,,,0.0,0.0,0.0,28.70953535469057
Low‐Dimensional Metal Halide Perovskite Crystal Materials: Structure Strategies and Luminescence Applications,2021,10.1002/advs.202004805,https://openalex.org/W3170878588,273,True,https://onlinelibrary.wiley.com/doi/pdfdirect/10.1002/advs.202004805,https://doi.org/10.1002/advs.202004805,Advanced Science,10.1002advs.202004805,low dimensional metal halide perovskite crystal materials structure strategies and luminescence applications,28.065640531940353,0.6,0.0,0.0,0.0,0.0,,,0.0,0.0,0.0,28.665640531940355
Self-assembled monolayer enabling improved buried interfaces in blade-coated perovskite solar cells for high efficiency and stability,2022,10.26599/nre.2022.9120004,https://openalex.org/W4220832752,145,True,https://www.sciopen.com/article_pdf/1505803554504044545.pdf,https://doi.org/10.26599/nre.2022.9120004,Nano Research Energy,10.26599nre.2022.9120004,self assembled monolayer enabling improved buried interfaces in blade coated perovskite solar cells for high efficiency and stability,24.91803310854168,0.7,1.5,3.0,0.0,0.0,,,0.0,0.0,0.0,28.61803310854168
Lead‐Free Hybrid Perovskite Absorbers for Viable Application: Can We Eat the Cake and Have It too?,2017,10.1002/advs.201700331,https://openalex.org/W2768735656,293,True,https://onlinelibrary.wiley.com/doi/pdfdirect/10.1002/advs.201700331,https://doi.org/10.1002/advs.201700331,Advanced Science,10.1002advs.201700331,lead free hybrid perovskite absorbers for viable application can we eat the cake and have it too,28.417898836693407,0.2,0.0,0.0,0.0,0.0,,,0.0,0.0,0.0,28.617898836693406
"Stretchable, Breathable, and Stable Lead‐Free Perovskite/Polymer Nanofiber Composite for Hybrid Triboelectric and Piezoelectric Energy Harvesting",2022,10.1002/adma.202200042,https://openalex.org/W4214890820,264,True,https://onlinelibrary.wiley.com/doi/pdfdirect/10.1002/adma.202200042,https://doi.org/10.1002/adma.202200042,Advanced Materials,10.1002adma.202200042,stretchable breathable and stable lead free perovskite polymer nanofiber composite for hybrid triboelectric and piezoelectric energy harvesting,27.89864912993111,0.7,0.0,0.0,0.0,0.0,,,0.0,0.0,0.0,28.598649129931108
"Colloidal Metal‐Halide Perovskite Nanoplatelets: Thickness‐Controlled Synthesis, Properties, and Application in Light‐Emitting Diodes",2021,10.1002/adma.202107105,https://openalex.org/W3212817537,268,True,https://onlinelibrary.wiley.com/doi/pdfdirect/10.1002/adma.202107105,https://doi.org/10.1002/adma.202107105,Advanced Materials,10.1002adma.202107105,colloidal metal halide perovskite nanoplatelets thickness controlled synthesis properties and application in light emitting diodes,27.973556898009196,0.6,0.0,0.0,0.0,0.0,,,0.0,0.0,0.0,28.573556898009198
Impacts of alkaline on the defects property and crystallization kinetics in perovskite solar cells,2019,10.1038/s41467-019-09093-1,https://openalex.org/W2918872551,278,True,https://www.nature.com/articles/s41467-019-09093-1.pdf,https://doi.org/10.1038/s41467-019-09093-1,Nature Communications,10.1038s41467-019-09093-1,impacts of alkaline on the defects property and crystallization kinetics in perovskite solar cells,28.156058909106825,0.4,0.0,0.0,0.0,0.0,,,0.0,0.0,0.0,28.556058909106824
Ion-induced field screening as a dominant factor in perovskite solar cell operational stability,2024,10.1038/s41560-024-01487-w,https://openalex.org/W4393261943,251,True,https://www.nature.com/articles/s41560-024-01487-w.pdf,https://doi.org/10.1038/s41560-024-01487-w,Nature Energy,10.1038s41560-024-01487-w,ion induced field screening as a dominant factor in perovskite solar cell operational stability,27.647145437557118,0.9,0.0,0.0,0.0,0.0,,,0.0,0.0,0.0,28.547145437557116
Highly Efficient Perovskite Solar Modules by Scalable Fabrication and Interconnection Optimization,2018,10.1021/acsenergylett.7b01221,https://openalex.org/W2782049574,189,True,https://www.osti.gov/servlets/purl/1419411,https://www.osti.gov/biblio/1419411,ACS Energy Letters,10.1021acsenergylett.7b01221,highly efficient perovskite solar modules by scalable fabrication and interconnection optimization,26.23512036080243,0.3,1.0,2.0,0.0,0.0,,,0.0,0.0,0.0,28.53512036080243
Recent progress in morphology optimization in perovskite solar cell,2020,10.1039/d0ta00143k,https://openalex.org/W3021792750,271,True,https://pubs.rsc.org/en/content/articlepdf/2020/ta/d0ta00143k,https://doi.org/10.1039/d0ta00143k,Journal of Materials Chemistry A,10.1039d0ta00143k,recent progress in morphology optimization in perovskite solar cell,28.029010331479988,0.5,0.0,0.0,0.0,0.0,,,0.0,0.0,0.0,28.529010331479988
Low-temperature carbon-based electrodes in perovskite solar cells,2020,10.1039/d0ee02175j,https://openalex.org/W3084278585,270,True,https://pubs.rsc.org/en/content/articlepdf/2020/ee/d0ee02175j,https://doi.org/10.1039/d0ee02175j,Energy & Environmental Science,10.1039d0ee02175j,low temperature carbon based electrodes in perovskite solar cells,28.010594104398507,0.5,0.0,0.0,0.0,0.0,,,0.0,0.0,0.0,28.510594104398507
Pathways toward high-performance perovskite solar cells: review of recent advances in organo-metal halide perovskites for photovoltaic applications,2016,10.1117/1.jpe.6.022001,https://openalex.org/W2339358608,292,True,https://www.spiedigitallibrary.org/journals/Journal-of-Photonics-for-Energy/volume-6/issue-2/022001/Pathways-toward-high-performance-perovskite-solar-cells--review-of/10.1117/1.JPE.6.022001.pdf,https://doi.org/10.1117/1.jpe.6.022001,Journal of Photonics for Energy,10.11171.jpe.6.022001,pathways toward high performance perovskite solar cells review of recent advances in organo metal halide perovskites for photovoltaic applications,28.400863045085337,0.1,0.0,0.0,0.0,0.0,,,0.0,0.0,0.0,28.50086304508534
Advances and challenges to the commercialization of organic–inorganic halide perovskite solar cell technology,2017,10.1016/j.mtener.2017.09.008,https://openalex.org/W2756513271,284,True,https://www.sciencedirect.com/science/article/pii/S2468606917301363/pdf,https://doi.org/10.1016/j.mtener.2017.09.008,Materials Today Energy,10.1016j.mtener.2017.09.008,advances and challenges to the commercialization of organic inorganic halide perovskite solar cell technology,28.262445901343256,0.2,0.0,0.0,0.0,0.0,,,0.0,0.0,0.0,28.462445901343255
Quantum Dots Supply Bulk- and Surface-Passivation Agents for Efficient and Stable Perovskite Solar Cells,2019,10.1016/j.joule.2019.05.005,https://openalex.org/W2946232135,272,True,http://www.cell.com/article/S254243511930217X/pdf,https://doi.org/10.1016/j.joule.2019.05.005,Joule,10.1016j.joule.2019.05.005,quantum dots supply bulk and surface passivation agents for efficient and stable perovskite solar cells,28.047358975924798,0.4,0.0,0.0,0.0,0.0,,,0.0,0.0,0.0,28.447358975924796
Self-assembled bilayer for perovskite solar cells with improved tolerance against thermal stresses,2025,10.1038/s41560-024-01689-2,https://openalex.org/W4406104388,241,True,https://www.nature.com/articles/s41560-024-01689-2.pdf,https://doi.org/10.1038/s41560-024-01689-2,Nature Energy,10.1038s41560-024-01689-2,self assembled bilayer for perovskite solar cells with improved tolerance against thermal stresses,27.444688630783432,1.0,0.0,0.0,0.0,0.0,,,0.0,0.0,0.0,28.444688630783432
Ammonium cations with high pKa in perovskite solar cells for improved high-temperature photostability,2023,10.1038/s41560-023-01362-0,https://openalex.org/W4387130548,248,True,https://www.osti.gov/servlets/purl/2337954,https://www.osti.gov/biblio/2337954,Nature Energy,10.1038s41560-023-01362-0,ammonium cations with high pka in perovskite solar cells for improved high temperature photostability,27.587264482323537,0.8,0.0,0.0,0.0,0.0,,,0.0,0.0,0.0,28.387264482323538
Efficient Semitransparent Perovskite Solar Cells for 23.0%‐Efficiency Perovskite/Silicon Four‐Terminal Tandem Cells,2016,10.1002/aenm.201601128,https://openalex.org/W2500915427,284,True,https://www.osti.gov/servlets/purl/1342622,https://www.osti.gov/biblio/1342622,Advanced Energy Materials,10.1002aenm.201601128,efficient semitransparent perovskite solar cells for 23 0 efficiency perovskite silicon four terminal tandem cells,28.262445901343256,0.1,0.0,0.0,0.0,0.0,,,0.0,0.0,0.0,28.362445901343257
Manipulation of facet orientation in hybrid perovskite polycrystalline films by cation cascade,2018,10.1038/s41467-018-05076-w,https://openalex.org/W2870524276,271,True,https://www.nature.com/articles/s41467-018-05076-w.pdf,https://doi.org/10.1038/s41467-018-05076-w,Nature Communications,10.1038s41467-018-05076-w,manipulation of facet orientation in hybrid perovskite polycrystalline films by cation cascade,28.029010331479988,0.3,0.0,0.0,0.0,0.0,,,0.0,0.0,0.0,28.32901033147999
Hysteresis-free perovskite solar cells made of potassium-doped organometal halide perovskite,2017,10.1038/s41598-017-12436-x,https://openalex.org/W2754484403,275,True,https://www.nature.com/articles/s41598-017-12436-x.pdf,https://doi.org/10.1038/s41598-017-12436-x,Scientific Reports,10.1038s41598-017-12436-x,hysteresis free perovskite solar cells made of potassium doped organometal halide perovskite,28.10200432858575,0.2,0.0,0.0,0.0,0.0,,,0.0,0.0,0.0,28.30200432858575
Controllable Perovskite Crystallization via Antisolvent Technique Using Chloride Additives for Highly Efficient Planar Perovskite Solar Cells,2019,10.1002/aenm.201803587,https://openalex.org/W2922408218,263,True,https://onlinelibrary.wiley.com/doi/pdfdirect/10.1002/aenm.201803587,https://doi.org/10.1002/aenm.201803587,Advanced Energy Materials,10.1002aenm.201803587,controllable perovskite crystallization via antisolvent technique using chloride additives for highly efficient planar perovskite solar cells,27.879745515731578,0.4,0.0,0.0,0.0,0.0,,,0.0,0.0,0.0,28.279745515731577
Understanding effects of precursor solution aging in triple cation lead perovskite,2018,10.1039/c8ra03471k,https://openalex.org/W2808525272,80,True,https://pubs.rsc.org/en/content/articlepdf/2018/ra/c8ra03471k,https://doi.org/10.1039/c8ra03471k,RSC Advances,10.1039c8ra03471k,understanding effects of precursor solution aging in triple cation lead perovskite,21.972245773362197,0.3,3.0,6.0,0.0,0.0,,,0.0,0.0,0.0,28.272245773362197
"Synergy of 3D and 2D Perovskites for Durable, Efficient Solar Cells and Beyond",2023,10.1021/acs.chemrev.3c00214,https://openalex.org/W4383711345,241,True,https://hal.science/hal-04160913/document,https://hal.science/hal-04160913,Chemical Reviews,10.1021acs.chemrev.3c00214,synergy of 3d and 2d perovskites for durable efficient solar cells and beyond,27.444688630783432,0.8,0.0,0.0,0.0,0.0,,,0.0,0.0,0.0,28.244688630783433
Out-of-equilibrium processes in crystallization of organic-inorganic perovskites during spin coating,2021,10.1038/s41467-021-25898-5,https://openalex.org/W3199825721,137,True,https://www.nature.com/articles/s41467-021-25898-5.pdf,https://doi.org/10.1038/s41467-021-25898-5,Nature Communications,10.1038s41467-021-25898-5,out of equilibrium processes in crystallization of organic inorganic perovskites during spin coating,24.636268425786024,0.6,1.5,3.0,0.0,0.0,,,0.0,0.0,0.0,28.236268425786026
All-inorganic CsPbBr 3 perovskite: a promising choice for photovoltaics,2020,10.1039/d0ma00866d,https://openalex.org/W3111567358,255,True,https://pubs.rsc.org/en/content/articlepdf/2021/ma/d0ma00866d,https://doi.org/10.1039/d0ma00866d,Materials Advances,10.1039d0ma00866d,all inorganic cspbbr 3 perovskite a promising choice for photovoltaics,27.725887222397812,0.5,0.0,0.0,0.0,0.0,,,0.0,0.0,0.0,28.225887222397812
The impact of moisture on the stability and degradation of perovskites in solar cells,2024,10.1039/d3ma00828b,https://openalex.org/W4391758769,233,True,https://pubs.rsc.org/en/content/articlepdf/2024/ma/d3ma00828b,https://doi.org/10.1039/d3ma00828b,Materials Advances,10.1039d3ma00828b,the impact of moisture on the stability and degradation of perovskites in solar cells,27.27660557678851,0.9,0.0,0.0,0.0,0.0,,,0.0,0.0,0.0,28.176605576788507
Perovskite Solar Cells with Large-Area CVD-Graphene for Tandem Solar Cells,2015,10.1021/acs.jpclett.5b01177,https://openalex.org/W2411848374,186,True,https://www.helmholtz-berlin.de/pubbin/oai_publication?VT=1&ID=86276,https://www.helmholtz-berlin.de/pubbin/oai_publication?VT=1&ID=86276,The Journal of Physical Chemistry Letters,10.1021acs.jpclett.5b01177,perovskite solar cells with large area cvd graphene for tandem solar cells,26.155543084272935,0.0,1.0,2.0,0.0,0.0,,,0.0,0.0,0.0,28.155543084272935
MoS2 Quantum Dot/Graphene Hybrids for Advanced Interface Engineering of a CH3NH3PbI3 Perovskite Solar Cell with an Efficiency of over 20%,2018,10.1021/acsnano.8b05514,https://openalex.org/W2890882564,261,True,https://arxiv.org/pdf/1903.08954,http://arxiv.org/abs/1903.08954,ACS Nano,10.1021acsnano.8b05514,mos2 quantum dot graphene hybrids for advanced interface engineering of a ch3nh3pbi3 perovskite solar cell with an efficiency of over 20,27.841722518805483,0.3,0.0,0.0,0.0,0.0,,,0.0,0.0,0.0,28.141722518805484
Perovskite Quantum Dot Photovoltaic Materials beyond the Reach of Thin Films: Full-Range Tuning of A-Site Cation Composition,2018,10.1021/acsnano.8b05555,https://openalex.org/W2894425567,261,True,https://www.osti.gov/servlets/purl/1476707,https://www.osti.gov/biblio/1476707,ACS Nano,10.1021acsnano.8b05555,perovskite quantum dot photovoltaic materials beyond the reach of thin films full range tuning of a site cation composition,27.841722518805483,0.3,0.0,0.0,0.0,0.0,,,0.0,0.0,0.0,28.141722518805484
Scalable two-terminal all-perovskite tandem solar modules with a 19.1% efficiency,2022,10.1038/s41560-022-01059-w,https://openalex.org/W4284690081,161,True,https://www.nature.com/articles/s41560-022-01059-w.pdf,https://doi.org/10.1038/s41560-022-01059-w,Nature Energy,10.1038s41560-022-01059-w,scalable two terminal all perovskite tandem solar modules with a 19 1 efficiency,25.437981676161918,0.7,1.0,2.0,0.0,0.0,,,0.0,0.0,0.0,28.137981676161917
Perovskite–organic tandem solar cells,2024,10.1038/s41578-023-00642-1,https://openalex.org/W4391383672,230,True,http://hub.hku.hk/bitstream/10722/342801/1/content.pdf,https://hub.hku.hk/handle/10722/342801,Nature Reviews Materials,10.1038s41578-023-00642-1,perovskite organic tandem solar cells,27.212088552608968,0.9,0.0,0.0,0.0,0.0,,,0.0,0.0,0.0,28.112088552608967
Assessing health and environmental impacts of solvents for producing perovskite solar cells,2020,10.1038/s41893-020-00645-8,https://openalex.org/W3111080430,249,True,https://www.osti.gov/servlets/purl/1755742,https://www.osti.gov/biblio/1755742,Nature Sustainability,10.1038s41893-020-00645-8,assessing health and environmental impacts of solvents for producing perovskite solar cells,27.60730458931123,0.5,0.0,0.0,0.0,0.0,,,0.0,0.0,0.0,28.10730458931123
Review on Chemical Stability of Lead Halide Perovskite Solar Cells,2023,10.1007/s40820-023-01046-0,https://openalex.org/W4362475286,233,True,https://link.springer.com/content/pdf/10.1007/s40820-023-01046-0.pdf,https://doi.org/10.1007/s40820-023-01046-0,Nano-Micro Letters,10.1007s40820-023-01046-0,review on chemical stability of lead halide perovskite solar cells,27.27660557678851,0.8,0.0,0.0,0.0,0.0,,,0.0,0.0,0.0,28.07660557678851
Dimension control of in situ fabricated CsPbClBr2 nanocrystal films toward efficient blue light-emitting diodes,2020,10.1038/s41467-020-20163-7,https://openalex.org/W3116386156,247,True,https://www.nature.com/articles/s41467-020-20163-7.pdf,https://doi.org/10.1038/s41467-020-20163-7,Nature Communications,10.1038s41467-020-20163-7,dimension control of in situ fabricated cspbclbr2 nanocrystal films toward efficient blue light emitting diodes,27.567143730824913,0.5,0.0,0.0,0.0,0.0,,,0.0,0.0,0.0,28.067143730824913
Optical determination of Shockley-Read-Hall and interface recombination currents in hybrid perovskites,2017,10.1038/srep44629,https://openalex.org/W2600000554,261,True,https://www.nature.com/articles/srep44629.pdf,https://doi.org/10.1038/srep44629,Scientific Reports,10.1038srep44629,optical determination of shockley read hall and interface recombination currents in hybrid perovskites,27.841722518805483,0.2,0.0,0.0,0.0,0.0,,,0.0,0.0,0.0,28.041722518805482
Germanium/perovskite heterostructure for high-performance and broadband photodetector from visible to infrared telecommunication band,2019,10.1038/s41377-019-0218-y,https://openalex.org/W2990034422,250,True,https://www.nature.com/articles/s41377-019-0218-y.pdf,https://doi.org/10.1038/s41377-019-0218-y,Light Science & Applications,10.1038s41377-019-0218-y,germanium perovskite heterostructure for high performance and broadband photodetector from visible to infrared telecommunication band,27.627264695658916,0.4,0.0,0.0,0.0,0.0,,,0.0,0.0,0.0,28.027264695658914
Modulating crystal growth of formamidinium–caesium perovskites for over 200 cm2 photovoltaic sub-modules,2022,10.1038/s41560-022-01039-0,https://openalex.org/W4281640703,235,True,https://www.nature.com/articles/s41560-022-01039-0.pdf,https://doi.org/10.1038/s41560-022-01039-0,Nature Energy,10.1038s41560-022-01039-0,modulating crystal growth of formamidinium caesium perovskites for over 200 cm2 photovoltaic sub modules,27.31915902512805,0.7,0.0,0.0,0.0,0.0,,,0.0,0.0,0.0,28.01915902512805
Humidity resistant fabrication of CH3NH3PbI3 perovskite solar cells and modules,2017,10.1016/j.nanoen.2017.06.039,https://openalex.org/W2652363653,256,True,https://www.sciencedirect.com/science/article/pii/S2211285517303932/pdf,https://doi.org/10.1016/j.nanoen.2017.06.039,Nano Energy,10.1016j.nanoen.2017.06.039,humidity resistant fabrication of ch3nh3pbi3 perovskite solar cells and modules,27.7453804244761,0.2,0.0,0.0,0.0,0.0,,,0.0,0.0,0.0,27.9453804244761
Carrier separation and transport in perovskite solar cells studied by nanometre-scale profiling of electrical potential,2015,10.1038/ncomms9397,https://openalex.org/W2273321167,266,True,https://www.nature.com/articles/ncomms9397.pdf,https://doi.org/10.1038/ncomms9397,Nature Communications,10.1038ncomms9397,carrier separation and transport in perovskite solar cells studied by nanometre scale profiling of electrical potential,27.936243292001247,0.0,0.0,0.0,0.0,0.0,,,0.0,0.0,0.0,27.936243292001247
One-Step Blade Coating of Inverted Double-Cation Perovskite Solar Cells from a Green Precursor Solvent,2021,10.1021/acsaem.1c02425,https://openalex.org/W3201699960,31,True,,https://zenodo.org/record/5546583,ACS Applied Energy Materials,10.1021acsaem.1c02425,one step blade coating of inverted double cation perovskite solar cells from a green precursor solvent,17.328679513998633,0.6,5.0,10.0,0.0,0.0,,,0.0,0.0,0.0,27.928679513998635
High Color Purity Lead‐Free Perovskite Light‐Emitting Diodes via Sn Stabilization,2020,10.1002/advs.201903213,https://openalex.org/W3009738470,239,True,https://onlinelibrary.wiley.com/doi/pdfdirect/10.1002/advs.201903213,https://doi.org/10.1002/advs.201903213,Advanced Science,10.1002advs.201903213,high color purity lead free perovskite light emitting diodes via sn stabilization,27.403194616709957,0.5,0.0,0.0,0.0,0.0,,,0.0,0.0,0.0,27.903194616709957
"Functional PDMS Elastomers: Bulk Composites, Surface Engineering, and Precision Fabrication",2023,10.1002/advs.202304506,https://openalex.org/W4387473264,225,True,,https://doi.org/10.1002/advs.202304506,Advanced Science,10.1002advs.202304506,functional pdms elastomers bulk composites surface engineering and precision fabrication,27.10267499636143,0.8,0.0,0.0,0.0,0.0,,,0.0,0.0,0.0,27.90267499636143
Enhancing Efficiency and Stability of Photovoltaic Cells by Using Perovskite/Zr‐MOF Heterojunction Including Bilayer and Hybrid Structures,2019,10.1002/advs.201801715,https://openalex.org/W2908260541,243,True,https://onlinelibrary.wiley.com/doi/pdfdirect/10.1002/advs.201801715,https://doi.org/10.1002/advs.201801715,Advanced Science,10.1002advs.201801715,enhancing efficiency and stability of photovoltaic cells by using perovskite zr mof heterojunction including bilayer and hybrid structures,27.48584112646601,0.4,0.0,0.0,0.0,0.0,,,0.0,0.0,0.0,27.88584112646601
Perovskite Solar Cells: A Review of the Recent Advances,2022,10.3390/coatings12081089,https://openalex.org/W4289109253,228,True,https://www.mdpi.com/2079-6412/12/8/1089/pdf?version=1659432739,https://doi.org/10.3390/coatings12081089,Coatings,10.3390coatings12081089,perovskite solar cells a review of the recent advances,27.1686100177712,0.7,0.0,0.0,0.0,0.0,,,0.0,0.0,0.0,27.8686100177712
"Perovskite Solar Cells: A Review of the Latest Advances in Materials, Fabrication Techniques, and Stability Enhancement Strategies",2024,10.3390/mi15020192,https://openalex.org/W4391323435,219,True,https://www.mdpi.com/2072-666X/15/2/192/pdf?version=1706342230,https://doi.org/10.3390/mi15020192,Micromachines,10.3390mi15020192,perovskite solar cells a review of the latest advances in materials fabrication techniques and stability enhancement strategies,26.96813773176181,0.9,0.0,0.0,0.0,0.0,,,0.0,0.0,0.0,27.86813773176181
Excess charge-carrier induced instability of hybrid perovskites,2018,10.1038/s41467-018-07438-w,https://openalex.org/W2900711066,247,True,https://www.nature.com/articles/s41467-018-07438-w.pdf,https://doi.org/10.1038/s41467-018-07438-w,Nature Communications,10.1038s41467-018-07438-w,excess charge carrier induced instability of hybrid perovskites,27.567143730824913,0.3,0.0,0.0,0.0,0.0,,,0.0,0.0,0.0,27.867143730824914
In situ dynamic observations of perovskite crystallisation and microstructure evolution intermediated from [PbI6]4− cage nanoparticles,2017,10.1038/ncomms15688,https://openalex.org/W2662873333,252,True,https://www.nature.com/articles/ncomms15688.pdf,https://doi.org/10.1038/ncomms15688,Nature Communications,10.1038ncomms15688,in situ dynamic observations of perovskite crystallisation and microstructure evolution intermediated from pbi6 4 cage nanoparticles,27.666947443637603,0.2,0.0,0.0,0.0,0.0,,,0.0,0.0,0.0,27.866947443637603
I 2 vapor-induced degradation of formamidinium lead iodide based perovskite solar cells under heat–light soaking conditions,2019,10.1039/c9ee02043h,https://openalex.org/W2967485397,241,True,https://pubs.rsc.org/en/content/articlepdf/2019/ee/c9ee02043h,https://doi.org/10.1039/c9ee02043h,Energy & Environmental Science,10.1039c9ee02043h,i 2 vapor induced degradation of formamidinium lead iodide based perovskite solar cells under heat light soaking conditions,27.444688630783432,0.4,0.0,0.0,0.0,0.0,,,0.0,0.0,0.0,27.84468863078343
Solution-processed highly bright and durable cesium lead halide perovskite light-emitting diodes,2016,10.1039/c6nr05330k,https://openalex.org/W2511857251,171,True,https://pubs.rsc.org/en/content/articlepdf/2016/nr/c6nr05330k,https://doi.org/10.1039/c6nr05330k,Nanoscale,10.1039c6nr05330k,solution processed highly bright and durable cesium lead halide perovskite light emitting diodes,25.737472384067264,0.1,1.0,2.0,0.0,0.0,,,0.0,0.0,0.0,27.837472384067265
Epitaxial Metal Halide Perovskites by Inkjet‐Printing on Various Substrates,2020,10.1002/adfm.202004612,https://openalex.org/W3083193338,31,True,https://onlinelibrary.wiley.com/doi/pdfdirect/10.1002/adfm.202004612,https://doi.org/10.1002/adfm.202004612,Advanced Functional Materials,10.1002adfm.202004612,epitaxial metal halide perovskites by inkjet printing on various substrates,17.328679513998633,0.5,5.0,10.0,0.0,0.0,,,0.0,0.0,0.0,27.828679513998633
Solution‐Grown Organic and Perovskite X‐Ray Detectors: A New Paradigm for the Direct Detection of Ionizing Radiation,2020,10.1002/admt.202000475,https://openalex.org/W3081255312,157,True,https://onlinelibrary.wiley.com/doi/pdfdirect/10.1002/admt.202000475,https://doi.org/10.1002/admt.202000475,Advanced Materials Technologies,10.1002admt.202000475,solution grown organic and perovskite x ray detectors a new paradigm for the direct detection of ionizing radiation,25.312975165134834,0.5,1.0,2.0,0.0,0.0,,,0.0,0.0,0.0,27.812975165134834
"28.2%-efficient, outdoor-stable perovskite/silicon tandem solar cell",2021,10.1016/j.joule.2021.11.003,https://openalex.org/W3216961858,229,True,http://www.cell.com/article/S2542435121004992/pdf,https://doi.org/10.1016/j.joule.2021.11.003,Joule,10.1016j.joule.2021.11.003,28 2 efficient outdoor stable perovskite silicon tandem solar cell,27.19039654461598,0.6,0.0,0.0,0.0,0.0,,,0.0,0.0,0.0,27.79039654461598
Recent Developments in Upscalable Printing Techniques for Perovskite Solar Cells,2022,10.1002/advs.202200308,https://openalex.org/W4220953042,149,True,https://onlinelibrary.wiley.com/doi/pdfdirect/10.1002/advs.202200308,https://doi.org/10.1002/advs.202200308,Advanced Science,10.1002advs.202200308,recent developments in upscalable printing techniques for perovskite solar cells,25.053176470481276,0.7,1.0,2.0,0.0,0.0,,,0.0,0.0,0.0,27.753176470481275
Structure and Growth Control of Organic–Inorganic Halide Perovskites for Optoelectronics: From Polycrystalline Films to Single Crystals,2016,10.1002/advs.201500392,https://openalex.org/W2299835562,251,True,https://onlinelibrary.wiley.com/doi/pdfdirect/10.1002/advs.201500392,https://doi.org/10.1002/advs.201500392,Advanced Science,10.1002advs.201500392,structure and growth control of organic inorganic halide perovskites for optoelectronics from polycrystalline films to single crystals,27.647145437557118,0.1,0.0,0.0,0.0,0.0,,,0.0,0.0,0.0,27.74714543755712
Photovoltaic Rudorffites: Lead‐Free Silver Bismuth Halides Alternative to Hybrid Lead Halide Perovskites,2017,10.1002/cssc.201700980,https://openalex.org/W2730066170,246,True,https://www.onlinelibrary.wiley.com/doi/pdfdirect/10.1002/cssc.201700980,https://doi.org/10.1002/cssc.201700980,ChemSusChem,10.1002cssc.201700980,photovoltaic rudorffites lead free silver bismuth halides alternative to hybrid lead halide perovskites,27.546941683139888,0.2,0.0,0.0,0.0,0.0,,,0.0,0.0,0.0,27.746941683139887
Templated growth of oriented layered hybrid perovskites on 3D-like perovskites,2020,10.1038/s41467-019-13856-1,https://openalex.org/W3004055767,231,True,https://www.nature.com/articles/s41467-019-13856-1.pdf,https://doi.org/10.1038/s41467-019-13856-1,Nature Communications,10.1038s41467-019-13856-1,templated growth of oriented layered hybrid perovskites on 3d like perovskites,27.23368685833155,0.5,0.0,0.0,0.0,0.0,,,0.0,0.0,0.0,27.73368685833155
Ultrathin and flexible perovskite solar cells with graphene transparent electrodes,2016,10.1016/j.nanoen.2016.08.038,https://openalex.org/W2518074733,250,True,https://ars.els-cdn.com/content/image/1-s2.0-S2211285516303263-fx1_lrg.jpg,https://doi.org/10.1016/j.nanoen.2016.08.038,Nano Energy,10.1016j.nanoen.2016.08.038,ultrathin and flexible perovskite solar cells with graphene transparent electrodes,27.627264695658916,0.1,0.0,0.0,0.0,0.0,,,0.0,0.0,0.0,27.727264695658917
Machine learning with knowledge constraints for process optimization of open-air perovskite solar cell manufacturing,2022,10.1016/j.joule.2022.03.003,https://openalex.org/W3203436218,221,True,http://www.cell.com/article/S2542435122001301/pdf,https://doi.org/10.1016/j.joule.2022.03.003,Joule,10.1016j.joule.2022.03.003,machine learning with knowledge constraints for process optimization of open air perovskite solar cell manufacturing,27.013386909361397,0.7,0.0,0.0,0.0,0.0,,,0.0,0.0,0.0,27.713386909361397
"Advancements in Photovoltaic Cell Materials: Silicon, Organic, and Perovskite Solar Cells",2024,10.3390/ma17051165,https://openalex.org/W4392360589,211,True,https://www.mdpi.com/1996-1944/17/5/1165/pdf?version=1709303109,https://doi.org/10.3390/ma17051165,Materials,10.3390ma17051165,advancements in photovoltaic cell materials silicon organic and perovskite solar cells,26.78293137336006,0.9,0.0,0.0,0.0,0.0,,,0.0,0.0,0.0,27.68293137336006
Scalable solution coating of the absorber for perovskite solar cells,2017,10.1016/j.jechem.2017.10.005,https://openalex.org/W2766516927,59,True,https://ars.els-cdn.com/content/image/1-s2.0-S2095495617306824-fx1_lrg.jpg,https://doi.org/10.1016/j.jechem.2017.10.005,Journal of Energy Chemistry,10.1016j.jechem.2017.10.005,scalable solution coating of the absorber for perovskite solar cells,20.471722811110503,0.2,3.5,7.0,0.0,0.0,,,0.0,0.0,0.0,27.671722811110502
Edge stabilization in reduced-dimensional perovskites,2020,10.1038/s41467-019-13944-2,https://openalex.org/W3000612679,228,True,https://www.nature.com/articles/s41467-019-13944-2.pdf,https://doi.org/10.1038/s41467-019-13944-2,Nature Communications,10.1038s41467-019-13944-2,edge stabilization in reduced dimensional perovskites,27.1686100177712,0.5,0.0,0.0,0.0,0.0,,,0.0,0.0,0.0,27.6686100177712
Highly Efficient Visible Colloidal Lead-Halide Perovskite Nanocrystal Light-Emitting Diodes,2018,10.1021/acs.nanolett.8b00789,https://openalex.org/W2787160709,236,True,https://arxiv.org/pdf/1801.10317,http://arxiv.org/abs/1801.10317,Nano Letters,10.1021acs.nanolett.8b00789,highly efficient visible colloidal lead halide perovskite nanocrystal light emitting diodes,27.34030070567566,0.3,0.0,0.0,0.0,0.0,,,0.0,0.0,0.0,27.64030070567566
Solubility of Hybrid Halide Perovskites in DMF and DMSO,2021,10.3390/molecules26247541,https://openalex.org/W4200264712,54,True,https://www.mdpi.com/1420-3049/26/24/7541/pdf?version=1639392688,https://doi.org/10.3390/molecules26247541,Molecules,10.3390molecules26247541,solubility of hybrid halide perovskites in dmf and dmso,20.036665926162357,0.6,3.5,7.0,0.0,0.0,,,0.0,0.0,0.0,27.636665926162358
Influence of Charge Transport Layers on Open-Circuit Voltage and Hysteresis in Perovskite Solar Cells,2018,10.1016/j.joule.2018.02.013,https://openalex.org/W2793924756,235,True,http://www.cell.com/article/S2542435118300825/pdf,https://doi.org/10.1016/j.joule.2018.02.013,Joule,10.1016j.joule.2018.02.013,influence of charge transport layers on open circuit voltage and hysteresis in perovskite solar cells,27.31915902512805,0.3,0.0,0.0,0.0,0.0,,,0.0,0.0,0.0,27.619159025128052
Transformation from crystalline precursor to perovskite in PbCl2-derived MAPbI3,2018,10.1038/s41467-018-05937-4,https://openalex.org/W2888520828,105,True,https://www.nature.com/articles/s41467-018-05937-4.pdf,https://doi.org/10.1038/s41467-018-05937-4,Nature Communications,10.1038s41467-018-05937-4,transformation from crystalline precursor to perovskite in pbcl2 derived mapbi3,23.317195470560335,0.3,2.0,4.0,0.0,0.0,,,0.0,0.0,0.0,27.617195470560336
25.24%‐Efficiency FACsPbI 3 Perovskite Solar Cells Enabled by Intermolecular Esterification Reaction of DL‐Carnitine Hydrochloride,2023,10.1002/adma.202211545,https://openalex.org/W4318946799,212,True,https://onlinelibrary.wiley.com/doi/pdfdirect/10.1002/adma.202211545,https://doi.org/10.1002/adma.202211545,Advanced Materials,10.1002adma.202211545,25 24 efficiency facspbi 3 perovskite solar cells enabled by intermolecular esterification reaction of dl carnitine hydrochloride,26.806460828547127,0.8,0.0,0.0,0.0,0.0,,,0.0,0.0,0.0,27.606460828547128
How to GIWAXS: Grazing Incidence Wide Angle X‐Ray Scattering Applied to Metal Halide Perovskite Thin Films,2023,10.1002/aenm.202300760,https://openalex.org/W4380263693,212,True,https://onlinelibrary.wiley.com/doi/pdfdirect/10.1002/aenm.202300760,https://doi.org/10.1002/aenm.202300760,Advanced Energy Materials,10.1002aenm.202300760,how to giwaxs grazing incidence wide angle x ray scattering applied to metal halide perovskite thin films,26.806460828547127,0.8,0.0,0.0,0.0,0.0,,,0.0,0.0,0.0,27.606460828547128
Origin of Sn( ii ) oxidation in tin halide perovskites,2020,10.1039/d0ma00245c,https://openalex.org/W3041192252,225,True,https://pubs.rsc.org/en/content/articlepdf/2020/ma/d0ma00245c,https://doi.org/10.1039/d0ma00245c,Materials Advances,10.1039d0ma00245c,origin of sn ii oxidation in tin halide perovskites,27.10267499636143,0.5,0.0,0.0,0.0,0.0,,,0.0,0.0,0.0,27.60267499636143
Electronic Waste Reduction Through Devices and Printed Circuit Boards Designed for Circularity,2022,10.1109/jflex.2022.3159258,https://openalex.org/W4226354009,117,True,https://ieeexplore.ieee.org/ielx7/9552934/9645762/09733886.pdf,https://doi.org/10.1109/jflex.2022.3159258,IEEE Journal on Flexible Electronics,10.1109jflex.2022.3159258,electronic waste reduction through devices and printed circuit boards designed for circularity,23.853423122328326,0.7,1.5,3.0,0.0,0.0,,,0.0,0.0,0.0,27.553423122328326
Monolithic Perovskite‐Silicon Tandem Solar Cells: From the Lab to Fab?,2022,10.1002/adma.202106540,https://openalex.org/W4206115216,214,True,https://onlinelibrary.wiley.com/doi/pdfdirect/10.1002/adma.202106540,https://doi.org/10.1002/adma.202106540,Advanced Materials,10.1002adma.202106540,monolithic perovskite silicon tandem solar cells from the lab to fab,26.85319014063831,0.7,0.0,0.0,0.0,0.0,,,0.0,0.0,0.0,27.55319014063831
Organic interfacial materials for perovskite-based optoelectronic devices,2019,10.1039/c8ee02744g,https://openalex.org/W2913907848,226,True,https://pubs.rsc.org/en/content/articlepdf/2019/ee/c8ee02744g,https://doi.org/10.1039/c8ee02744g,Energy & Environmental Science,10.1039c8ee02744g,organic interfacial materials for perovskite based optoelectronic devices,27.124750087407016,0.4,0.0,0.0,0.0,0.0,,,0.0,0.0,0.0,27.524750087407014
The role of carbon-based materials in enhancing the stability of perovskite solar cells,2020,10.1039/c9ee04030g,https://openalex.org/W3009327484,221,True,https://pubs.rsc.org/en/content/articlepdf/2020/ee/c9ee04030g,https://doi.org/10.1039/c9ee04030g,Energy & Environmental Science,10.1039c9ee04030g,the role of carbon based materials in enhancing the stability of perovskite solar cells,27.013386909361397,0.5,0.0,0.0,0.0,0.0,,,0.0,0.0,0.0,27.513386909361397
"Cu(II)-Doped Cs 2 SbAgCl 6 Double Perovskite: A Lead-Free, Low-Bandgap Material",2018,10.1021/acs.chemmater.8b03755,https://openalex.org/W2898391208,230,True,https://flore.unifi.it/bitstream/2158/1150125/4/postprint_acs.chemmater.8b03755.pdf,http://hdl.handle.net/2158/1150125,Chemistry of Materials,10.1021acs.chemmater.8b03755,cu ii doped cs 2 sbagcl 6 double perovskite a lead free low bandgap material,27.212088552608968,0.3,0.0,0.0,0.0,0.0,,,0.0,0.0,0.0,27.51208855260897
Benzylamine‐Treated Wide‐Bandgap Perovskite with High Thermal‐Photostability and Photovoltaic Performance,2017,10.1002/aenm.201701048,https://openalex.org/W2751411563,233,True,https://onlinelibrary.wiley.com/doi/pdfdirect/10.1002/aenm.201701048,https://doi.org/10.1002/aenm.201701048,Advanced Energy Materials,10.1002aenm.201701048,benzylamine treated wide bandgap perovskite with high thermal photostability and photovoltaic performance,27.27660557678851,0.2,0.0,0.0,0.0,0.0,,,0.0,0.0,0.0,27.476605576788508
Electronic modulation and interface engineering of electrospun nanomaterials‐based electrocatalysts toward water splitting,2020,10.1002/cey2.85,https://openalex.org/W3094300506,219,True,https://onlinelibrary.wiley.com/doi/pdfdirect/10.1002/cey2.85,https://doi.org/10.1002/cey2.85,Carbon Energy,10.1002cey2.85,electronic modulation and interface engineering of electrospun nanomaterials based electrocatalysts toward water splitting,26.96813773176181,0.5,0.0,0.0,0.0,0.0,,,0.0,0.0,0.0,27.46813773176181
Photoflexoelectric effect in halide perovskites,2020,10.1038/s41563-020-0659-y,https://openalex.org/W3016666071,219,True,http://ddd.uab.cat/record/224240,http://ddd.uab.cat/record/224240,Nature Materials,10.1038s41563-020-0659-y,photoflexoelectric effect in halide perovskites,26.96813773176181,0.5,0.0,0.0,0.0,0.0,,,0.0,0.0,0.0,27.46813773176181
"Charge Transport Layers Limiting the Efficiency of Perovskite Solar Cells: How To Optimize Conductivity, Doping, and Thickness",2019,10.1021/acsaem.9b00856,https://openalex.org/W2964700349,223,True,,https://doi.org/10.1021/acsaem.9b00856,ACS Applied Energy Materials,10.1021acsaem.9b00856,charge transport layers limiting the efficiency of perovskite solar cells how to optimize conductivity doping and thickness,27.0582302592752,0.4,0.0,0.0,0.0,0.0,,,0.0,0.0,0.0,27.458230259275197
Enhancement of thermal stability for perovskite solar cells through cesium doping,2017,10.1039/c6ra28501e,https://openalex.org/W2603238395,231,True,https://pubs.rsc.org/en/content/articlepdf/2017/ra/c6ra28501e,https://doi.org/10.1039/c6ra28501e,RSC Advances,10.1039c6ra28501e,enhancement of thermal stability for perovskite solar cells through cesium doping,27.23368685833155,0.2,0.0,0.0,0.0,0.0,,,0.0,0.0,0.0,27.433686858331548
Unveiling Roles of Tin Fluoride Additives in High‐Efficiency Low‐Bandgap Mixed Tin‐Lead Perovskite Solar Cells,2021,10.1002/aenm.202101045,https://openalex.org/W3175031406,212,True,https://onlinelibrary.wiley.com/doi/pdfdirect/10.1002/aenm.202101045,https://doi.org/10.1002/aenm.202101045,Advanced Energy Materials,10.1002aenm.202101045,unveiling roles of tin fluoride additives in high efficiency low bandgap mixed tin lead perovskite solar cells,26.806460828547127,0.6,0.0,0.0,0.0,0.0,,,0.0,0.0,0.0,27.40646082854713
Stability of Perovskite Solar Cells: Degradation Mechanisms and Remedies,2021,10.3389/felec.2021.712785,https://openalex.org/W3195661742,212,True,https://www.frontiersin.org/articles/10.3389/felec.2021.712785/pdf,https://doi.org/10.3389/felec.2021.712785,Frontiers in Electronics,10.3389felec.2021.712785,stability of perovskite solar cells degradation mechanisms and remedies,26.806460828547127,0.6,0.0,0.0,0.0,0.0,,,0.0,0.0,0.0,27.40646082854713
Strategies for Improving the Stability of Tin‐Based Perovskite (ASnX3) Solar Cells,2020,10.1002/advs.201903540,https://openalex.org/W3008746667,216,True,https://onlinelibrary.wiley.com/doi/pdfdirect/10.1002/advs.201903540,https://doi.org/10.1002/advs.201903540,Advanced Science,10.1002advs.201903540,strategies for improving the stability of tin based perovskite asnx3 solar cells,26.8994867677023,0.5,0.0,0.0,0.0,0.0,,,0.0,0.0,0.0,27.3994867677023
Stitching triple cation perovskite by a mixed anti-solvent process for high performance perovskite solar cells,2017,10.1016/j.nanoen.2017.07.046,https://openalex.org/W2740045969,227,True,https://discovery.ucl.ac.uk/1576223/1/Wu_final.pdf,https://discovery.ucl.ac.uk/id/eprint/1576223/,Nano Energy,10.1016j.nanoen.2017.07.046,stitching triple cation perovskite by a mixed anti solvent process for high performance perovskite solar cells,27.146728144772204,0.2,0.0,0.0,0.0,0.0,,,0.0,0.0,0.0,27.346728144772204
Narrow Bandgap Metal Halide Perovskites for All-Perovskite Tandem Photovoltaics,2024,10.1021/acs.chemrev.3c00667,https://openalex.org/W4393139564,197,True,,https://doi.org/10.1021/acs.chemrev.3c00667,Chemical Reviews,10.1021acs.chemrev.3c00667,narrow bandgap metal halide perovskites for all perovskite tandem photovoltaics,26.441335153472675,0.9,0.0,0.0,0.0,0.0,,,0.0,0.0,0.0,27.341335153472674
Tunable exciton binding energy in 2D hybrid layered perovskites through donor–acceptor interactions within the organic layer,2020,10.1038/s41557-020-0488-2,https://openalex.org/W3038387099,213,True,https://www.osti.gov/servlets/purl/1909456,https://www.osti.gov/biblio/1909456,Nature Chemistry,10.1038s41557-020-0488-2,tunable exciton binding energy in 2d hybrid layered perovskites through donor acceptor interactions within the organic layer,26.829880075109255,0.5,0.0,0.0,0.0,0.0,,,0.0,0.0,0.0,27.329880075109255
Bright and stable near-infrared lead-free perovskite light-emitting diodes,2024,10.1038/s41566-023-01351-5,https://openalex.org/W4390614324,196,True,https://www.nature.com/articles/s41566-023-01351-5.pdf,https://doi.org/10.1038/s41566-023-01351-5,Nature Photonics,10.1038s41566-023-01351-5,bright and stable near infrared lead free perovskite light emitting diodes,26.41601864368994,0.9,0.0,0.0,0.0,0.0,,,0.0,0.0,0.0,27.31601864368994
Current Challenges and Prospective Research for Upscaling Hybrid Perovskite Photovoltaics,2016,10.1021/acs.jpclett.5b02651,https://openalex.org/W2271642497,230,True,https://www.osti.gov/servlets/purl/1343581,https://www.osti.gov/biblio/1343581,The Journal of Physical Chemistry Letters,10.1021acs.jpclett.5b02651,current challenges and prospective research for upscaling hybrid perovskite photovoltaics,27.212088552608968,0.1,0.0,0.0,0.0,0.0,,,0.0,0.0,0.0,27.31208855260897
Dielectric screening in perovskite photovoltaics,2021,10.1038/s41467-021-22783-z,https://openalex.org/W3157027928,207,True,https://www.nature.com/articles/s41467-021-22783-z.pdf,https://doi.org/10.1038/s41467-021-22783-z,Nature Communications,10.1038s41467-021-22783-z,dielectric screening in perovskite photovoltaics,26.68769039850659,0.6,0.0,0.0,0.0,0.0,,,0.0,0.0,0.0,27.28769039850659
Overcoming C60-induced interfacial recombination in inverted perovskite solar cells by electron-transporting carborane,2022,10.1038/s41467-022-34203-x,https://openalex.org/W4311131750,202,True,https://www.nature.com/articles/s41467-022-34203-x.pdf,https://doi.org/10.1038/s41467-022-34203-x,Nature Communications,10.1038s41467-022-34203-x,overcoming c60 induced interfacial recombination in inverted perovskite solar cells by electron transporting carborane,26.566029895208935,0.7,0.0,0.0,0.0,0.0,,,0.0,0.0,0.0,27.266029895208934
"Tin perovskite solar cells with >1,300 h of operational stability in N2 through a synergistic chemical engineering approach",2022,10.1016/j.joule.2022.02.014,https://openalex.org/W4220855049,202,True,http://www.cell.com/article/S2542435122000952/pdf,https://doi.org/10.1016/j.joule.2022.02.014,Joule,10.1016j.joule.2022.02.014,tin perovskite solar cells with 1 300 h of operational stability in n2 through a synergistic chemical engineering approach,26.566029895208935,0.7,0.0,0.0,0.0,0.0,,,0.0,0.0,0.0,27.266029895208934
Recycling lead and transparent conductors from perovskite solar modules,2021,10.1038/s41467-021-26121-1,https://openalex.org/W3203403144,206,True,https://www.nature.com/articles/s41467-021-26121-1.pdf,https://doi.org/10.1038/s41467-021-26121-1,Nature Communications,10.1038s41467-021-26121-1,recycling lead and transparent conductors from perovskite solar modules,26.663593966326843,0.6,0.0,0.0,0.0,0.0,,,0.0,0.0,0.0,27.263593966326845
Photosensitisation of inkjet printed graphene with stable all-inorganic perovskite nanocrystals,2022,10.1039/d2nr06429d,https://openalex.org/W4312155292,14,True,https://pubs.rsc.org/en/content/articlepdf/2023/nr/d2nr06429d,https://doi.org/10.1039/d2nr06429d,Nanoscale,10.1039d2nr06429d,photosensitisation of inkjet printed graphene with stable all inorganic perovskite nanocrystals,13.54025100551105,0.7,6.5,13.0,0.0,0.0,,,0.0,0.0,0.0,27.24025100551105
Decoupling the effects of defects on efficiency and stability through phosphonates in stable halide perovskite solar cells,2021,10.1016/j.joule.2021.04.003,https://openalex.org/W3157986647,205,True,http://www.cell.com/article/S2542435121001550/pdf,https://doi.org/10.1016/j.joule.2021.04.003,Joule,10.1016j.joule.2021.04.003,decoupling the effects of defects on efficiency and stability through phosphonates in stable halide perovskite solar cells,26.639380843947905,0.6,0.0,0.0,0.0,0.0,,,0.0,0.0,0.0,27.239380843947906
Precise Control of Perovskite Crystallization Kinetics via Sequential A‐Site Doping,2020,10.1002/adma.202004630,https://openalex.org/W3087584536,209,True,https://onlinelibrary.wiley.com/doi/pdfdirect/10.1002/adma.202004630,https://doi.org/10.1002/adma.202004630,Advanced Materials,10.1002adma.202004630,precise control of perovskite crystallization kinetics via sequential a site doping,26.735537653587343,0.5,0.0,0.0,0.0,0.0,,,0.0,0.0,0.0,27.235537653587343
Reducing Defects in Halide Perovskite Nanocrystals for Light-Emitting Applications,2019,10.1021/acs.jpclett.9b00689,https://openalex.org/W2943268346,213,True,,https://doi.org/10.1021/acs.jpclett.9b00689,The Journal of Physical Chemistry Letters,10.1021acs.jpclett.9b00689,reducing defects in halide perovskite nanocrystals for light emitting applications,26.829880075109255,0.4,0.0,0.0,0.0,0.0,,,0.0,0.0,0.0,27.229880075109254
Organic/Inorganic Metal Halide Perovskite Optoelectronic Devices beyond Solar Cells,2018,10.1002/advs.201700780,https://openalex.org/W2789335992,217,True,https://onlinelibrary.wiley.com/doi/pdfdirect/10.1002/advs.201700780,https://doi.org/10.1002/advs.201700780,Advanced Science,10.1002advs.201700780,organic inorganic metal halide perovskite optoelectronic devices beyond solar cells,26.922475313945444,0.3,0.0,0.0,0.0,0.0,,,0.0,0.0,0.0,27.222475313945445
"Two-dimensional perovskite templates for durable, efficient formamidinium perovskite solar cells",2024,10.1126/science.abq6993,https://openalex.org/W4399601921,192,True,https://hal.science/hal-04612789v1/file/Accepted_HAL.pdf,https://hal.science/hal-04612789,Science,10.1126science.abq6993,two dimensional perovskite templates for durable efficient formamidinium perovskite solar cells,26.313450944524426,0.9,0.0,0.0,0.0,0.0,,,0.0,0.0,0.0,27.213450944524425
Efficient and Stable Red Perovskite Light‐Emitting Diodes via Thermodynamic Crystallization Control,2024,10.1002/adma.202410255,https://openalex.org/W4402203225,192,True,https://onlinelibrary.wiley.com/doi/pdfdirect/10.1002/adma.202410255,https://doi.org/10.1002/adma.202410255,Advanced Materials,10.1002adma.202410255,efficient and stable red perovskite light emitting diodes via thermodynamic crystallization control,26.313450944524426,0.9,0.0,0.0,0.0,0.0,,,0.0,0.0,0.0,27.213450944524425
Chelating-agent-assisted control of CsPbBr3 quantum well growth enables stable blue perovskite emitters,2020,10.1038/s41467-020-17482-0,https://openalex.org/W3045073909,208,True,https://www.nature.com/articles/s41467-020-17482-0.pdf,https://doi.org/10.1038/s41467-020-17482-0,Nature Communications,10.1038s41467-020-17482-0,chelating agent assisted control of cspbbr3 quantum well growth enables stable blue perovskite emitters,26.711671259824055,0.5,0.0,0.0,0.0,0.0,,,0.0,0.0,0.0,27.211671259824055
Efficient and stable tin perovskite solar cells enabled by amorphous-polycrystalline structure,2020,10.1038/s41467-020-16561-6,https://openalex.org/W3031473594,208,True,https://www.nature.com/articles/s41467-020-16561-6.pdf,https://doi.org/10.1038/s41467-020-16561-6,Nature Communications,10.1038s41467-020-16561-6,efficient and stable tin perovskite solar cells enabled by amorphous polycrystalline structure,26.711671259824055,0.5,0.0,0.0,0.0,0.0,,,0.0,0.0,0.0,27.211671259824055
Understanding and Eliminating Hysteresis for Highly Efficient Planar Perovskite Solar Cells,2017,10.1002/aenm.201700414,https://openalex.org/W2613801454,220,True,https://www.osti.gov/servlets/purl/1392207,https://www.osti.gov/biblio/1378809,Advanced Energy Materials,10.1002aenm.201700414,understanding and eliminating hysteresis for highly efficient planar perovskite solar cells,26.99081350758876,0.2,0.0,0.0,0.0,0.0,,,0.0,0.0,0.0,27.19081350758876
In Situ Fabricated Perovskite Nanocrystals: A Revolution in Optical Materials,2018,10.1002/adom.201800380,https://openalex.org/W2809764554,215,True,https://onlinelibrary.wiley.com/doi/pdfdirect/10.1002/adom.201800380,https://doi.org/10.1002/adom.201800380,Advanced Optical Materials,10.1002adom.201800380,in situ fabricated perovskite nanocrystals a revolution in optical materials,26.876392038420825,0.3,0.0,0.0,0.0,0.0,,,0.0,0.0,0.0,27.176392038420826
Multication perovskite 2D/3D interfaces form via progressive dimensional reduction,2021,10.1038/s41467-021-23616-9,https://openalex.org/W3169569275,202,True,https://www.nature.com/articles/s41467-021-23616-9.pdf,https://doi.org/10.1038/s41467-021-23616-9,Nature Communications,10.1038s41467-021-23616-9,multication perovskite 2d 3d interfaces form via progressive dimensional reduction,26.566029895208935,0.6,0.0,0.0,0.0,0.0,,,0.0,0.0,0.0,27.166029895208936
Efficient near-infrared light-emitting diodes based on quantum dots in layered perovskite,2020,10.1038/s41566-019-0577-1,https://openalex.org/W3002155298,206,True,https://utoronto.scholaris.ca/bitstreams/f72af75d-9b03-467a-b5aa-e63a27d50dce/download,http://hdl.handle.net/1807/100492,Nature Photonics,10.1038s41566-019-0577-1,efficient near infrared light emitting diodes based on quantum dots in layered perovskite,26.663593966326843,0.5,0.0,0.0,0.0,0.0,,,0.0,0.0,0.0,27.163593966326843
Enhanced charge carrier transport and defects mitigation of passivation layer for efficient perovskite solar cells,2024,10.1038/s41467-024-52925-y,https://openalex.org/W4403114780,190,True,https://www.nature.com/articles/s41467-024-52925-y.pdf,https://doi.org/10.1038/s41467-024-52925-y,Nature Communications,10.1038s41467-024-52925-y,enhanced charge carrier transport and defects mitigation of passivation layer for efficient perovskite solar cells,26.261367140233148,0.9,0.0,0.0,0.0,0.0,,,0.0,0.0,0.0,27.161367140233146
Thermal engineering of FAPbI3 perovskite material via radiative thermal annealing and in situ XRD,2017,10.1038/ncomms14075,https://openalex.org/W2577877578,218,True,https://www.nature.com/articles/ncomms14075.pdf,https://doi.org/10.1038/ncomms14075,Nature Communications,10.1038ncomms14075,thermal engineering of fapbi3 perovskite material via radiative thermal annealing and in situ xrd,26.945358649082504,0.2,0.0,0.0,0.0,0.0,,,0.0,0.0,0.0,27.145358649082503
"Halogen Effects on Ordering and Bonding of CH3NH3+ in CH3NH3PbX3 (X = Cl, Br, I) Hybrid Perovskites: A Vibrational Spectroscopic Study",2016,10.1021/acs.jpcc.5b11256,https://openalex.org/W2265159041,222,True,,https://researchportal.bath.ac.uk/en/publications/cfaaf572-fe98-4e2f-ba0c-2916179bb8f5,The Journal of Physical Chemistry C,10.1021acs.jpcc.5b11256,halogen effects on ordering and bonding of ch3nh3 in ch3nh3pbx3 x cl br i hybrid perovskites a vibrational spectroscopic study,27.035858857300596,0.1,0.0,0.0,0.0,0.0,,,0.0,0.0,0.0,27.135858857300597
"Progress, highlights and perspectives on NiO in perovskite photovoltaics",2020,10.1039/d0sc02859b,https://openalex.org/W3040958692,201,True,https://pubs.rsc.org/en/content/articlepdf/2020/sc/d0sc02859b,https://doi.org/10.1039/d0sc02859b,Chemical Science,10.1039d0sc02859b,progress highlights and perspectives on nio in perovskite photovoltaics,26.541338487006026,0.5,0.0,0.0,0.0,0.0,,,0.0,0.0,0.0,27.041338487006026
Challenges and Progress in Lead‐Free Halide Double Perovskite Solar Cells,2023,10.1002/solr.202201112,https://openalex.org/W4317399033,189,True,https://onlinelibrary.wiley.com/doi/pdfdirect/10.1002/solr.202201112,https://doi.org/10.1002/solr.202201112,Solar RRL,10.1002solr.202201112,challenges and progress in lead free halide double perovskite solar cells,26.23512036080243,0.8,0.0,0.0,0.0,0.0,,,0.0,0.0,0.0,27.03512036080243
Deciphering the Roles of MA-Based Volatile Additives for α-FAPbI3 to Enable Efficient Inverted Perovskite Solar Cells,2023,10.1021/jacs.2c13566,https://openalex.org/W4323306362,189,True,,https://scholars.cityu.edu.hk/en/publications/deciphering-the-roles-of-ma-based-volatile-additives-for-i%CE%B1i-fapb,Journal of the American Chemical Society,10.1021jacs.2c13566,deciphering the roles of ma based volatile additives for fapbi3 to enable efficient inverted perovskite solar cells,26.23512036080243,0.8,0.0,0.0,0.0,0.0,,,0.0,0.0,0.0,27.03512036080243
Toward Green Processing of Perovskite Solar Cells: Protic Ionic Liquids Enable Water‐ and Alcohol‐Based MAPbI 3 Precursors Inks for Slot‐Die Coating,2025,10.1002/aenm.202403626,https://openalex.org/W4406767061,19,True,https://onlinelibrary.wiley.com/doi/pdfdirect/10.1002/aenm.202403626,https://doi.org/10.1002/aenm.202403626,Advanced Energy Materials,10.1002aenm.202403626,toward green processing of perovskite solar cells protic ionic liquids enable water and alcohol based mapbi 3 precursors inks for slot die coating,14.978661367769954,1.0,5.5,11.0,0.0,0.0,,,0.0,0.0,0.0,26.978661367769952
Dynamic X-ray imaging with screen-printed perovskite CMOS array,2024,10.1038/s41467-024-45871-2,https://openalex.org/W4391995424,100,True,https://www.nature.com/articles/s41467-024-45871-2.pdf,https://doi.org/10.1038/s41467-024-45871-2,Nature Communications,10.1038s41467-024-45871-2,dynamic x ray imaging with screen printed perovskite cmos array,23.075602584206298,0.9,1.5,3.0,0.0,0.0,,,0.0,0.0,0.0,26.975602584206296
Blade‐coating Perovskite Films with Diverse Compositions for Efficient Photovoltaics,2020,10.1002/eem2.12118,https://openalex.org/W3047984895,59,True,https://onlinelibrary.wiley.com/doi/pdfdirect/10.1002/eem2.12118,https://doi.org/10.1002/eem2.12118,Energy & environment materials,10.1002eem2.12118,blade coating perovskite films with diverse compositions for efficient photovoltaics,20.471722811110503,0.5,3.0,6.0,0.0,0.0,,,0.0,0.0,0.0,26.971722811110503
"Flexible, transparent nanocellulose paper-based perovskite solar cells",2019,10.1038/s41528-019-0048-2,https://openalex.org/W2922385458,201,True,https://www.nature.com/articles/s41528-019-0048-2.pdf,https://doi.org/10.1038/s41528-019-0048-2,npj Flexible Electronics,10.1038s41528-019-0048-2,flexible transparent nanocellulose paper based perovskite solar cells,26.541338487006026,0.4,0.0,0.0,0.0,0.0,,,0.0,0.0,0.0,26.941338487006025
Lead‐Free Halide Double Perovskite Nanocrystals for Light‐Emitting Applications: Strategies for Boosting Efficiency and Stability,2021,10.1002/advs.202004118,https://openalex.org/W3135665969,192,True,https://onlinelibrary.wiley.com/doi/pdfdirect/10.1002/advs.202004118,https://doi.org/10.1002/advs.202004118,Advanced Science,10.1002advs.202004118,lead free halide double perovskite nanocrystals for light emitting applications strategies for boosting efficiency and stability,26.313450944524426,0.6,0.0,0.0,0.0,0.0,,,0.0,0.0,0.0,26.913450944524428
Performance-limiting formation dynamics in mixed-halide perovskites,2021,10.1126/sciadv.abj1799,https://openalex.org/W3211856747,192,True,,https://doi.org/10.1126/sciadv.abj1799,Science Advances,10.1126sciadv.abj1799,performance limiting formation dynamics in mixed halide perovskites,26.313450944524426,0.6,0.0,0.0,0.0,0.0,,,0.0,0.0,0.0,26.913450944524428
"Functional materials, device architecture, and flexibility of perovskite solar cell",2018,10.1007/s42247-018-0013-1,https://openalex.org/W2900485557,203,True,https://link.springer.com/content/pdf/10.1007/s42247-018-0013-1.pdf,https://doi.org/10.1007/s42247-018-0013-1,Emergent Materials,10.1007s42247-018-0013-1,functional materials device architecture and flexibility of perovskite solar cell,26.59059996922108,0.3,0.0,0.0,0.0,0.0,,,0.0,0.0,0.0,26.890599969221082
Rational Design of Dipolar Chromophore as an Efficient Dopant-Free Hole-Transporting Material for Perovskite Solar Cells,2016,10.1021/jacs.6b06291,https://openalex.org/W2509023492,211,True,https://www.osti.gov/servlets/purl/1343607,https://www.osti.gov/biblio/1343607,Journal of the American Chemical Society,10.1021jacs.6b06291,rational design of dipolar chromophore as an efficient dopant free hole transporting material for perovskite solar cells,26.78293137336006,0.1,0.0,0.0,0.0,0.0,,,0.0,0.0,0.0,26.882931373360062
Wafer-scale single-crystal perovskite patterned thin films based on geometrically-confined lateral crystal growth,2017,10.1038/ncomms15882,https://openalex.org/W2727990094,205,True,https://www.nature.com/articles/ncomms15882.pdf,https://doi.org/10.1038/ncomms15882,Nature Communications,10.1038ncomms15882,wafer scale single crystal perovskite patterned thin films based on geometrically confined lateral crystal growth,26.639380843947905,0.2,0.0,0.0,0.0,0.0,,,0.0,0.0,0.0,26.839380843947904
The Doping Mechanism of Halide Perovskite Unveiled by Alkaline Earth Metals,2020,10.1021/jacs.9b11637,https://openalex.org/W2999555357,193,True,https://www.helmholtz-berlin.de/pubbin/oai_publication?VT=1&ID=100885,https://www.helmholtz-berlin.de/pubbin/oai_publication?VT=1&ID=100885,Journal of the American Chemical Society,10.1021jacs.9b11637,the doping mechanism of halide perovskite unveiled by alkaline earth metals,26.339290795316643,0.5,0.0,0.0,0.0,0.0,,,0.0,0.0,0.0,26.839290795316643
21.41%‐Efficiency CsPbI3 Perovskite Solar Cells Enabled by an Effective Redox Strategy with 4‐Fluorobenzothiohydrazide in Precursor Solution,2023,10.1002/adfm.202312638,https://openalex.org/W4388935188,54,True,https://onlinelibrary.wiley.com/doi/pdfdirect/10.1002/adfm.202312638,https://doi.org/10.1002/adfm.202312638,Advanced Functional Materials,10.1002adfm.202312638,21 41 efficiency cspbi3 perovskite solar cells enabled by an effective redox strategy with 4 fluorobenzothiohydrazide in precursor solution,20.036665926162357,0.8,3.0,6.0,0.0,0.0,,,0.0,0.0,0.0,26.836665926162357
A Generalized Crystallization Protocol for Scalable Deposition of High‐Quality Perovskite Thin Films for Photovoltaic Applications,2019,10.1002/advs.201901067,https://openalex.org/W2954333681,131,True,https://onlinelibrary.wiley.com/doi/pdfdirect/10.1002/advs.201901067,https://doi.org/10.1002/advs.201901067,Advanced Science,10.1002advs.201901067,a generalized crystallization protocol for scalable deposition of high quality perovskite thin films for photovoltaic applications,24.414009612931853,0.4,1.0,2.0,0.0,0.0,,,0.0,0.0,0.0,26.81400961293185
Sustainable lead management in halide perovskite solar cells,2020,10.1038/s41893-020-0586-6,https://openalex.org/W3046780513,192,True,https://www.osti.gov/servlets/purl/1660201,https://www.osti.gov/biblio/1660201,Nature Sustainability,10.1038s41893-020-0586-6,sustainable lead management in halide perovskite solar cells,26.313450944524426,0.5,0.0,0.0,0.0,0.0,,,0.0,0.0,0.0,26.813450944524426
MgO Nanoparticle Modified Anode for Highly Efficient SnO2‐Based Planar Perovskite Solar Cells,2017,10.1002/advs.201700031,https://openalex.org/W2611962825,203,True,https://onlinelibrary.wiley.com/doi/pdfdirect/10.1002/advs.201700031,https://doi.org/10.1002/advs.201700031,Advanced Science,10.1002advs.201700031,mgo nanoparticle modified anode for highly efficient sno2 based planar perovskite solar cells,26.59059996922108,0.2,0.0,0.0,0.0,0.0,,,0.0,0.0,0.0,26.79059996922108
Will organic–inorganic hybrid halide lead perovskites be eliminated from optoelectronic applications?,2019,10.1039/c8na00416a,https://openalex.org/W2910575422,195,True,https://pubs.rsc.org/en/content/articlepdf/2019/na/c8na00416a,https://doi.org/10.1039/c8na00416a,Nanoscale Advances,10.1039c8na00416a,will organic inorganic hybrid halide lead perovskites be eliminated from optoelectronic applications,26.390573296152585,0.4,0.0,0.0,0.0,0.0,,,0.0,0.0,0.0,26.790573296152584
Wide‐Bandgap Organic–Inorganic Lead Halide Perovskite Solar Cells,2022,10.1002/advs.202105085,https://openalex.org/W4221012707,181,True,https://onlinelibrary.wiley.com/doi/pdfdirect/10.1002/advs.202105085,https://doi.org/10.1002/advs.202105085,Advanced Science,10.1002advs.202105085,wide bandgap organic inorganic lead halide perovskite solar cells,26.020033435383976,0.7,0.0,0.0,0.0,0.0,,,0.0,0.0,0.0,26.720033435383975
Fully Solution Processed Pure α‐Phase Formamidinium Lead Iodide Perovskite Solar Cells for Scalable Production in Ambient Condition,2020,10.1002/aenm.202001869,https://openalex.org/W3088636866,84,True,https://onlinelibrary.wiley.com/doi/pdfdirect/10.1002/aenm.202001869,https://doi.org/10.1002/aenm.202001869,Advanced Energy Materials,10.1002aenm.202001869,fully solution processed pure phase formamidinium lead iodide perovskite solar cells for scalable production in ambient condition,22.21325628245158,0.5,2.0,4.0,0.0,0.0,,,0.0,0.0,0.0,26.71325628245158
Synthesis and applications of nanoporous perovskite metal oxides,2018,10.1039/c7sc03920d,https://openalex.org/W2795985100,195,True,https://pubs.rsc.org/en/content/articlepdf/2018/sc/c7sc03920d,https://doi.org/10.1039/c7sc03920d,Chemical Science,10.1039c7sc03920d,synthesis and applications of nanoporous perovskite metal oxides,26.390573296152585,0.3,0.0,0.0,0.0,0.0,,,0.0,0.0,0.0,26.690573296152586
Ultrafast narrowband exciton routing within layered perovskite nanoplatelets enables low-loss luminescent solar concentrators,2019,10.1038/s41560-018-0313-y,https://openalex.org/W2910673001,191,True,https://utoronto.scholaris.ca/bitstreams/d94c5a1e-046a-4a77-a863-da750d137ea3/download,http://hdl.handle.net/1807/93355,Nature Energy,10.1038s41560-018-0313-y,ultrafast narrowband exciton routing within layered perovskite nanoplatelets enables low loss luminescent solar concentrators,26.28747686013891,0.4,0.0,0.0,0.0,0.0,,,0.0,0.0,0.0,26.687476860138908
Efficient and Stable Inverted Perovskite Solar Cells Incorporating Secondary Amines,2019,10.1002/adma.201903559,https://openalex.org/W2979002590,191,True,https://utoronto.scholaris.ca/bitstreams/b6dc366a-7fc1-4d0c-8d05-152fac071248/download,http://hdl.handle.net/1807/96972,Advanced Materials,10.1002adma.201903559,efficient and stable inverted perovskite solar cells incorporating secondary amines,26.28747686013891,0.4,0.0,0.0,0.0,0.0,,,0.0,0.0,0.0,26.687476860138908
Multiple and Promising Applications of Strontium (Sr)-Containing Bioactive Glasses in Bone Tissue Engineering,2019,10.3389/fbioe.2019.00161,https://openalex.org/W2953846685,191,True,https://www.frontiersin.org/articles/10.3389/fbioe.2019.00161/pdf,https://doi.org/10.3389/fbioe.2019.00161,Frontiers in Bioengineering and Biotechnology,10.3389fbioe.2019.00161,multiple and promising applications of strontium sr containing bioactive glasses in bone tissue engineering,26.28747686013891,0.4,0.0,0.0,0.0,0.0,,,0.0,0.0,0.0,26.687476860138908
Multifunctional Conjugated Ligand Engineering for Stable and Efficient Perovskite Solar Cells,2021,10.1002/adma.202100791,https://openalex.org/W3178116682,183,True,https://www.osti.gov/servlets/purl/1838435,https://www.osti.gov/biblio/1805097,Advanced Materials,10.1002adma.202100791,multifunctional conjugated ligand engineering for stable and efficient perovskite solar cells,26.074678788044928,0.6,0.0,0.0,0.0,0.0,,,0.0,0.0,0.0,26.67467878804493
"Metal organic frameworks for wastewater treatment, renewable energy and circular economy contributions",2024,10.1038/s41545-024-00408-4,https://openalex.org/W4404873280,172,True,https://www.nature.com/articles/s41545-024-00408-4.pdf,https://doi.org/10.1038/s41545-024-00408-4,npj Clean Water,10.1038s41545-024-00408-4,metal organic frameworks for wastewater treatment renewable energy and circular economy contributions,25.766457972488897,0.9,0.0,0.0,0.0,0.0,,,0.0,0.0,0.0,26.666457972488896
Chloride‐Based Additive Engineering for Efficient and Stable Wide‐Bandgap Perovskite Solar Cells,2023,10.1002/adma.202211742,https://openalex.org/W4376641968,174,True,https://onlinelibrary.wiley.com/doi/pdfdirect/10.1002/adma.202211742,https://doi.org/10.1002/adma.202211742,Advanced Materials,10.1002adma.202211742,chloride based additive engineering for efficient and stable wide bandgap perovskite solar cells,25.823929869617572,0.8,0.0,0.0,0.0,0.0,,,0.0,0.0,0.0,26.623929869617573
Cu-doped nickel oxide interface layer with nanoscale thickness for efficient and highly stable printable carbon-based perovskite solar cell,2019,10.1016/j.solener.2019.02.056,https://openalex.org/W2917969097,84,True,https://www.sciencedirect.com/science/article/pii/S0038092X19301823,https://doi.org/10.1016/j.solener.2019.02.056,Solar Energy,10.1016j.solener.2019.02.056,cu doped nickel oxide interface layer with nanoscale thickness for efficient and highly stable printable carbon based perovskite solar cell,22.21325628245158,0.4,2.0,4.0,0.0,0.0,,,0.0,0.0,0.0,26.61325628245158
Tin Halide Perovskite (ASnX3) Solar Cells: A Comprehensive Guide toward the Highest Power Conversion Efficiency,2019,10.1002/aenm.201902467,https://openalex.org/W2978779587,188,True,https://onlinelibrary.wiley.com/doi/pdfdirect/10.1002/aenm.201902467,https://doi.org/10.1002/aenm.201902467,Advanced Energy Materials,10.1002aenm.201902467,tin halide perovskite asnx3 solar cells a comprehensive guide toward the highest power conversion efficiency,26.208735075298215,0.4,0.0,0.0,0.0,0.0,,,0.0,0.0,0.0,26.608735075298213
How machine learning can help select capping layers to suppress perovskite degradation,2020,10.1038/s41467-020-17945-4,https://openalex.org/W3064646198,184,True,https://www.nature.com/articles/s41467-020-17945-4.pdf,https://doi.org/10.1038/s41467-020-17945-4,Nature Communications,10.1038s41467-020-17945-4,how machine learning can help select capping layers to suppress perovskite degradation,26.101779125391623,0.5,0.0,0.0,0.0,0.0,,,0.0,0.0,0.0,26.601779125391623
Efficient and bright warm-white electroluminescence from lead-free metal halides,2021,10.1038/s41467-021-21638-x,https://openalex.org/W3135623756,180,True,https://www.nature.com/articles/s41467-021-21638-x.pdf,https://doi.org/10.1038/s41467-021-21638-x,Nature Communications,10.1038s41467-021-21638-x,efficient and bright warm white electroluminescence from lead free metal halides,25.99248515632913,0.6,0.0,0.0,0.0,0.0,,,0.0,0.0,0.0,26.592485156329133
Enhancing the Performance of Fa‐Based Printable Mesoscopic Perovskite Solar Cells via the Polymer Additive,2023,10.1002/aenm.202204335,https://openalex.org/W4375864795,77,True,https://onlinelibrary.wiley.com/doi/pdfdirect/10.1002/aenm.202204335,https://doi.org/10.1002/aenm.202204335,Advanced Energy Materials,10.1002aenm.202204335,enhancing the performance of fa based printable mesoscopic perovskite solar cells via the polymer additive,21.783544133447958,0.8,2.0,4.0,0.0,0.0,,,0.0,0.0,0.0,26.58354413344796
Sn‐Based Perovskite for Highly Sensitive Photodetectors,2019,10.1002/advs.201900751,https://openalex.org/W2962564367,187,True,https://onlinelibrary.wiley.com/doi/pdfdirect/10.1002/advs.201900751,https://doi.org/10.1002/advs.201900751,Advanced Science,10.1002advs.201900751,sn based perovskite for highly sensitive photodetectors,26.182209814149747,0.4,0.0,0.0,0.0,0.0,,,0.0,0.0,0.0,26.582209814149746
Lead‐Free Perovskite‐Inspired Absorbers for Indoor Photovoltaics,2020,10.1002/aenm.202002761,https://openalex.org/W3097414152,183,True,https://onlinelibrary.wiley.com/doi/pdfdirect/10.1002/aenm.202002761,https://doi.org/10.1002/aenm.202002761,Advanced Energy Materials,10.1002aenm.202002761,lead free perovskite inspired absorbers for indoor photovoltaics,26.074678788044928,0.5,0.0,0.0,0.0,0.0,,,0.0,0.0,0.0,26.574678788044928
Lattice engineering for stabilized black FAPbI 3 perovskite single crystals for high-resolution x-ray imaging at the lowest dose,2023,10.1126/sciadv.adh2255,https://openalex.org/W4386276959,115,True,,https://doi.org/10.1126/sciadv.adh2255,Science Advances,10.1126sciadv.adh2255,lattice engineering for stabilized black fapbi 3 perovskite single crystals for high resolution x ray imaging at the lowest dose,23.767950955531823,0.8,1.0,2.0,0.0,0.0,,,0.0,0.0,0.0,26.567950955531824
Anti-Solvent Crystallization Strategies for Highly Efficient Perovskite Solar Cells,2017,10.3390/cryst7100291,https://openalex.org/W2758650598,194,True,https://www.mdpi.com/2073-4352/7/10/291/pdf?version=1506670503,https://doi.org/10.3390/cryst7100291,Crystals,10.3390cryst7100291,anti solvent crystallization strategies for highly efficient perovskite solar cells,26.364997792818734,0.2,0.0,0.0,0.0,0.0,,,0.0,0.0,0.0,26.564997792818733
Ruddlesden–Popper Perovskites: Synthesis and Optical Properties for Optoelectronic Applications,2019,10.1002/advs.201900941,https://openalex.org/W2980549847,186,True,https://onlinelibrary.wiley.com/doi/pdfdirect/10.1002/advs.201900941,https://doi.org/10.1002/advs.201900941,Advanced Science,10.1002advs.201900941,ruddlesden popper perovskites synthesis and optical properties for optoelectronic applications,26.155543084272935,0.4,0.0,0.0,0.0,0.0,,,0.0,0.0,0.0,26.555543084272934
Enhancing the crystallinity and perfecting the orientation of formamidinium tin iodide for highly efficient Sn-based perovskite solar cells,2019,10.1016/j.nanoen.2019.04.040,https://openalex.org/W2938751855,184,True,https://www.sciencedirect.com/science/article/pii/S2211285519303416/pdf,https://doi.org/10.1016/j.nanoen.2019.04.040,Nano Energy,10.1016j.nanoen.2019.04.040,enhancing the crystallinity and perfecting the orientation of formamidinium tin iodide for highly efficient sn based perovskite solar cells,26.101779125391623,0.4,0.0,0.0,0.0,0.0,,,0.0,0.0,0.0,26.50177912539162
Integration of two-dimensional materials-based perovskite solar panels into a stand-alone solar farm,2022,10.1038/s41560-022-01035-4,https://openalex.org/W4283027391,173,True,https://www.nature.com/articles/s41560-022-01035-4.pdf,https://doi.org/10.1038/s41560-022-01035-4,Nature Energy,10.1038s41560-022-01035-4,integration of two dimensional materials based perovskite solar panels into a stand alone solar farm,25.795276496072646,0.7,0.0,0.0,0.0,0.0,,,0.0,0.0,0.0,26.495276496072645
Dopant-Free Tetrakis-Triphenylamine Hole Transporting Material for Efficient Tin-Based Perovskite Solar Cells,2017,10.1021/jacs.7b10898,https://openalex.org/W2774673114,191,True,https://www.osti.gov/servlets/purl/1470385,https://www.osti.gov/biblio/1470385,Journal of the American Chemical Society,10.1021jacs.7b10898,dopant free tetrakis triphenylamine hole transporting material for efficient tin based perovskite solar cells,26.28747686013891,0.2,0.0,0.0,0.0,0.0,,,0.0,0.0,0.0,26.48747686013891
Recent Progress of Electrode Materials for Flexible Perovskite Solar Cells,2022,10.1007/s40820-022-00859-9,https://openalex.org/W4225130482,172,True,https://link.springer.com/content/pdf/10.1007/s40820-022-00859-9.pdf,https://doi.org/10.1007/s40820-022-00859-9,Nano-Micro Letters,10.1007s40820-022-00859-9,recent progress of electrode materials for flexible perovskite solar cells,25.766457972488897,0.7,0.0,0.0,0.0,0.0,,,0.0,0.0,0.0,26.466457972488897
Inorganic Halide Perovskite Quantum Dots: A Versatile Nanomaterial Platform for Electronic Applications,2022,10.1007/s40820-022-00983-6,https://openalex.org/W4313334514,172,True,https://link.springer.com/content/pdf/10.1007/s40820-022-00983-6.pdf,https://doi.org/10.1007/s40820-022-00983-6,Nano-Micro Letters,10.1007s40820-022-00983-6,inorganic halide perovskite quantum dots a versatile nanomaterial platform for electronic applications,25.766457972488897,0.7,0.0,0.0,0.0,0.0,,,0.0,0.0,0.0,26.466457972488897
"Molecular Engineering Using an Anthanthrone Dye for Low‐Cost Hole Transport Materials: A Strategy for Dopant‐Free, High‐Efficiency, and Stable Perovskite Solar Cells",2018,10.1002/aenm.201703007,https://openalex.org/W2792284859,186,True,https://onlinelibrary.wiley.com/doi/pdfdirect/10.1002/aenm.201703007,https://doi.org/10.1002/aenm.201703007,Advanced Energy Materials,10.1002aenm.201703007,molecular engineering using an anthanthrone dye for low cost hole transport materials a strategy for dopant free high efficiency and stable perovskite solar cells,26.155543084272935,0.3,0.0,0.0,0.0,0.0,,,0.0,0.0,0.0,26.455543084272936
Advancements in Inkjet Printing of Metal- and Covalent-Organic Frameworks: Process Design and Ink Optimization,2025,10.1021/acsami.4c15957,https://openalex.org/W4407580339,21,True,,https://doi.org/10.1021/acsami.4c15957,ACS Applied Materials & Interfaces,10.1021acsami.4c15957,advancements in inkjet printing of metal and covalent organic frameworks process design and ink optimization,15.45521226679158,1.0,5.0,10.0,0.0,0.0,,,0.0,0.0,0.0,26.45521226679158
"Structural, optical, and electronic studies of wide-bandgap lead halide perovskites",2015,10.1039/c5tc01718a,https://openalex.org/W1845830087,197,True,https://utoronto.scholaris.ca/bitstreams/bc6c9f07-da3e-409b-bb49-25b71dc24c75/download,http://hdl.handle.net/1807/73389,Journal of Materials Chemistry C,10.1039c5tc01718a,structural optical and electronic studies of wide bandgap lead halide perovskites,26.441335153472675,0.0,0.0,0.0,0.0,0.0,,,0.0,0.0,0.0,26.441335153472675
Ultrahigh-resolution full-color perovskite nanocrystal patterning for ultrathin skin-attachable displays,2022,10.1126/sciadv.add0697,https://openalex.org/W4307322511,114,True,https://www.science.org/doi/pdf/10.1126/sciadv.add0697?download=true,https://doi.org/10.1126/sciadv.add0697,Science Advances,10.1126sciadv.add0697,ultrahigh resolution full color perovskite nanocrystal patterning for ultrathin skin attachable displays,23.72466064181625,0.7,1.0,2.0,0.0,0.0,,,0.0,0.0,0.0,26.42466064181625
Heterojunction formed via 3D-to-2D perovskite conversion for photostable wide-bandgap perovskite solar cells,2023,10.1038/s41467-023-43016-5,https://openalex.org/W4388412864,167,True,https://www.nature.com/articles/s41467-023-43016-5.pdf,https://doi.org/10.1038/s41467-023-43016-5,Nature Communications,10.1038s41467-023-43016-5,heterojunction formed via 3d to 2d perovskite conversion for photostable wide bandgap perovskite solar cells,25.619819897016292,0.8,0.0,0.0,0.0,0.0,,,0.0,0.0,0.0,26.419819897016293
Integrated halide perovskite photoelectrochemical cells with solar-driven water-splitting efficiency of 20.8%,2023,10.1038/s41467-023-39290-y,https://openalex.org/W4382020723,167,True,https://www.nature.com/articles/s41467-023-39290-y.pdf,https://doi.org/10.1038/s41467-023-39290-y,Nature Communications,10.1038s41467-023-39290-y,integrated halide perovskite photoelectrochemical cells with solar driven water splitting efficiency of 20 8,25.619819897016292,0.8,0.0,0.0,0.0,0.0,,,0.0,0.0,0.0,26.419819897016293
Gas‐Assisted Spray Coating of Perovskite Solar Cells Incorporating Sprayed Self‐Assembled Monolayers,2022,10.1002/advs.202104848,https://openalex.org/W4211093209,93,True,https://onlinelibrary.wiley.com/doi/pdfdirect/10.1002/advs.202104848,https://doi.org/10.1002/advs.202104848,Advanced Science,10.1002advs.202104848,gas assisted spray coating of perovskite solar cells incorporating sprayed self assembled monolayers,22.71647391135002,0.7,1.5,3.0,0.0,0.0,,,0.0,0.0,0.0,26.416473911350018
Polyaniline and its composites engineering: A class of multifunctional smart energy materials,2022,10.1016/j.jssc.2022.123679,https://openalex.org/W4307899528,170,True,https://ars.els-cdn.com/content/image/1-s2.0-S0022459622008040-ga1_lrg.jpg,https://doi.org/10.1016/j.jssc.2022.123679,Journal of Solid State Chemistry,10.1016j.jssc.2022.123679,polyaniline and its composites engineering a class of multifunctional smart energy materials,25.7083177825133,0.7,0.0,0.0,0.0,0.0,,,0.0,0.0,0.0,26.4083177825133
The first demonstration of entirely roll-to-roll fabricated perovskite solar cell modules under ambient room conditions,2024,10.1038/s41467-024-46016-1,https://openalex.org/W4392705654,163,True,https://www.nature.com/articles/s41467-024-46016-1.pdf,https://doi.org/10.1038/s41467-024-46016-1,Nature Communications,10.1038s41467-024-46016-1,the first demonstration of entirely roll to roll fabricated perovskite solar cell modules under ambient room conditions,25.499332139120995,0.9,0.0,0.0,0.0,0.0,,,0.0,0.0,0.0,26.399332139120993
Promoting Energy Transfer via Manipulation of Crystallization Kinetics of Quasi‐2D Perovskites for Efficient Green Light‐Emitting Diodes,2021,10.1002/adma.202102246,https://openalex.org/W3193524760,173,True,https://onlinelibrary.wiley.com/doi/pdfdirect/10.1002/adma.202102246,https://doi.org/10.1002/adma.202102246,Advanced Materials,10.1002adma.202102246,promoting energy transfer via manipulation of crystallization kinetics of quasi 2d perovskites for efficient green light emitting diodes,25.795276496072646,0.6,0.0,0.0,0.0,0.0,,,0.0,0.0,0.0,26.395276496072647
A Review of Recent Developments in Preparation Methods for Large-Area Perovskite Solar Cells,2022,10.3390/coatings12020252,https://openalex.org/W4213253126,113,True,https://www.mdpi.com/2079-6412/12/2/252/pdf?version=1645068134,https://doi.org/10.3390/coatings12020252,Coatings,10.3390coatings12020252,a review of recent developments in preparation methods for large area perovskite solar cells,23.68099224197248,0.7,1.0,2.0,0.0,0.0,,,0.0,0.0,0.0,26.38099224197248
Suppressed recombination for monolithic inorganic perovskite/silicon tandem solar cells with an approximate efficiency of 23%,2022,10.1016/j.esci.2022.04.001,https://openalex.org/W4224275524,168,True,https://www.sciencedirect.com/science/article/pii/S2667141722000404/pdf,https://doi.org/10.1016/j.esci.2022.04.001,eScience,10.1016j.esci.2022.04.001,suppressed recombination for monolithic inorganic perovskite silicon tandem solar cells with an approximate efficiency of 23,25.649493574615366,0.7,0.0,0.0,0.0,0.0,,,0.0,0.0,0.0,26.349493574615366
A Transparent Conductive Adhesive Laminate Electrode for High‐Efficiency Organic‐Inorganic Lead Halide Perovskite Solar Cells,2014,10.1002/adma.201403939,https://openalex.org/W2093278742,193,True,https://onlinelibrary.wiley.com/doi/pdfdirect/10.1002/adma.201403939,https://doi.org/10.1002/adma.201403939,Advanced Materials,10.1002adma.201403939,a transparent conductive adhesive laminate electrode for high efficiency organic inorganic lead halide perovskite solar cells,26.339290795316643,0.0,0.0,0.0,0.0,0.0,,,0.0,0.0,0.0,26.339290795316643
Strain regulation retards natural operation decay of perovskite solar cells,2024,10.1038/s41586-024-08161-x,https://openalex.org/W4403393204,161,True,https://www.nature.com/articles/s41586-024-08161-x.pdf,https://doi.org/10.1038/s41586-024-08161-x,Nature,10.1038s41586-024-08161-x,strain regulation retards natural operation decay of perovskite solar cells,25.437981676161918,0.9,0.0,0.0,0.0,0.0,,,0.0,0.0,0.0,26.337981676161917
Shallow defects and variable photoluminescence decay times up to 280 µs in triple-cation perovskites,2024,10.1038/s41563-023-01771-2,https://openalex.org/W4390706600,161,True,https://www.nature.com/articles/s41563-023-01771-2.pdf,https://doi.org/10.1038/s41563-023-01771-2,Nature Materials,10.1038s41563-023-01771-2,shallow defects and variable photoluminescence decay times up to 280 s in triple cation perovskites,25.437981676161918,0.9,0.0,0.0,0.0,0.0,,,0.0,0.0,0.0,26.337981676161917
Spin-coating free fabrication for highly efficient perovskite solar cells,2017,10.1016/j.solmat.2017.04.029,https://openalex.org/W2607990368,101,True,https://unsworks.unsw.edu.au/bitstreams/2d35f133-b3ae-40a9-980e-24d22f2e45db/download,http://hdl.handle.net/1959.4/unsworks_52232,Solar Energy Materials and Solar Cells,10.1016j.solmat.2017.04.029,spin coating free fabrication for highly efficient perovskite solar cells,23.124864066421353,0.2,1.5,3.0,0.0,0.0,,,0.0,0.0,0.0,26.324864066421352
Efficiency and stability enhancement of perovskite solar cells by introducing CsPbI3 quantum dots as an interface engineering layer,2018,10.1038/s41427-018-0055-0,https://openalex.org/W2808352454,181,True,https://www.nature.com/articles/s41427-018-0055-0.pdf,https://doi.org/10.1038/s41427-018-0055-0,NPG Asia Materials,10.1038s41427-018-0055-0,efficiency and stability enhancement of perovskite solar cells by introducing cspbi3 quantum dots as an interface engineering layer,26.020033435383976,0.3,0.0,0.0,0.0,0.0,,,0.0,0.0,0.0,26.320033435383976
Supramolecular assembly of blue and green halide perovskites with near-unity photoluminescence,2024,10.1126/science.adi4196,https://openalex.org/W4390590979,160,True,https://escholarship.org/content/qt4t59495x/qt4t59495x.pdf,https://escholarship.org/uc/item/4t59495x,Science,10.1126science.adi4196,supramolecular assembly of blue and green halide perovskites with near unity photoluminescence,25.407021824922317,0.9,0.0,0.0,0.0,0.0,,,0.0,0.0,0.0,26.307021824922316
"Halide Perovskites and Their Derivatives for Efficient, High‐Resolution Direct Radiation Detection: Design Strategies and Applications",2023,10.1002/adma.202304523,https://openalex.org/W4386856311,109,True,,https://doi.org/10.1002/adma.202304523,Advanced Materials,10.1002adma.202304523,halide perovskites and their derivatives for efficient high resolution direct radiation detection design strategies and applications,23.502401828962082,0.8,1.0,2.0,0.0,0.0,,,0.0,0.0,0.0,26.302401828962083
Laser printed microelectronics,2023,10.1038/s41467-023-36722-7,https://openalex.org/W4322207850,89,True,https://www.nature.com/articles/s41467-023-36722-7.pdf,https://doi.org/10.1038/s41467-023-36722-7,Nature Communications,10.1038s41467-023-36722-7,laser printed microelectronics,22.499048351651325,0.8,1.5,3.0,0.0,0.0,,,0.0,0.0,0.0,26.299048351651326
Challenges and strategies toward long-term stability of lead-free tin-based perovskite solar cells,2022,10.1038/s43246-022-00327-2,https://openalex.org/W4312181094,166,True,https://www.nature.com/articles/s43246-022-00327-2.pdf,https://doi.org/10.1038/s43246-022-00327-2,Communications Materials,10.1038s43246-022-00327-2,challenges and strategies toward long term stability of lead free tin based perovskite solar cells,25.589969062083778,0.7,0.0,0.0,0.0,0.0,,,0.0,0.0,0.0,26.289969062083777
Recent progress towards roll-to-roll manufacturing of perovskite solar cells using slot-die processing,2019,10.1088/2058-8585/ab639e,https://openalex.org/W2996586032,64,True,https://iopscience.iop.org/article/10.1088/2058-8585/ab639e/pdf,https://doi.org/10.1088/2058-8585/ab639e,Flexible and Printed Electronics,10.10882058-8585ab639e,recent progress towards roll to roll manufacturing of perovskite solar cells using slot die processing,20.871936349478183,0.4,2.5,5.0,0.0,0.0,,,0.0,0.0,0.0,26.27193634947818
Enabling low-drift flexible perovskite photodetectors by electrical modulation for wearable health monitoring and weak light imaging,2023,10.1038/s41467-023-40711-1,https://openalex.org/W4385876952,162,True,https://www.nature.com/articles/s41467-023-40711-1.pdf,https://doi.org/10.1038/s41467-023-40711-1,Nature Communications,10.1038s41467-023-40711-1,enabling low drift flexible perovskite photodetectors by electrical modulation for wearable health monitoring and weak light imaging,25.468751004033813,0.8,0.0,0.0,0.0,0.0,,,0.0,0.0,0.0,26.268751004033813
Direct in situ photolithography of perovskite quantum dots based on photocatalysis of lead bromide complexes,2022,10.1038/s41467-022-34453-9,https://openalex.org/W4308769676,165,True,https://www.nature.com/articles/s41467-022-34453-9.pdf,https://doi.org/10.1038/s41467-022-34453-9,Nature Communications,10.1038s41467-022-34453-9,direct in situ photolithography of perovskite quantum dots based on photocatalysis of lead bromide complexes,25.55993894178272,0.7,0.0,0.0,0.0,0.0,,,0.0,0.0,0.0,26.259938941782718
Strain-activated light-induced halide segregation in mixed-halide perovskite solids,2020,10.1038/s41467-020-20066-7,https://openalex.org/W3110797523,171,True,https://www.nature.com/articles/s41467-020-20066-7.pdf,https://doi.org/10.1038/s41467-020-20066-7,Nature Communications,10.1038s41467-020-20066-7,strain activated light induced halide segregation in mixed halide perovskite solids,25.737472384067264,0.5,0.0,0.0,0.0,0.0,,,0.0,0.0,0.0,26.237472384067264
Slot-die coated methylammonium-free perovskite solar cells with 18% efficiency,2021,10.1016/j.solmat.2021.111189,https://openalex.org/W3168395325,61,True,https://www.sciencedirect.com/science/article/pii/S0927024821002324,https://doi.org/10.1016/j.solmat.2021.111189,Solar Energy Materials and Solar Cells,10.1016j.solmat.2021.111189,slot die coated methylammonium free perovskite solar cells with 18 efficiency,20.63567192522546,0.6,2.5,5.0,0.0,0.0,,,0.0,0.0,0.0,26.23567192522546
A Special Additive Enables All Cations and Anions Passivation for Stable Perovskite Solar Cells with Efficiency over 23%,2021,10.1007/s40820-021-00688-2,https://openalex.org/W3188113146,167,True,https://link.springer.com/content/pdf/10.1007/s40820-021-00688-2.pdf,https://doi.org/10.1007/s40820-021-00688-2,Nano-Micro Letters,10.1007s40820-021-00688-2,a special additive enables all cations and anions passivation for stable perovskite solar cells with efficiency over 23,25.619819897016292,0.6,0.0,0.0,0.0,0.0,,,0.0,0.0,0.0,26.219819897016293
Elimination of light-induced degradation at the nickel oxide-perovskite heterojunction by aprotic sulfonium layers towards long-term operationally stable inverted perovskite solar cells,2022,10.1039/d2ee01801b,https://openalex.org/W4296880058,163,True,https://pubs.rsc.org/en/content/articlepdf/2022/ee/d2ee01801b,https://doi.org/10.1039/d2ee01801b,Energy & Environmental Science,10.1039d2ee01801b,elimination of light induced degradation at the nickel oxide perovskite heterojunction by aprotic sulfonium layers towards long term operationally stable inverted perovskite solar cells,25.499332139120995,0.7,0.0,0.0,0.0,0.0,,,0.0,0.0,0.0,26.199332139120994
A polymer controlled nucleation route towards the generalized growth of organic-inorganic perovskite single crystals,2021,10.1038/s41467-021-22193-1,https://openalex.org/W3145143191,166,True,https://www.nature.com/articles/s41467-021-22193-1.pdf,https://doi.org/10.1038/s41467-021-22193-1,Nature Communications,10.1038s41467-021-22193-1,a polymer controlled nucleation route towards the generalized growth of organic inorganic perovskite single crystals,25.589969062083778,0.6,0.0,0.0,0.0,0.0,,,0.0,0.0,0.0,26.18996906208378
Surface chemical polishing and passivation minimize non-radiative recombination for all-perovskite tandem solar cells,2024,10.1038/s41467-024-51703-0,https://openalex.org/W4401882708,156,True,https://www.nature.com/articles/s41467-024-51703-0.pdf,https://doi.org/10.1038/s41467-024-51703-0,Nature Communications,10.1038s41467-024-51703-0,surface chemical polishing and passivation minimize non radiative recombination for all perovskite tandem solar cells,25.28122902674154,0.9,0.0,0.0,0.0,0.0,,,0.0,0.0,0.0,26.181229026741537
Charge transport in mixed metal halide perovskite semiconductors,2023,10.1038/s41563-022-01448-2,https://openalex.org/W4318071561,159,True,https://www.osti.gov/servlets/purl/1971780,https://www.osti.gov/biblio/1971780,Nature Materials,10.1038s41563-022-01448-2,charge transport in mixed metal halide perovskite semiconductors,25.37586907616913,0.8,0.0,0.0,0.0,0.0,,,0.0,0.0,0.0,26.175869076169132
Low Temperature Processed Fully Printed Efficient Planar Structure Carbon Electrode Perovskite Solar Cells and Modules,2021,10.1002/aenm.202101219,https://openalex.org/W3170663104,90,True,,https://doi.org/10.1002/aenm.202101219,Advanced Energy Materials,10.1002aenm.202101219,low temperature processed fully printed efficient planar structure carbon electrode perovskite solar cells and modules,22.55429753258425,0.6,1.5,3.0,0.0,0.0,,,0.0,0.0,0.0,26.154297532584252
"Solution-Processed, Silver-Doped NiOx as Hole Transporting Layer for High-Efficiency Inverted Perovskite Solar Cells",2018,10.1021/acsaem.7b00129,https://openalex.org/W2783661783,117,True,https://unsworks.unsw.edu.au/bitstreams/7777ad5a-f2c8-443c-87f8-b288de9585c6/download,http://hdl.handle.net/1959.4/unsworks_50337,ACS Applied Energy Materials,10.1021acsaem.7b00129,solution processed silver doped niox as hole transporting layer for high efficiency inverted perovskite solar cells,23.853423122328326,0.3,1.0,2.0,0.0,0.0,,,0.0,0.0,0.0,26.153423122328327
"Additive‐Free, Low‐Temperature Crystallization of Stable α‐FAPbI 3 Perovskite",2021,10.1002/adma.202107850,https://openalex.org/W4200011489,164,True,,https://doi.org/10.1002/adma.202107850,Advanced Materials,10.1002adma.202107850,additive free low temperature crystallization of stable fapbi 3 perovskite,25.5297273695029,0.6,0.0,0.0,0.0,0.0,,,0.0,0.0,0.0,26.129727369502902
Halide perovskites: A dark horse for direct X‐ray imaging,2020,10.1002/eom2.12064,https://openalex.org/W3104881471,167,True,https://onlinelibrary.wiley.com/doi/pdfdirect/10.1002/eom2.12064,https://doi.org/10.1002/eom2.12064,EcoMat,10.1002eom2.12064,halide perovskites a dark horse for direct x ray imaging,25.619819897016292,0.5,0.0,0.0,0.0,0.0,,,0.0,0.0,0.0,26.119819897016292
The expanding world of hybrid perovskites: materials properties and emerging applications,2015,10.1557/mrc.2015.6,https://openalex.org/W2073520154,184,True,https://link.springer.com/content/pdf/10.1557/mrc.2015.6.pdf,https://doi.org/10.1557/mrc.2015.6,MRS Communications,10.1557mrc.2015.6,the expanding world of hybrid perovskites materials properties and emerging applications,26.101779125391623,0.0,0.0,0.0,0.0,0.0,,,0.0,0.0,0.0,26.101779125391623
Halide Perovskite Light‐Emitting Diode Technologies,2021,10.1002/adom.202002128,https://openalex.org/W3134351897,163,True,https://onlinelibrary.wiley.com/doi/pdfdirect/10.1002/adom.202002128,https://doi.org/10.1002/adom.202002128,Advanced Optical Materials,10.1002adom.202002128,halide perovskite light emitting diode technologies,25.499332139120995,0.6,0.0,0.0,0.0,0.0,,,0.0,0.0,0.0,26.099332139120996
Exciton-polaron spectral structures in two-dimensional hybrid lead-halide perovskites,2018,10.1103/physrevmaterials.2.064605,https://openalex.org/W2792120617,173,True,http://link.aps.org/pdf/10.1103/PhysRevMaterials.2.064605,https://doi.org/10.1103/physrevmaterials.2.064605,Physical Review Materials,10.1103physrevmaterials.2.064605,exciton polaron spectral structures in two dimensional hybrid lead halide perovskites,25.795276496072646,0.3,0.0,0.0,0.0,0.0,,,0.0,0.0,0.0,26.095276496072646
Fully Roll-to-Roll Processed Efficient Perovskite Solar Cells via Precise Control on the Morphology of PbI2:CsI Layer,2022,10.1007/s40820-022-00815-7,https://openalex.org/W4220842617,71,True,https://link.springer.com/content/pdf/10.1007/s40820-022-00815-7.pdf,https://doi.org/10.1007/s40820-022-00815-7,Nano-Micro Letters,10.1007s40820-022-00815-7,fully roll to roll processed efficient perovskite solar cells via precise control on the morphology of pbi2 csi layer,21.383330595080277,0.7,2.0,4.0,0.0,0.0,,,0.0,0.0,0.0,26.083330595080277
Over 20% Efficient CIGS–Perovskite Tandem Solar Cells,2017,10.1021/acsenergylett.7b00187,https://openalex.org/W2594818343,176,True,https://dr.ntu.edu.sg/bitstream/10356/142030/2/ACS%20Energy%20Letters-%20Over%2020%25%20Efficient%20CIGS%e2%80%93Perovskite%20Tandem%20Solar%20Cells%20.pdf,https://hdl.handle.net/10356/142030,ACS Energy Letters,10.1021acsenergylett.7b00187,over 20 efficient cigs perovskite tandem solar cells,25.880748662869145,0.2,0.0,0.0,0.0,0.0,,,0.0,0.0,0.0,26.080748662869144
Perovskite superlattices with efficient carrier dynamics,2022,10.1038/s41586-022-04961-1,https://openalex.org/W4291020837,158,True,https://www.osti.gov/servlets/purl/1969340,https://www.osti.gov/biblio/2217486,Nature,10.1038s41586-022-04961-1,perovskite superlattices with efficient carrier dynamics,25.344521011101158,0.7,0.0,0.0,0.0,0.0,,,0.0,0.0,0.0,26.044521011101157
LiTFSI‐Free Spiro‐OMeTAD‐Based Perovskite Solar Cells with Power Conversion Efficiencies Exceeding 19%,2019,10.1002/aenm.201901519,https://openalex.org/W2961546531,167,True,https://onlinelibrary.wiley.com/doi/pdfdirect/10.1002/aenm.201901519,https://doi.org/10.1002/aenm.201901519,Advanced Energy Materials,10.1002aenm.201901519,litfsi free spiro ometad based perovskite solar cells with power conversion efficiencies exceeding 19,25.619819897016292,0.4,0.0,0.0,0.0,0.0,,,0.0,0.0,0.0,26.01981989701629
Triggering the Passivation Effect of Potassium Doping in Mixed‐Cation Mixed‐Halide Perovskite by Light Illumination,2019,10.1002/aenm.201901016,https://openalex.org/W2943190256,166,True,https://onlinelibrary.wiley.com/doi/pdfdirect/10.1002/aenm.201901016,https://doi.org/10.1002/aenm.201901016,Advanced Energy Materials,10.1002aenm.201901016,triggering the passivation effect of potassium doping in mixed cation mixed halide perovskite by light illumination,25.589969062083778,0.4,0.0,0.0,0.0,0.0,,,0.0,0.0,0.0,25.989969062083777
Defect passivation in methylammonium/bromine free inverted perovskite solar cells using charge-modulated molecular bonding,2024,10.1038/s41467-024-45228-9,https://openalex.org/W4391305138,149,True,https://www.nature.com/articles/s41467-024-45228-9.pdf,https://doi.org/10.1038/s41467-024-45228-9,Nature Communications,10.1038s41467-024-45228-9,defect passivation in methylammonium bromine free inverted perovskite solar cells using charge modulated molecular bonding,25.053176470481276,0.9,0.0,0.0,0.0,0.0,,,0.0,0.0,0.0,25.953176470481274
Over 24% efficient MA-free CsxFA1−xPbX3 perovskite solar cells,2022,10.1016/j.joule.2022.05.002,https://openalex.org/W4281477608,155,True,http://www.cell.com/article/S2542435122001933/pdf,https://doi.org/10.1016/j.joule.2022.05.002,Joule,10.1016j.joule.2022.05.002,over 24 efficient ma free csxfa1 xpbx3 perovskite solar cells,25.249280036247686,0.7,0.0,0.0,0.0,0.0,,,0.0,0.0,0.0,25.949280036247686
Functional Group Engineering Stabilizing Precursor Solution and Passivating Defects for Operationally Stable and Highly Reproducible Inverted Perovskite Solar Cells,2025,10.1002/adma.202502729,https://openalex.org/W4410166783,43,True,https://onlinelibrary.wiley.com/doi/pdfdirect/10.1002/adma.202502729,https://doi.org/10.1002/adma.202502729,Advanced Materials,10.1002adma.202502729,functional group engineering stabilizing precursor solution and passivating defects for operationally stable and highly reproducible inverted perovskite solar cells,18.920948169591306,1.0,3.0,6.0,0.0,0.0,,,0.0,0.0,0.0,25.920948169591306
Halide homogenization for low energy loss in 2-eV-bandgap perovskites and increased efficiency in all-perovskite triple-junction solar cells,2023,10.1038/s41560-023-01406-5,https://openalex.org/W4388721897,151,True,https://www.nature.com/articles/s41560-023-01406-5.pdf,https://doi.org/10.1038/s41560-023-01406-5,Nature Energy,10.1038s41560-023-01406-5,halide homogenization for low energy loss in 2 ev bandgap perovskites and increased efficiency in all perovskite triple junction solar cells,25.119402604231382,0.8,0.0,0.0,0.0,0.0,,,0.0,0.0,0.0,25.919402604231383
Inkjet-Printed FASn1–xPbxI3-Based Perovskite Solar Cells,2024,10.1021/acsami.4c12477,https://openalex.org/W4404147725,10,True,https://pubs.acs.org/doi/pdf/10.1021/acsami.4c12477?ref=article_openPDF,https://doi.org/10.1021/acsami.4c12477,ACS Applied Materials & Interfaces,10.1021acsami.4c12477,inkjet printed fasn1 xpbxi3 based perovskite solar cells,11.989476363991853,0.9,6.5,13.0,0.0,0.0,,,0.0,0.0,0.0,25.889476363991854
Upscaling Solution‐Processed Perovskite Photovoltaics,2021,10.1002/aenm.202101973,https://openalex.org/W3207455325,104,True,https://onlinelibrary.wiley.com/doi/pdfdirect/10.1002/aenm.202101973,https://doi.org/10.1002/aenm.202101973,Advanced Energy Materials,10.1002aenm.202101973,upscaling solution processed perovskite photovoltaics,23.269801750787614,0.6,1.0,2.0,0.0,0.0,,,0.0,0.0,0.0,25.869801750787616
A comprehensive review of the current progresses and material advances in perovskite solar cells,2023,10.1039/d3na00319a,https://openalex.org/W4381857030,149,True,https://pubs.rsc.org/en/content/articlepdf/2023/na/d3na00319a,https://doi.org/10.1039/d3na00319a,Nanoscale Advances,10.1039d3na00319a,a comprehensive review of the current progresses and material advances in perovskite solar cells,25.053176470481276,0.8,0.0,0.0,0.0,0.0,,,0.0,0.0,0.0,25.853176470481277
Fluoride Chemistry in Tin Halide Perovskites,2021,10.1002/anie.202107599,https://openalex.org/W3180733479,154,True,https://onlinelibrary.wiley.com/doi/pdfdirect/10.1002/anie.202107599,https://doi.org/10.1002/anie.202107599,Angewandte Chemie International Edition,10.1002anie.202107599,fluoride chemistry in tin halide perovskites,25.217125584596232,0.6,0.0,0.0,0.0,0.0,,,0.0,0.0,0.0,25.817125584596234
Challenges and Opportunities for CsPbBr 3 Perovskites in Low- and High-Energy Radiation Detection,2021,10.1021/acsenergylett.1c00007,https://openalex.org/W3137056344,154,True,https://pubs.acs.org/doi/pdf/10.1021/acsenergylett.1c00007,https://doi.org/10.1021/acsenergylett.1c00007,ACS Energy Letters,10.1021acsenergylett.1c00007,challenges and opportunities for cspbbr 3 perovskites in low and high energy radiation detection,25.217125584596232,0.6,0.0,0.0,0.0,0.0,,,0.0,0.0,0.0,25.817125584596234
CsI‐Antisolvent Adduct Formation in All‐Inorganic Metal Halide Perovskites,2020,10.1002/aenm.201903365,https://openalex.org/W3003917344,70,True,https://www.osti.gov/servlets/purl/1598483,https://www.osti.gov/biblio/1596387,Advanced Energy Materials,10.1002aenm.201903365,csi antisolvent adduct formation in all inorganic metal halide perovskites,21.313399385206576,0.5,2.0,4.0,0.0,0.0,,,0.0,0.0,0.0,25.813399385206576
Surface chelation of cesium halide perovskite by dithiocarbamate for efficient and stable solar cells,2020,10.1038/s41467-020-18015-5,https://openalex.org/W3080441763,157,True,https://www.nature.com/articles/s41467-020-18015-5.pdf,https://doi.org/10.1038/s41467-020-18015-5,Nature Communications,10.1038s41467-020-18015-5,surface chelation of cesium halide perovskite by dithiocarbamate for efficient and stable solar cells,25.312975165134834,0.5,0.0,0.0,0.0,0.0,,,0.0,0.0,0.0,25.812975165134834
Structural effects on optoelectronic properties of halide perovskites,2018,10.1039/c8cs00212f,https://openalex.org/W2885238190,163,True,https://pubs.rsc.org/en/content/articlepdf/2018/cs/c8cs00212f,https://doi.org/10.1039/c8cs00212f,Chemical Society Reviews,10.1039c8cs00212f,structural effects on optoelectronic properties of halide perovskites,25.499332139120995,0.3,0.0,0.0,0.0,0.0,,,0.0,0.0,0.0,25.799332139120995
Progress and challenges on scaling up of perovskite solar cell technology,2021,10.1039/d1se01045j,https://openalex.org/W3216257650,153,True,https://pubs.rsc.org/en/content/articlepdf/2022/se/d1se01045j,https://doi.org/10.1039/d1se01045j,Sustainable Energy & Fuels,10.1039d1se01045j,progress and challenges on scaling up of perovskite solar cell technology,25.184763012068146,0.6,0.0,0.0,0.0,0.0,,,0.0,0.0,0.0,25.784763012068147
NiFeOx decorated Ge-hematite/perovskite for an efficient water splitting system,2021,10.1038/s41467-021-24428-7,https://openalex.org/W3182200437,152,True,https://www.nature.com/articles/s41467-021-24428-7.pdf,https://doi.org/10.1038/s41467-021-24428-7,Nature Communications,10.1038s41467-021-24428-7,nifeox decorated ge hematite perovskite for an efficient water splitting system,25.152189606962175,0.6,0.0,0.0,0.0,0.0,,,0.0,0.0,0.0,25.752189606962176
Multifunctional Small Molecule as Buried Interface Passivator for Efficient Planar Perovskite Solar Cells,2023,10.1002/adfm.202300128,https://openalex.org/W4323045279,146,True,https://onlinelibrary.wiley.com/doi/pdfdirect/10.1002/adfm.202300128,https://doi.org/10.1002/adfm.202300128,Advanced Functional Materials,10.1002adfm.202300128,multifunctional small molecule as buried interface passivator for efficient planar perovskite solar cells,24.952162933893682,0.8,0.0,0.0,0.0,0.0,,,0.0,0.0,0.0,25.752162933893683
Enhancing Photostability of Sn‐Pb Perovskite Solar Cells by an Alkylammonium Pseudo‐Halogen Additive,2023,10.1002/aenm.202204115,https://openalex.org/W4322773263,146,True,https://onlinelibrary.wiley.com/doi/pdfdirect/10.1002/aenm.202204115,https://doi.org/10.1002/aenm.202204115,Advanced Energy Materials,10.1002aenm.202204115,enhancing photostability of sn pb perovskite solar cells by an alkylammonium pseudo halogen additive,24.952162933893682,0.8,0.0,0.0,0.0,0.0,,,0.0,0.0,0.0,25.752162933893683
High-Performance Photodiode-Type Photodetectors Based on Polycrystalline Formamidinium Lead Iodide Perovskite Thin Films,2018,10.1038/s41598-018-29147-6,https://openalex.org/W2884060952,161,True,https://www.nature.com/articles/s41598-018-29147-6.pdf,https://doi.org/10.1038/s41598-018-29147-6,Scientific Reports,10.1038s41598-018-29147-6,high performance photodiode type photodetectors based on polycrystalline formamidinium lead iodide perovskite thin films,25.437981676161918,0.3,0.0,0.0,0.0,0.0,,,0.0,0.0,0.0,25.73798167616192
"Surface Engineering of Metals: Techniques, Characterizations and Applications",2023,10.3390/met13071299,https://openalex.org/W4384930858,145,True,https://www.mdpi.com/2075-4701/13/7/1299/pdf?version=1689843196,https://doi.org/10.3390/met13071299,Metals,10.3390met13071299,surface engineering of metals techniques characterizations and applications,24.91803310854168,0.8,0.0,0.0,0.0,0.0,,,0.0,0.0,0.0,25.718033108541682
Tailoring vertical phase distribution of quasi-two-dimensional perovskite films via surface modification of hole-transporting layer,2019,10.1038/s41467-019-08843-5,https://openalex.org/W2916431294,157,True,https://www.nature.com/articles/s41467-019-08843-5.pdf,https://doi.org/10.1038/s41467-019-08843-5,Nature Communications,10.1038s41467-019-08843-5,tailoring vertical phase distribution of quasi two dimensional perovskite films via surface modification of hole transporting layer,25.312975165134834,0.4,0.0,0.0,0.0,0.0,,,0.0,0.0,0.0,25.712975165134832
Homogeneous 2D/3D heterostructured tin halide perovskite photovoltaics,2025,10.1038/s41565-025-01905-4,https://openalex.org/W4409510059,139,True,https://www.nature.com/articles/s41565-025-01905-4.pdf,https://doi.org/10.1038/s41565-025-01905-4,Nature Nanotechnology,10.1038s41565-025-01905-4,homogeneous 2d 3d heterostructured tin halide perovskite photovoltaics,24.70821211304652,1.0,0.0,0.0,0.0,0.0,,,0.0,0.0,0.0,25.70821211304652
Fully Spray-Coated Triple-Cation Perovskite Solar Cells,2020,10.1038/s41598-020-63674-5,https://openalex.org/W3016719418,153,True,https://www.nature.com/articles/s41598-020-63674-5.pdf,https://doi.org/10.1038/s41598-020-63674-5,Scientific Reports,10.1038s41598-020-63674-5,fully spray coated triple cation perovskite solar cells,25.184763012068146,0.5,0.0,0.0,0.0,0.0,,,0.0,0.0,0.0,25.684763012068146
Multifunctional entinostat enhances the mechanical robustness and efficiency of flexible perovskite solar cells and minimodules,2024,10.1038/s41566-023-01373-z,https://openalex.org/W4390975731,141,True,https://www.osti.gov/servlets/purl/2337952,https://www.osti.gov/biblio/2337952,Nature Photonics,10.1038s41566-023-01373-z,multifunctional entinostat enhances the mechanical robustness and efficiency of flexible perovskite solar cells and minimodules,24.779135288006305,0.9,0.0,0.0,0.0,0.0,,,0.0,0.0,0.0,25.679135288006304
Research progress on large-area perovskite thin films and solar modules,2017,10.1016/j.jmat.2017.09.002,https://openalex.org/W2759076733,108,True,https://www.sciencedirect.com/science/article/pii/S2352847817300576/pdf,https://doi.org/10.1016/j.jmat.2017.09.002,Journal of Materiomics,10.1016j.jmat.2017.09.002,research progress on large area perovskite thin films and solar modules,23.45673941114572,0.2,1.0,2.0,0.0,0.0,,,0.0,0.0,0.0,25.65673941114572
Efficient light-emitting diodes based on oriented perovskite nanoplatelets,2021,10.1126/sciadv.abg8458,https://openalex.org/W3204707069,149,True,,https://doi.org/10.1126/sciadv.abg8458,Science Advances,10.1126sciadv.abg8458,efficient light emitting diodes based on oriented perovskite nanoplatelets,25.053176470481276,0.6,0.0,0.0,0.0,0.0,,,0.0,0.0,0.0,25.653176470481277
Silver coordination-induced n-doping of PCBM for stable and efficient inverted perovskite solar cells,2024,10.1038/s41467-024-49395-7,https://openalex.org/W4399500807,140,True,,https://doi.org/10.1038/s41467-024-49395-7,Nature Communications,10.1038s41467-024-49395-7,silver coordination induced n doping of pcbm for stable and efficient inverted perovskite solar cells,24.743799451890844,0.9,0.0,0.0,0.0,0.0,,,0.0,0.0,0.0,25.643799451890843
Regulation of the luminescence mechanism of two-dimensional tin halide perovskites,2022,10.1038/s41467-021-27663-0,https://openalex.org/W4205889880,145,True,https://www.nature.com/articles/s41467-021-27663-0.pdf,https://doi.org/10.1038/s41467-021-27663-0,Nature Communications,10.1038s41467-021-27663-0,regulation of the luminescence mechanism of two dimensional tin halide perovskites,24.91803310854168,0.7,0.0,0.0,0.0,0.0,,,0.0,0.0,0.0,25.61803310854168
Patterning Multicolor Hybrid Perovskite Films via Top-Down Lithography,2019,10.1021/acsnano.8b09592,https://openalex.org/W2915253349,154,True,https://research-repository.st-andrews.ac.uk/bitstream/10023/19515/1/Harwell_2019_Patterning_multicolor_ACSNano_AAM.pdf,https://hdl.handle.net/10023/19515,ACS Nano,10.1021acsnano.8b09592,patterning multicolor hybrid perovskite films via top down lithography,25.217125584596232,0.4,0.0,0.0,0.0,0.0,,,0.0,0.0,0.0,25.61712558459623
Towards printed perovskite solar cells with cuprous oxide hole transporting layers: a theoretical design,2015,10.1088/0268-1242/30/5/054004,https://openalex.org/W1982563962,91,True,https://iopscience.iop.org/article/10.1088/0268-1242/30/5/054004/pdf,https://doi.org/10.1088/0268-1242/30/5/054004,Semiconductor Science and Technology,10.10880268-1242305054004,towards printed perovskite solar cells with cuprous oxide hole transporting layers a theoretical design,22.608942885245202,0.0,1.5,3.0,0.0,0.0,,,0.0,0.0,0.0,25.608942885245202
Continuous wave amplified spontaneous emission in phase-stable lead halide perovskites,2019,10.1038/s41467-019-08929-0,https://openalex.org/W2916950464,153,True,https://www.nature.com/articles/s41467-019-08929-0.pdf,https://doi.org/10.1038/s41467-019-08929-0,Nature Communications,10.1038s41467-019-08929-0,continuous wave amplified spontaneous emission in phase stable lead halide perovskites,25.184763012068146,0.4,0.0,0.0,0.0,0.0,,,0.0,0.0,0.0,25.584763012068144
Discerning recombination mechanisms and ideality factors through impedance analysis of high-efficiency perovskite solar cells,2018,10.1016/j.nanoen.2018.03.042,https://openalex.org/W2792405309,156,True,https://ars.els-cdn.com/content/image/1-s2.0-S2211285518301836-fx1_lrg.jpg,https://doi.org/10.1016/j.nanoen.2018.03.042,Nano Energy,10.1016j.nanoen.2018.03.042,discerning recombination mechanisms and ideality factors through impedance analysis of high efficiency perovskite solar cells,25.28122902674154,0.3,0.0,0.0,0.0,0.0,,,0.0,0.0,0.0,25.58122902674154
Machine-Learning-Accelerated Perovskite Crystallization,2020,10.1016/j.matt.2020.02.012,https://openalex.org/W3012025339,149,True,http://www.cell.com/article/S2590238520300746/pdf,https://doi.org/10.1016/j.matt.2020.02.012,Matter,10.1016j.matt.2020.02.012,machine learning accelerated perovskite crystallization,25.053176470481276,0.5,0.0,0.0,0.0,0.0,,,0.0,0.0,0.0,25.553176470481276
Small-angle scattering to reveal the colloidal nature of halide perovskite precursor solutions,2021,10.1039/d1ta01468d,https://openalex.org/W3160709448,43,True,https://pubs.rsc.org/en/content/articlepdf/2021/ta/d1ta01468d,https://doi.org/10.1039/d1ta01468d,Journal of Materials Chemistry A,10.1039d1ta01468d,small angle scattering to reveal the colloidal nature of halide perovskite precursor solutions,18.920948169591306,0.6,3.0,6.0,0.0,0.0,,,0.0,0.0,0.0,25.520948169591307
A prenucleation strategy for ambient fabrication of perovskite solar cells with high device performance uniformity,2020,10.1038/s41467-020-14715-0,https://openalex.org/W3008415532,148,True,https://www.nature.com/articles/s41467-020-14715-0.pdf,https://doi.org/10.1038/s41467-020-14715-0,Nature Communications,10.1038s41467-020-14715-0,a prenucleation strategy for ambient fabrication of perovskite solar cells with high device performance uniformity,25.019731529727295,0.5,0.0,0.0,0.0,0.0,,,0.0,0.0,0.0,25.519731529727295
Enhancing photovoltaic performance of perovskite solar cells with silica nanosphere antireflection coatings,2018,10.1016/j.solener.2018.04.044,https://openalex.org/W2800758889,84,True,https://www.sciencedirect.com/science/article/pii/S0038092X18304018,https://doi.org/10.1016/j.solener.2018.04.044,Solar Energy,10.1016j.solener.2018.04.044,enhancing photovoltaic performance of perovskite solar cells with silica nanosphere antireflection coatings,22.21325628245158,0.3,1.5,3.0,0.0,0.0,,,0.0,0.0,0.0,25.513256282451582
Enhanced perovskite electronic properties via a modified lead( ii ) chloride Lewis acid–base adduct and their effect in high-efficiency perovskite solar cells,2017,10.1039/c6ta11139d,https://openalex.org/W2586588557,157,True,https://pubs.rsc.org/en/content/articlepdf/2017/ta/c6ta11139d,https://doi.org/10.1039/c6ta11139d,Journal of Materials Chemistry A,10.1039c6ta11139d,enhanced perovskite electronic properties via a modified lead ii chloride lewis acid base adduct and their effect in high efficiency perovskite solar cells,25.312975165134834,0.2,0.0,0.0,0.0,0.0,,,0.0,0.0,0.0,25.512975165134833
Highly selective photocatalytic CO 2 reduction via a lead-free perovskite/MOF catalyst,2023,10.1039/d2ta09777j,https://openalex.org/W4317597431,139,True,https://pubs.rsc.org/en/content/articlepdf/2023/ta/d2ta09777j,https://doi.org/10.1039/d2ta09777j,Journal of Materials Chemistry A,10.1039d2ta09777j,highly selective photocatalytic co 2 reduction via a lead free perovskite mof catalyst,24.70821211304652,0.8,0.0,0.0,0.0,0.0,,,0.0,0.0,0.0,25.508212113046522
Low-Temperature Plasma-Assisted Atomic-Layer-Deposited SnO2 as an Electron Transport Layer in Planar Perovskite Solar Cells,2018,10.1021/acsami.8b09515,https://openalex.org/W2887763319,153,True,,https://doi.org/10.1021/acsami.8b09515,ACS Applied Materials & Interfaces,10.1021acsami.8b09515,low temperature plasma assisted atomic layer deposited sno2 as an electron transport layer in planar perovskite solar cells,25.184763012068146,0.3,0.0,0.0,0.0,0.0,,,0.0,0.0,0.0,25.484763012068147
Ultra-high open-circuit voltage of perovskite solar cells induced by nucleation thermodynamics on rough substrates,2017,10.1038/srep46141,https://openalex.org/W2606222460,156,True,https://www.nature.com/articles/srep46141.pdf,https://doi.org/10.1038/srep46141,Scientific Reports,10.1038srep46141,ultra high open circuit voltage of perovskite solar cells induced by nucleation thermodynamics on rough substrates,25.28122902674154,0.2,0.0,0.0,0.0,0.0,,,0.0,0.0,0.0,25.481229026741538
Slot‐Die Coating for Scalable Fabrication of Perovskite Solar Cells and Modules,2024,10.1002/admt.202302082,https://openalex.org/W4392758314,49,True,https://onlinelibrary.wiley.com/doi/pdfdirect/10.1002/admt.202302082,https://doi.org/10.1002/admt.202302082,Advanced Materials Technologies,10.1002admt.202302082,slot die coating for scalable fabrication of perovskite solar cells and modules,19.56011502714073,0.9,2.5,5.0,0.0,0.0,,,0.0,0.0,0.0,25.460115027140727
Efficient and Air-Stable Planar Perovskite Solar Cells Formed on Graphene-Oxide-Modified PEDOT:PSS Hole Transport Layer,2017,10.1007/s40820-017-0140-x,https://openalex.org/W2597295961,155,True,https://link.springer.com/content/pdf/10.1007/s40820-017-0140-x.pdf,https://doi.org/10.1007/s40820-017-0140-x,Nano-Micro Letters,10.1007s40820-017-0140-x,efficient and air stable planar perovskite solar cells formed on graphene oxide modified pedot pss hole transport layer,25.249280036247686,0.2,0.0,0.0,0.0,0.0,,,0.0,0.0,0.0,25.449280036247686
A Facile Methodology for Engineering the Morphology of CsPbX3 Perovskite Nanocrystals under Ambient Condition,2016,10.1038/srep37693,https://openalex.org/W2552570726,158,True,https://www.nature.com/articles/srep37693.pdf,https://doi.org/10.1038/srep37693,Scientific Reports,10.1038srep37693,a facile methodology for engineering the morphology of cspbx3 perovskite nanocrystals under ambient condition,25.344521011101158,0.1,0.0,0.0,0.0,0.0,,,0.0,0.0,0.0,25.44452101110116
Charge injection engineering at organic/inorganic heterointerfaces for high-efficiency and fast-response perovskite light-emitting diodes,2023,10.1038/s41467-023-41929-9,https://openalex.org/W4387636905,137,True,https://www.nature.com/articles/s41467-023-41929-9.pdf,https://doi.org/10.1038/s41467-023-41929-9,Nature Communications,10.1038s41467-023-41929-9,charge injection engineering at organic inorganic heterointerfaces for high efficiency and fast response perovskite light emitting diodes,24.636268425786024,0.8,0.0,0.0,0.0,0.0,,,0.0,0.0,0.0,25.436268425786025
"Optical and electronic properties of mixed halide (X = I, Cl, Br) methylammonium lead perovskite solar cells",2017,10.1039/c6tc04830g,https://openalex.org/W2582439517,154,True,https://pubs.rsc.org/en/content/articlepdf/2017/tc/c6tc04830g,https://doi.org/10.1039/c6tc04830g,Journal of Materials Chemistry C,10.1039c6tc04830g,optical and electronic properties of mixed halide x i cl br methylammonium lead perovskite solar cells,25.217125584596232,0.2,0.0,0.0,0.0,0.0,,,0.0,0.0,0.0,25.41712558459623
The impact of ligands on the synthesis and application of metal halide perovskite nanocrystals,2021,10.1039/d1ta05242j,https://openalex.org/W3205029802,142,True,https://pubs.rsc.org/en/content/articlepdf/2021/ta/d1ta05242j,https://doi.org/10.1039/d1ta05242j,Journal of Materials Chemistry A,10.1039d1ta05242j,the impact of ligands on the synthesis and application of metal halide perovskite nanocrystals,24.814223151299537,0.6,0.0,0.0,0.0,0.0,,,0.0,0.0,0.0,25.414223151299538
Acid Additives Enhancing the Conductivity of Spiro‐OMeTAD Toward High‐Efficiency and Hysteresis‐Less Planar Perovskite Solar Cells,2016,10.1002/aenm.201601451,https://openalex.org/W2540297798,157,True,https://www.osti.gov/servlets/purl/1345355,https://www.osti.gov/biblio/1345355,Advanced Energy Materials,10.1002aenm.201601451,acid additives enhancing the conductivity of spiro ometad toward high efficiency and hysteresis less planar perovskite solar cells,25.312975165134834,0.1,0.0,0.0,0.0,0.0,,,0.0,0.0,0.0,25.412975165134835
Momentarily trapped exciton polaron in two-dimensional lead halide perovskites,2021,10.1038/s41467-021-21721-3,https://openalex.org/W3134430102,141,True,https://www.nature.com/articles/s41467-021-21721-3.pdf,https://doi.org/10.1038/s41467-021-21721-3,Nature Communications,10.1038s41467-021-21721-3,momentarily trapped exciton polaron in two dimensional lead halide perovskites,24.779135288006305,0.6,0.0,0.0,0.0,0.0,,,0.0,0.0,0.0,25.379135288006307
Physical Passivation of Grain Boundaries and Defects in Perovskite Solar Cells by an Isolating Thin Polymer,2021,10.1021/acsenergylett.1c01187,https://openalex.org/W3173560569,141,True,,https://doi.org/10.1021/acsenergylett.1c01187,ACS Energy Letters,10.1021acsenergylett.1c01187,physical passivation of grain boundaries and defects in perovskite solar cells by an isolating thin polymer,24.779135288006305,0.6,0.0,0.0,0.0,0.0,,,0.0,0.0,0.0,25.379135288006307
Identification of lead vacancy defects in lead halide perovskites,2021,10.1038/s41467-021-25937-1,https://openalex.org/W3199179075,140,True,https://www.nature.com/articles/s41467-021-25937-1.pdf,https://doi.org/10.1038/s41467-021-25937-1,Nature Communications,10.1038s41467-021-25937-1,identification of lead vacancy defects in lead halide perovskites,24.743799451890844,0.6,0.0,0.0,0.0,0.0,,,0.0,0.0,0.0,25.343799451890845
Moisture‐Resilient Perovskite Solar Cells for Enhanced Stability,2023,10.1002/adma.202211317,https://openalex.org/W4366371459,134,True,https://onlinelibrary.wiley.com/doi/pdfdirect/10.1002/adma.202211317,https://doi.org/10.1002/adma.202211317,Advanced Materials,10.1002adma.202211317,moisture resilient perovskite solar cells for enhanced stability,24.526373892192147,0.8,0.0,0.0,0.0,0.0,,,0.0,0.0,0.0,25.326373892192148
Fully Solution‐Processed TCO‐Free Semitransparent Perovskite Solar Cells for Tandem and Flexible Applications,2017,10.1002/aenm.201701569,https://openalex.org/W2751582715,101,True,http://ira.lib.polyu.edu.hk/bitstream/10397/99228/1/Zhang_Fully_Solution-processed_TCO-free.pdf,http://hdl.handle.net/10397/99228,Advanced Energy Materials,10.1002aenm.201701569,fully solution processed tco free semitransparent perovskite solar cells for tandem and flexible applications,23.124864066421353,0.2,1.0,2.0,0.0,0.0,,,0.0,0.0,0.0,25.324864066421352
Chemical insights into perovskite ink stability,2021,10.1016/j.chempr.2021.11.004,https://openalex.org/W3215208961,62,True,https://ricerca.uniba.it/bitstream/11586/388817/7/CELL_2022_LISTORTI.pdf,https://hdl.handle.net/11586/388817,Chem,10.1016j.chempr.2021.11.004,chemical insights into perovskite ink stability,20.715673631957664,0.6,2.0,4.0,0.0,0.0,,,0.0,0.0,0.0,25.315673631957665
Dopant Engineering for Spiro‐OMeTAD Hole‐Transporting Materials towards Efficient Perovskite Solar Cells,2021,10.1002/adfm.202102124,https://openalex.org/W3191903301,139,True,https://onlinelibrary.wiley.com/doi/pdfdirect/10.1002/adfm.202102124,https://doi.org/10.1002/adfm.202102124,Advanced Functional Materials,10.1002adfm.202102124,dopant engineering for spiro ometad hole transporting materials towards efficient perovskite solar cells,24.70821211304652,0.6,0.0,0.0,0.0,0.0,,,0.0,0.0,0.0,25.308212113046523
"High‐ Q , Low‐Threshold Monolithic Perovskite Thin‐Film Vertical‐Cavity Lasers",2017,10.1002/adma.201604781,https://openalex.org/W2589013981,150,True,https://www.osti.gov/servlets/purl/1533032,https://www.osti.gov/biblio/1401051,Advanced Materials,10.1002adma.201604781,high q low threshold monolithic perovskite thin film vertical cavity lasers,25.086399184074622,0.2,0.0,0.0,0.0,0.0,,,0.0,0.0,0.0,25.28639918407462
Identifying the Cause of Voltage and Fill Factor Losses in Perovskite Solar Cells by Using Luminescence Measurements,2017,10.1002/ente.201700374,https://openalex.org/W2741859813,150,True,https://onlinelibrary.wiley.com/doi/pdfdirect/10.1002/ente.201700374,https://doi.org/10.1002/ente.201700374,Energy Technology,10.1002ente.201700374,identifying the cause of voltage and fill factor losses in perovskite solar cells by using luminescence measurements,25.086399184074622,0.2,0.0,0.0,0.0,0.0,,,0.0,0.0,0.0,25.28639918407462
Stable biexcitons in two-dimensional metal-halide perovskites with strong dynamic lattice disorder,2018,10.1103/physrevmaterials.2.034001,https://openalex.org/W2772587104,147,True,http://link.aps.org/pdf/10.1103/PhysRevMaterials.2.034001,https://doi.org/10.1103/physrevmaterials.2.034001,Physical Review Materials,10.1103physrevmaterials.2.034001,stable biexcitons in two dimensional metal halide perovskites with strong dynamic lattice disorder,24.98606136882057,0.3,0.0,0.0,0.0,0.0,,,0.0,0.0,0.0,25.286061368820572
Bionic Detectors Based on Low‐Bandgap Inorganic Perovskite for Selective NIR‐I Photon Detection and Imaging,2019,10.1002/adma.201905362,https://openalex.org/W2996034601,144,True,https://discovery.ucl.ac.uk/10093048/3/Choy_MS-20191107.pdf,https://discovery.ucl.ac.uk/id/eprint/10093048/,Advanced Materials,10.1002adma.201905362,bionic detectors based on low bandgap inorganic perovskite for selective nir i photon detection and imaging,24.88366871210287,0.4,0.0,0.0,0.0,0.0,,,0.0,0.0,0.0,25.28366871210287
"Printed Electronics Based on 2D Material Inks: Preparation, Properties, and Applications toward Memristors",2023,10.1002/smtd.202201156,https://openalex.org/W4313652540,32,True,https://onlinelibrary.wiley.com/doi/pdfdirect/10.1002/smtd.202201156,https://doi.org/10.1002/smtd.202201156,Small Methods,10.1002smtd.202201156,printed electronics based on 2d material inks preparation properties and applications toward memristors,17.482537807332402,0.8,3.5,7.0,0.0,0.0,,,0.0,0.0,0.0,25.282537807332403
A review of advances in multifunctional XTiO3 perovskite-type oxides as piezo-photocatalysts for environmental remediation and energy production,2021,10.1016/j.jhazmat.2021.126792,https://openalex.org/W3192659438,138,True,https://air.unimi.it/bitstream/2434/931504/4/Review_XTiO3_2021-03-29_rev%2bIR.pdf,http://hdl.handle.net/2434/931504,Journal of Hazardous Materials,10.1016j.jhazmat.2021.126792,a review of advances in multifunctional xtio3 perovskite type oxides as piezo photocatalysts for environmental remediation and energy production,24.672369665653456,0.6,0.0,0.0,0.0,0.0,,,0.0,0.0,0.0,25.272369665653457
Indirect tail states formation by thermal-induced polar fluctuations in halide perovskites,2019,10.1038/s41467-019-08326-7,https://openalex.org/W2914152063,143,True,https://www.nature.com/articles/s41467-019-08326-7.pdf,https://doi.org/10.1038/s41467-019-08326-7,Nature Communications,10.1038s41467-019-08326-7,indirect tail states formation by thermal induced polar fluctuations in halide perovskites,24.849066497880003,0.4,0.0,0.0,0.0,0.0,,,0.0,0.0,0.0,25.24906649788
Efficient monolithic all-perovskite tandem solar modules with small cell-to-module derate,2022,10.1038/s41560-022-01102-w,https://openalex.org/W4293475567,134,True,https://www.osti.gov/servlets/purl/1884292,https://www.osti.gov/biblio/1884324,Nature Energy,10.1038s41560-022-01102-w,efficient monolithic all perovskite tandem solar modules with small cell to module derate,24.526373892192147,0.7,0.0,0.0,0.0,0.0,,,0.0,0.0,0.0,25.226373892192147
Sub-1.4eV bandgap inorganic perovskite solar cells with long-term stability,2020,10.1038/s41467-019-13908-6,https://openalex.org/W3000509672,139,True,https://www.nature.com/articles/s41467-019-13908-6.pdf,https://doi.org/10.1038/s41467-019-13908-6,Nature Communications,10.1038s41467-019-13908-6,sub 1 4ev bandgap inorganic perovskite solar cells with long term stability,24.70821211304652,0.5,0.0,0.0,0.0,0.0,,,0.0,0.0,0.0,25.20821211304652
Efficient and Spectrally Stable Blue Perovskite Light‐Emitting Diodes Employing a Cationic π‐Conjugated Polymer,2021,10.1002/adma.202103640,https://openalex.org/W3200955144,136,True,https://onlinelibrary.wiley.com/doi/pdfdirect/10.1002/adma.202103640,https://doi.org/10.1002/adma.202103640,Advanced Materials,10.1002adma.202103640,efficient and spectrally stable blue perovskite light emitting diodes employing a cationic conjugated polymer,24.599904629140624,0.6,0.0,0.0,0.0,0.0,,,0.0,0.0,0.0,25.199904629140626
Enlarging moment and regulating orientation of buried interfacial dipole for efficient inverted perovskite solar cells,2025,10.1038/s41467-024-55653-5,https://openalex.org/W4407065861,125,True,https://www.nature.com/articles/s41467-024-55653-5.pdf,https://doi.org/10.1038/s41467-024-55653-5,Nature Communications,10.1038s41467-024-55653-5,enlarging moment and regulating orientation of buried interfacial dipole for efficient inverted perovskite solar cells,24.18140953475739,1.0,0.0,0.0,0.0,0.0,,,0.0,0.0,0.0,25.18140953475739
Lithium-doped two-dimensional perovskite scintillator for wide-range radiation detection,2020,10.1038/s43246-020-0038-x,https://openalex.org/W3037810680,138,True,https://www.nature.com/articles/s43246-020-0038-x.pdf,https://doi.org/10.1038/s43246-020-0038-x,Communications Materials,10.1038s43246-020-0038-x,lithium doped two dimensional perovskite scintillator for wide range radiation detection,24.672369665653456,0.5,0.0,0.0,0.0,0.0,,,0.0,0.0,0.0,25.172369665653456
Negligible‐Pb‐Waste and Upscalable Perovskite Deposition Technology for High‐Operational‐Stability Perovskite Solar Modules,2019,10.1002/aenm.201803047,https://openalex.org/W2913249881,94,True,https://onlinelibrary.wiley.com/doi/pdfdirect/10.1002/aenm.201803047,https://doi.org/10.1002/aenm.201803047,Advanced Energy Materials,10.1002aenm.201803047,negligible pb waste and upscalable perovskite deposition technology for high operational stability perovskite solar modules,22.769384458002705,0.4,1.0,2.0,0.0,0.0,,,0.0,0.0,0.0,25.169384458002703
Meniscus fabrication of halide perovskite thin films at high throughput for large area and low-cost solar panels,2019,10.1088/2631-7990/ab263e,https://openalex.org/W2948198571,94,True,https://iopscience.iop.org/article/10.1088/2631-7990/ab263e/pdf,https://doi.org/10.1088/2631-7990/ab263e,International Journal of Extreme Manufacturing,10.10882631-7990ab263e,meniscus fabrication of halide perovskite thin films at high throughput for large area and low cost solar panels,22.769384458002705,0.4,1.0,2.0,0.0,0.0,,,0.0,0.0,0.0,25.169384458002703
A universal co-solvent dilution strategy enables facile and cost-effective fabrication of perovskite photovoltaics,2022,10.1038/s41467-021-27740-4,https://openalex.org/W4205595874,132,True,https://www.nature.com/articles/s41467-021-27740-4.pdf,https://doi.org/10.1038/s41467-021-27740-4,Nature Communications,10.1038s41467-021-27740-4,a universal co solvent dilution strategy enables facile and cost effective fabrication of perovskite photovoltaics,24.45174564110877,0.7,0.0,0.0,0.0,0.0,,,0.0,0.0,0.0,25.151745641108768
Progress and Challenges Toward Effective Flexible Perovskite Solar Cells,2023,10.1007/s40820-023-01165-8,https://openalex.org/W4386306201,129,True,https://link.springer.com/content/pdf/10.1007/s40820-023-01165-8.pdf,https://doi.org/10.1007/s40820-023-01165-8,Nano-Micro Letters,10.1007s40820-023-01165-8,progress and challenges toward effective flexible perovskite solar cells,24.337672252277912,0.8,0.0,0.0,0.0,0.0,,,0.0,0.0,0.0,25.137672252277913
Hydrogen bonding in perovskite solar cells,2023,10.1016/j.matt.2023.10.013,https://openalex.org/W4388557393,129,True,http://www.cell.com/article/S2590238523005143/pdf,https://doi.org/10.1016/j.matt.2023.10.013,Matter,10.1016j.matt.2023.10.013,hydrogen bonding in perovskite solar cells,24.337672252277912,0.8,0.0,0.0,0.0,0.0,,,0.0,0.0,0.0,25.137672252277913
Engineering fluorinated-cation containing inverted perovskite solar cells with an efficiency of >21% and improved stability towards humidity,2021,10.1038/s41467-020-20272-3,https://openalex.org/W3119261754,134,True,https://www.nature.com/articles/s41467-020-20272-3.pdf,https://doi.org/10.1038/s41467-020-20272-3,Nature Communications,10.1038s41467-020-20272-3,engineering fluorinated cation containing inverted perovskite solar cells with an efficiency of 21 and improved stability towards humidity,24.526373892192147,0.6,0.0,0.0,0.0,0.0,,,0.0,0.0,0.0,25.12637389219215
Vapor phase deposition of perovskite photovoltaics: short track to commercialization?,2024,10.1039/d3ee03273f,https://openalex.org/W4391138818,126,True,https://pubs.rsc.org/en/content/articlepdf/2024/ee/d3ee03273f,https://doi.org/10.1039/d3ee03273f,Energy & Environmental Science,10.1039d3ee03273f,vapor phase deposition of perovskite photovoltaics short track to commercialization,24.220935432292954,0.9,0.0,0.0,0.0,0.0,,,0.0,0.0,0.0,25.120935432292953
Self-assembled materials with an ordered hydrophilic bilayer for high performance inverted Perovskite solar cells,2025,10.1038/s41467-024-55523-0,https://openalex.org/W4406002810,123,True,https://www.nature.com/articles/s41467-024-55523-0.pdf,https://doi.org/10.1038/s41467-024-55523-0,Nature Communications,10.1038s41467-024-55523-0,self assembled materials with an ordered hydrophilic bilayer for high performance inverted perovskite solar cells,24.101407828025184,1.0,0.0,0.0,0.0,0.0,,,0.0,0.0,0.0,25.101407828025184
Spectral splitting photovoltaics using perovskite and wideband dye-sensitized solar cells,2015,10.1038/ncomms9834,https://openalex.org/W2262089745,150,True,https://www.nature.com/articles/ncomms9834.pdf,https://doi.org/10.1038/ncomms9834,Nature Communications,10.1038ncomms9834,spectral splitting photovoltaics using perovskite and wideband dye sensitized solar cells,25.086399184074622,0.0,0.0,0.0,0.0,0.0,,,0.0,0.0,0.0,25.086399184074622
Suppressing Auger Recombination of Perovskite Quantum Dots for Efficient Pure-Blue-Light-Emitting Diodes,2022,10.1021/acsenergylett.2c02613,https://openalex.org/W4313418812,130,True,https://eprints.whiterose.ac.uk/195460/4/Supporting%20Information.pdf,https://eprints.whiterose.ac.uk/195460/1/Manuscript%20from%20acsenergy%20letters%20accepted%20on%20Dec.%2021%2C%202022.pdf,ACS Energy Letters,10.1021acsenergylett.2c02613,suppressing auger recombination of perovskite quantum dots for efficient pure blue light emitting diodes,24.375986616005754,0.7,0.0,0.0,0.0,0.0,,,0.0,0.0,0.0,25.075986616005753
Rheological engineering of perovskite suspension toward high-resolution X-ray flat-panel detector,2023,10.1038/s41467-023-42616-5,https://openalex.org/W4387976491,85,True,https://www.nature.com/articles/s41467-023-42616-5.pdf,https://doi.org/10.1038/s41467-023-42616-5,Nature Communications,10.1038s41467-023-42616-5,rheological engineering of perovskite suspension toward high resolution x ray flat panel detector,22.27173648126754,0.8,1.0,2.0,0.0,0.0,,,0.0,0.0,0.0,25.07173648126754
Monolithic Perovskite/Si Tandem Solar Cells: Pathways to Over 30% Efficiency,2019,10.1002/aenm.201902840,https://openalex.org/W2994783572,137,True,https://openresearch-repository.anu.edu.au/bitstreams/02a62ca1-1540-4365-82c3-2eada37c66fd/download,https://openresearch-repository.anu.edu.au/bitstream/1885/206404/3/Shen%20et%20al.%20-%202020%20%28Author%20Accepted%20Version%29%20-%20Monolithic%20PerovskiteSi%20Tandem%20Solar%20Cells%20Pathw.pdf.jpg,Advanced Energy Materials,10.1002aenm.201902840,monolithic perovskite si tandem solar cells pathways to over 30 efficiency,24.636268425786024,0.4,0.0,0.0,0.0,0.0,,,0.0,0.0,0.0,25.036268425786023
Improved Carrier Management via a Multifunctional Modifier for High‐Quality Low‐Bandgap Sn–Pb Perovskites and Efficient All‐Perovskite Tandem Solar Cells,2023,10.1002/adma.202300352,https://openalex.org/W4323981641,126,True,https://onlinelibrary.wiley.com/doi/pdfdirect/10.1002/adma.202300352,https://doi.org/10.1002/adma.202300352,Advanced Materials,10.1002adma.202300352,improved carrier management via a multifunctional modifier for high quality low bandgap sn pb perovskites and efficient all perovskite tandem solar cells,24.220935432292954,0.8,0.0,0.0,0.0,0.0,,,0.0,0.0,0.0,25.020935432292955
Improved charge carrier lifetime in planar perovskite solar cells by bromine doping,2016,10.1038/srep39333,https://openalex.org/W2567083855,145,True,https://www.nature.com/articles/srep39333.pdf,https://doi.org/10.1038/srep39333,Scientific Reports,10.1038srep39333,improved charge carrier lifetime in planar perovskite solar cells by bromine doping,24.91803310854168,0.1,0.0,0.0,0.0,0.0,,,0.0,0.0,0.0,25.018033108541683
Efficient Carbon-Based CsPbBr3 Inorganic Perovskite Solar Cells by Using Cu-Phthalocyanine as Hole Transport Material,2018,10.1007/s40820-018-0187-3,https://openalex.org/W2782582230,139,True,https://link.springer.com/content/pdf/10.1007/s40820-018-0187-3.pdf,https://doi.org/10.1007/s40820-018-0187-3,Nano-Micro Letters,10.1007s40820-018-0187-3,efficient carbon based cspbbr3 inorganic perovskite solar cells by using cu phthalocyanine as hole transport material,24.70821211304652,0.3,0.0,0.0,0.0,0.0,,,0.0,0.0,0.0,25.008212113046522
Suppressing thermal quenching via defect passivation for efficient quasi-2D perovskite light-emitting diodes,2022,10.1038/s41377-022-00761-4,https://openalex.org/W4221015907,128,True,https://www.nature.com/articles/s41377-022-00761-4.pdf,https://doi.org/10.1038/s41377-022-00761-4,Light Science & Applications,10.1038s41377-022-00761-4,suppressing thermal quenching via defect passivation for efficient quasi 2d perovskite light emitting diodes,24.29906202180836,0.7,0.0,0.0,0.0,0.0,,,0.0,0.0,0.0,24.99906202180836
Perovskite phase heterojunction solar cells,2022,10.1038/s41560-022-01154-y,https://openalex.org/W4308887351,128,True,https://www.nature.com/articles/s41560-022-01154-y.pdf,https://doi.org/10.1038/s41560-022-01154-y,Nature Energy,10.1038s41560-022-01154-y,perovskite phase heterojunction solar cells,24.29906202180836,0.7,0.0,0.0,0.0,0.0,,,0.0,0.0,0.0,24.99906202180836
Thin-film semiconductor perspective of organometal trihalide perovskite materials for high-efficiency solar cells,2016,10.1016/j.mser.2015.12.002,https://openalex.org/W2259187974,144,True,https://www.osti.gov/servlets/purl/1342525,https://www.osti.gov/biblio/1342525,Materials Science and Engineering R Reports,10.1016j.mser.2015.12.002,thin film semiconductor perspective of organometal trihalide perovskite materials for high efficiency solar cells,24.88366871210287,0.1,0.0,0.0,0.0,0.0,,,0.0,0.0,0.0,24.983668712102872
Efficient and stable inverted perovskite solar cells enabled by homogenized PCBM with enhanced electron transport,2024,10.1038/s41467-024-53283-5,https://openalex.org/W4403674769,122,True,https://www.nature.com/articles/s41467-024-53283-5.pdf,https://doi.org/10.1038/s41467-024-53283-5,Nature Communications,10.1038s41467-024-53283-5,efficient and stable inverted perovskite solar cells enabled by homogenized pcbm with enhanced electron transport,24.060921776862084,0.9,0.0,0.0,0.0,0.0,,,0.0,0.0,0.0,24.960921776862083
Lead-Free Organic–Perovskite Hybrid Quantum Wells for Highly Stable Light-Emitting Diodes,2021,10.1021/acsnano.1c00872,https://openalex.org/W3133910609,129,True,https://www.osti.gov/servlets/purl/1838639,https://www.osti.gov/biblio/1838639,ACS Nano,10.1021acsnano.1c00872,lead free organic perovskite hybrid quantum wells for highly stable light emitting diodes,24.337672252277912,0.6,0.0,0.0,0.0,0.0,,,0.0,0.0,0.0,24.937672252277913
Close-loop recycling of perovskite solar cells through dissolution-recrystallization of perovskite by butylamine,2021,10.1016/j.xcrp.2021.100341,https://openalex.org/W3128918800,86,True,https://www.sciencedirect.com/science/article/pii/S2666386421000266/pdf,https://doi.org/10.1016/j.xcrp.2021.100341,Cell Reports Physical Science,10.1016j.xcrp.2021.100341,close loop recycling of perovskite solar cells through dissolution recrystallization of perovskite by butylamine,22.329540593272917,0.6,1.0,2.0,0.0,0.0,,,0.0,0.0,0.0,24.929540593272918
Hysteresis-less and stable perovskite solar cells with a self-assembled monolayer,2020,10.1038/s43246-020-0028-z,https://openalex.org/W3027972047,131,True,https://www.nature.com/articles/s43246-020-0028-z.pdf,https://doi.org/10.1038/s43246-020-0028-z,Communications Materials,10.1038s43246-020-0028-z,hysteresis less and stable perovskite solar cells with a self assembled monolayer,24.414009612931853,0.5,0.0,0.0,0.0,0.0,,,0.0,0.0,0.0,24.914009612931853
Confining metal-halide perovskites in nanoporous thin films,2017,10.1126/sciadv.1700738,https://openalex.org/W2519553464,138,True,https://advances.sciencemag.org/content/advances/3/8/e1700738.full.pdf,https://doi.org/10.1126/sciadv.1700738,Science Advances,10.1126sciadv.1700738,confining metal halide perovskites in nanoporous thin films,24.672369665653456,0.2,0.0,0.0,0.0,0.0,,,0.0,0.0,0.0,24.872369665653455
"Perovskite Nanomaterials – Synthesis, Characterization, and Applications",2016,10.5772/61280,https://openalex.org/W2279067240,140,True,https://www.intechopen.com/citation-pdf-url/49438,https://doi.org/10.5772/61280,InTech eBooks,10.577261280,perovskite nanomaterials synthesis characterization and applications,24.743799451890844,0.1,0.0,0.0,0.0,0.0,,,0.0,0.0,0.0,24.843799451890845
γ‐Valerolactone: A Nontoxic Green Solvent for Highly Stable Printed Mesoporous Perovskite Solar Cells,2021,10.1002/ente.202100312,https://openalex.org/W3158669601,69,True,https://onlinelibrary.wiley.com/doi/pdfdirect/10.1002/ente.202100312,https://doi.org/10.1002/ente.202100312,Energy Technology,10.1002ente.202100312,valerolactone a nontoxic green solvent for highly stable printed mesoporous perovskite solar cells,21.242476210246796,0.6,1.5,3.0,0.0,0.0,,,0.0,0.0,0.0,24.842476210246797
High-performance hysteresis-free perovskite transistors through anion engineering,2022,10.1038/s41467-022-29434-x,https://openalex.org/W4225874524,124,True,https://www.nature.com/articles/s41467-022-29434-x.pdf,https://doi.org/10.1038/s41467-022-29434-x,Nature Communications,10.1038s41467-022-29434-x,high performance hysteresis free perovskite transistors through anion engineering,24.14156868651151,0.7,0.0,0.0,0.0,0.0,,,0.0,0.0,0.0,24.841568686511508
"Recent progress of two‐dimensional lead halide perovskite single crystals: Crystal growth, physical properties, and device applications",2020,10.1002/eom2.12036,https://openalex.org/W3042171042,129,True,https://onlinelibrary.wiley.com/doi/pdfdirect/10.1002/eom2.12036,https://doi.org/10.1002/eom2.12036,EcoMat,10.1002eom2.12036,recent progress of two dimensional lead halide perovskite single crystals crystal growth physical properties and device applications,24.337672252277912,0.5,0.0,0.0,0.0,0.0,,,0.0,0.0,0.0,24.837672252277912
Two-dimensional materials in perovskite solar cells,2018,10.1016/j.mtener.2018.11.006,https://openalex.org/W2902736164,134,True,https://www.sciencedirect.com/science/article/pii/S2468606918302132,https://doi.org/10.1016/j.mtener.2018.11.006,Materials Today Energy,10.1016j.mtener.2018.11.006,two dimensional materials in perovskite solar cells,24.526373892192147,0.3,0.0,0.0,0.0,0.0,,,0.0,0.0,0.0,24.826373892192148
All-inorganic perovskite quantum dot light-emitting memories,2021,10.1038/s41467-021-24762-w,https://openalex.org/W3113820668,126,True,https://www.nature.com/articles/s41467-021-24762-w.pdf,https://doi.org/10.1038/s41467-021-24762-w,Nature Communications,10.1038s41467-021-24762-w,all inorganic perovskite quantum dot light emitting memories,24.220935432292954,0.6,0.0,0.0,0.0,0.0,,,0.0,0.0,0.0,24.820935432292956
Radiative lifetime-encoded unicolour security tags using perovskite nanocrystals,2021,10.1038/s41467-021-21214-3,https://openalex.org/W3127069505,126,True,https://www.nature.com/articles/s41467-021-21214-3.pdf,https://doi.org/10.1038/s41467-021-21214-3,Nature Communications,10.1038s41467-021-21214-3,radiative lifetime encoded unicolour security tags using perovskite nanocrystals,24.220935432292954,0.6,0.0,0.0,0.0,0.0,,,0.0,0.0,0.0,24.820935432292956
Combined Computational and Experimental Investigation on the Nature of Hydrated Iodoplumbate Complexes: Insights into the Dual Role of Water in Perovskite Precursor Solutions,2020,10.1021/acs.jpcb.0c08624,https://openalex.org/W3108497475,38,True,https://pubs.acs.org/doi/pdf/10.1021/acs.jpcb.0c08624,https://doi.org/10.1021/acs.jpcb.0c08624,The Journal of Physical Chemistry B,10.1021acs.jpcb.0c08624,combined computational and experimental investigation on the nature of hydrated iodoplumbate complexes insights into the dual role of water in perovskite precursor solutions,18.317808230648232,0.5,3.0,6.0,0.0,0.0,,,0.0,0.0,0.0,24.817808230648232
Inorganic and Hybrid Perovskite Based Laser Devices: A Review,2019,10.3390/ma12060859,https://openalex.org/W2913072701,131,True,https://www.mdpi.com/1996-1944/12/6/859/pdf?version=1552556727,https://doi.org/10.3390/ma12060859,Materials,10.3390ma12060859,inorganic and hybrid perovskite based laser devices a review,24.414009612931853,0.4,0.0,0.0,0.0,0.0,,,0.0,0.0,0.0,24.81400961293185
Tin-based halide perovskite materials: properties and applications,2022,10.1039/d2sc01914k,https://openalex.org/W4283783498,123,True,https://pubs.rsc.org/en/content/articlepdf/2022/sc/d2sc01914k,https://doi.org/10.1039/d2sc01914k,Chemical Science,10.1039d2sc01914k,tin based halide perovskite materials properties and applications,24.101407828025184,0.7,0.0,0.0,0.0,0.0,,,0.0,0.0,0.0,24.801407828025184
Recent progress in encapsulation strategies to enhance the stability of organometal halide perovskite solar cells,2020,10.1088/2515-7655/ab8774,https://openalex.org/W3015810628,128,True,https://iopscience.iop.org/article/10.1088/2515-7655/ab8774/pdf,https://doi.org/10.1088/2515-7655/ab8774,Journal of Physics Energy,10.10882515-7655ab8774,recent progress in encapsulation strategies to enhance the stability of organometal halide perovskite solar cells,24.29906202180836,0.5,0.0,0.0,0.0,0.0,,,0.0,0.0,0.0,24.79906202180836
Integrated Printed Microfluidic Biosensors,2019,10.1016/j.tibtech.2019.03.009,https://openalex.org/W2939123239,71,True,https://dspace.lib.cranfield.ac.uk/bitstreams/e306e036-3828-4fd5-814a-1e636cb532f5/download,https://dspace.lib.cranfield.ac.uk/handle/1826/15985,Trends in biotechnology,10.1016j.tibtech.2019.03.009,integrated printed microfluidic biosensors,21.383330595080277,0.4,1.5,3.0,0.0,0.0,,,0.0,0.0,0.0,24.783330595080276
Ba-induced phase segregation and band gap reduction in mixed-halide inorganic perovskite solar cells,2019,10.1038/s41467-019-12678-5,https://openalex.org/W2980876518,129,True,https://www.nature.com/articles/s41467-019-12678-5.pdf,https://doi.org/10.1038/s41467-019-12678-5,Nature Communications,10.1038s41467-019-12678-5,ba induced phase segregation and band gap reduction in mixed halide inorganic perovskite solar cells,24.337672252277912,0.4,0.0,0.0,0.0,0.0,,,0.0,0.0,0.0,24.73767225227791
Reducing Perovskite/C 60 Interface Losses via Sequential Interface Engineering for Efficient Perovskite/Silicon Tandem Solar Cell,2023,10.1002/adma.202308370,https://openalex.org/W4388500615,119,True,https://onlinelibrary.wiley.com/doi/pdfdirect/10.1002/adma.202308370,https://doi.org/10.1002/adma.202308370,Advanced Materials,10.1002adma.202308370,reducing perovskite c 60 interface losses via sequential interface engineering for efficient perovskite silicon tandem solar cell,23.937458713910228,0.8,0.0,0.0,0.0,0.0,,,0.0,0.0,0.0,24.73745871391023
Key degradation mechanisms of perovskite solar cells and strategies for enhanced stability: issues and prospects,2025,10.1039/d4ra07942f,https://openalex.org/W4406147492,114,True,https://pubs.rsc.org/en/content/articlepdf/2025/ra/d4ra07942f,https://doi.org/10.1039/d4ra07942f,RSC Advances,10.1039d4ra07942f,key degradation mechanisms of perovskite solar cells and strategies for enhanced stability issues and prospects,23.72466064181625,1.0,0.0,0.0,0.0,0.0,,,0.0,0.0,0.0,24.72466064181625
Multimodal host–guest complexation for efficient and stable perovskite photovoltaics,2021,10.1038/s41467-021-23566-2,https://openalex.org/W3172882011,123,True,https://www.nature.com/articles/s41467-021-23566-2.pdf,https://doi.org/10.1038/s41467-021-23566-2,Nature Communications,10.1038s41467-021-23566-2,multimodal host guest complexation for efficient and stable perovskite photovoltaics,24.101407828025184,0.6,0.0,0.0,0.0,0.0,,,0.0,0.0,0.0,24.701407828025186
Effects of Process Parameters on the Characteristics of Mixed-Halide Perovskite Solar Cells Fabricated by One-Step and Two-Step Sequential Coating,2016,10.1186/s11671-016-1601-8,https://openalex.org/W2519608387,74,True,https://link.springer.com/content/pdf/10.1186/s11671-016-1601-8.pdf,https://doi.org/10.1186/s11671-016-1601-8,Nanoscale Research Letters,10.1186s11671-016-1601-8,effects of process parameters on the characteristics of mixed halide perovskite solar cells fabricated by one step and two step sequential coating,21.58744056768155,0.1,1.5,3.0,0.0,0.0,,,0.0,0.0,0.0,24.687440567681552
Gradient Doping in Sn–Pb Perovskites by Barium Ions for Efficient Single‐Junction and Tandem Solar Cells,2022,10.1002/adma.202110351,https://openalex.org/W4213019291,120,True,https://www.osti.gov/servlets/purl/1847090,https://www.osti.gov/biblio/1847090,Advanced Materials,10.1002adma.202110351,gradient doping in sn pb perovskites by barium ions for efficient single junction and tandem solar cells,23.978952727983707,0.7,0.0,0.0,0.0,0.0,,,0.0,0.0,0.0,24.678952727983706
"Coupling aqueous zinc batteries and perovskite solar cells for simultaneous energy harvest, conversion and storage",2022,10.1038/s41467-021-27791-7,https://openalex.org/W4205958821,120,True,https://www.nature.com/articles/s41467-021-27791-7.pdf,https://doi.org/10.1038/s41467-021-27791-7,Nature Communications,10.1038s41467-021-27791-7,coupling aqueous zinc batteries and perovskite solar cells for simultaneous energy harvest conversion and storage,23.978952727983707,0.7,0.0,0.0,0.0,0.0,,,0.0,0.0,0.0,24.678952727983706
A thermotropic liquid crystal enables efficient and stable perovskite solar modules,2024,10.1038/s41560-023-01444-z,https://openalex.org/W4391012103,115,True,https://www.osti.gov/servlets/purl/2502011,https://www.osti.gov/biblio/2502011,Nature Energy,10.1038s41560-023-01444-z,a thermotropic liquid crystal enables efficient and stable perovskite solar modules,23.767950955531823,0.9,0.0,0.0,0.0,0.0,,,0.0,0.0,0.0,24.667950955531822
Control of perovskite film crystallization and growth direction to target homogeneous monolithic structures,2022,10.1038/s41467-022-34332-3,https://openalex.org/W4308296678,119,True,https://www.nature.com/articles/s41467-022-34332-3.pdf,https://doi.org/10.1038/s41467-022-34332-3,Nature Communications,10.1038s41467-022-34332-3,control of perovskite film crystallization and growth direction to target homogeneous monolithic structures,23.937458713910228,0.7,0.0,0.0,0.0,0.0,,,0.0,0.0,0.0,24.637458713910227
High-performing organic electronics using terpene green solvents from renewable feedstocks,2022,10.1038/s41560-022-01167-7,https://openalex.org/W4311767233,119,True,https://www.nature.com/articles/s41560-022-01167-7.pdf,https://doi.org/10.1038/s41560-022-01167-7,Nature Energy,10.1038s41560-022-01167-7,high performing organic electronics using terpene green solvents from renewable feedstocks,23.937458713910228,0.7,0.0,0.0,0.0,0.0,,,0.0,0.0,0.0,24.637458713910227
Crystallization Kinetics of Hybrid Perovskite Solar Cells,2024,10.1002/anie.202319170,https://openalex.org/W4390954315,114,True,https://onlinelibrary.wiley.com/doi/pdfdirect/10.1002/anie.202319170,https://doi.org/10.1002/anie.202319170,Angewandte Chemie International Edition,10.1002anie.202319170,crystallization kinetics of hybrid perovskite solar cells,23.72466064181625,0.9,0.0,0.0,0.0,0.0,,,0.0,0.0,0.0,24.62466064181625
Crystal Orientation and Grain Size: Do They Determine Optoelectronic Properties of MAPbI 3 Perovskite?,2019,10.1021/acs.jpclett.9b02757,https://openalex.org/W2975319265,126,True,,https://doi.org/10.1021/acs.jpclett.9b02757,The Journal of Physical Chemistry Letters,10.1021acs.jpclett.9b02757,crystal orientation and grain size do they determine optoelectronic properties of mapbi 3 perovskite,24.220935432292954,0.4,0.0,0.0,0.0,0.0,,,0.0,0.0,0.0,24.620935432292953
High Performance Perovskite Solar Cells,2015,10.1002/advs.201500201,https://openalex.org/W2188291525,136,True,https://onlinelibrary.wiley.com/doi/pdfdirect/10.1002/advs.201500201,https://doi.org/10.1002/advs.201500201,Advanced Science,10.1002advs.201500201,high performance perovskite solar cells,24.599904629140624,0.0,0.0,0.0,0.0,0.0,,,0.0,0.0,0.0,24.599904629140624
Recent progress of perovskite devices fabricated using thermal evaporation method: Perspective and outlook,2022,10.1016/j.mtadv.2022.100232,https://openalex.org/W4221004255,118,True,https://www.sciencedirect.com/science/article/pii/S2590049822000285/pdf,https://doi.org/10.1016/j.mtadv.2022.100232,Materials Today Advances,10.1016j.mtadv.2022.100232,recent progress of perovskite devices fabricated using thermal evaporation method perspective and outlook,23.89561746555765,0.7,0.0,0.0,0.0,0.0,,,0.0,0.0,0.0,24.59561746555765
Elucidating the origin of chiroptical activity in chiral 2D perovskites through nano-confined growth,2022,10.1038/s41467-022-31017-9,https://openalex.org/W4282019659,118,True,https://www.nature.com/articles/s41467-022-31017-9.pdf,https://doi.org/10.1038/s41467-022-31017-9,Nature Communications,10.1038s41467-022-31017-9,elucidating the origin of chiroptical activity in chiral 2d perovskites through nano confined growth,23.89561746555765,0.7,0.0,0.0,0.0,0.0,,,0.0,0.0,0.0,24.59561746555765
Surface reconstruction of wide-bandgap perovskites enables efficient perovskite/silicon tandem solar cells,2024,10.1038/s41467-024-54925-4,https://openalex.org/W4405003609,113,True,https://www.nature.com/articles/s41467-024-54925-4.pdf,https://doi.org/10.1038/s41467-024-54925-4,Nature Communications,10.1038s41467-024-54925-4,surface reconstruction of wide bandgap perovskites enables efficient perovskite silicon tandem solar cells,23.68099224197248,0.9,0.0,0.0,0.0,0.0,,,0.0,0.0,0.0,24.580992241972478
All‐Inorganic Cesium‐Based Hybrid Perovskites for Efficient and Stable Solar Cells and Modules,2021,10.1002/aenm.202100672,https://openalex.org/W3158804383,120,True,https://onlinelibrary.wiley.com/doi/pdfdirect/10.1002/aenm.202100672,https://doi.org/10.1002/aenm.202100672,Advanced Energy Materials,10.1002aenm.202100672,all inorganic cesium based hybrid perovskites for efficient and stable solar cells and modules,23.978952727983707,0.6,0.0,0.0,0.0,0.0,,,0.0,0.0,0.0,24.578952727983708
Highly stable and efficient solid-state solar cells based on methylammonium lead bromide (CH3NH3PbBr3) perovskite quantum dots,2015,10.1038/am.2015.86,https://openalex.org/W1598298067,135,True,https://www.nature.com/articles/am201586.pdf,https://doi.org/10.1038/am.2015.86,NPG Asia Materials,10.1038am.2015.86,highly stable and efficient solid state solar cells based on methylammonium lead bromide ch3nh3pbbr3 perovskite quantum dots,24.563274428680263,0.0,0.0,0.0,0.0,0.0,,,0.0,0.0,0.0,24.563274428680263
Low Temperature Fabrication for High Performance Flexible CsPbI2Br Perovskite Solar Cells,2018,10.1002/advs.201801117,https://openalex.org/W2890589622,127,True,https://onlinelibrary.wiley.com/doi/pdfdirect/10.1002/advs.201801117,https://doi.org/10.1002/advs.201801117,Advanced Science,10.1002advs.201801117,low temperature fabrication for high performance flexible cspbi2br perovskite solar cells,24.260151319598084,0.3,0.0,0.0,0.0,0.0,,,0.0,0.0,0.0,24.560151319598084
Modulation of perovskite degradation with multiple-barrier for light-heat stable perovskite solar cells,2023,10.1038/s41467-023-41856-9,https://openalex.org/W4387215519,114,True,https://www.nature.com/articles/s41467-023-41856-9.pdf,https://doi.org/10.1038/s41467-023-41856-9,Nature Communications,10.1038s41467-023-41856-9,modulation of perovskite degradation with multiple barrier for light heat stable perovskite solar cells,23.72466064181625,0.8,0.0,0.0,0.0,0.0,,,0.0,0.0,0.0,24.52466064181625
25.1% High‐Efficiency Monolithic Perovskite Silicon Tandem Solar Cell with a High Bandgap Perovskite Absorber,2020,10.1002/solr.202000152,https://openalex.org/W3021629448,121,True,https://onlinelibrary.wiley.com/doi/pdfdirect/10.1002/solr.202000152,https://doi.org/10.1002/solr.202000152,Solar RRL,10.1002solr.202000152,25 1 high efficiency monolithic perovskite silicon tandem solar cell with a high bandgap perovskite absorber,24.020105223666285,0.5,0.0,0.0,0.0,0.0,,,0.0,0.0,0.0,24.520105223666285
Perovskite Solar Cells Shine in the “Valley of the Sun”,2016,10.1021/acsenergylett.6b00069,https://openalex.org/W2342733550,130,True,https://pubs.acs.org/doi/pdf/10.1021/acsenergylett.6b00069?ref=article_openPDF,https://doi.org/10.1021/acsenergylett.6b00069,ACS Energy Letters,10.1021acsenergylett.6b00069,perovskite solar cells shine in the valley of the sun,24.375986616005754,0.1,0.0,0.0,0.0,0.0,,,0.0,0.0,0.0,24.475986616005756
One-Step Solution Deposition of Tin-Perovskite onto a Self-Assembled Monolayer with a DMSO-Free Solvent System,2023,10.1021/acsenergylett.3c02098,https://openalex.org/W4388909811,33,True,https://pubs.acs.org/doi/pdf/10.1021/acsenergylett.3c02098,https://doi.org/10.1021/acsenergylett.3c02098,ACS Energy Letters,10.1021acsenergylett.3c02098,one step solution deposition of tin perovskite onto a self assembled monolayer with a dmso free solvent system,17.63180262308081,0.8,3.0,6.0,0.0,0.0,,,0.0,0.0,0.0,24.43180262308081
Ambient Fabrication of Organic–Inorganic Hybrid Perovskite Solar Cells,2020,10.1002/smtd.202000744,https://openalex.org/W3087537185,118,True,https://onlinelibrary.wiley.com/doi/pdfdirect/10.1002/smtd.202000744,https://doi.org/10.1002/smtd.202000744,Small Methods,10.1002smtd.202000744,ambient fabrication of organic inorganic hybrid perovskite solar cells,23.89561746555765,0.5,0.0,0.0,0.0,0.0,,,0.0,0.0,0.0,24.39561746555765
Wearable perovskite solar cells by aligned liquid crystal elastomers,2023,10.1038/s41467-023-36938-7,https://openalex.org/W4322766723,111,True,https://www.nature.com/articles/s41467-023-36938-7.pdf,https://doi.org/10.1038/s41467-023-36938-7,Nature Communications,10.1038s41467-023-36938-7,wearable perovskite solar cells by aligned liquid crystal elastomers,23.59249435647547,0.8,0.0,0.0,0.0,0.0,,,0.0,0.0,0.0,24.39249435647547
Mapping the pathways of photo-induced ion migration in organic-inorganic hybrid halide perovskites,2023,10.1038/s41467-023-37486-w,https://openalex.org/W4362523478,111,True,https://www.nature.com/articles/s41467-023-37486-w.pdf,https://doi.org/10.1038/s41467-023-37486-w,Nature Communications,10.1038s41467-023-37486-w,mapping the pathways of photo induced ion migration in organic inorganic hybrid halide perovskites,23.59249435647547,0.8,0.0,0.0,0.0,0.0,,,0.0,0.0,0.0,24.39249435647547
Review of current progress in hole-transporting materials for perovskite solar cells,2021,10.1016/j.jechem.2021.12.003,https://openalex.org/W4200497349,115,True,https://ars.els-cdn.com/content/image/1-s2.0-S2095495621006653-ga1_lrg.jpg,https://doi.org/10.1016/j.jechem.2021.12.003,Journal of Energy Chemistry,10.1016j.jechem.2021.12.003,review of current progress in hole transporting materials for perovskite solar cells,23.767950955531823,0.6,0.0,0.0,0.0,0.0,,,0.0,0.0,0.0,24.367950955531825
Improving Low-Bandgap Tin–Lead Perovskite Solar Cells via Contact Engineering and Gas Quench Processing,2020,10.1021/acsenergylett.0c00255,https://openalex.org/W3011975943,117,True,https://www.osti.gov/servlets/purl/1659847,https://www.osti.gov/biblio/1834022,ACS Energy Letters,10.1021acsenergylett.0c00255,improving low bandgap tin lead perovskite solar cells via contact engineering and gas quench processing,23.853423122328326,0.5,0.0,0.0,0.0,0.0,,,0.0,0.0,0.0,24.353423122328326
Near‐Infrared‐Transparent Perovskite Solar Cells and Perovskite‐Based Tandem Photovoltaics,2020,10.1002/smtd.202000395,https://openalex.org/W3081696716,117,True,https://onlinelibrary.wiley.com/doi/pdfdirect/10.1002/smtd.202000395,https://doi.org/10.1002/smtd.202000395,Small Methods,10.1002smtd.202000395,near infrared transparent perovskite solar cells and perovskite based tandem photovoltaics,23.853423122328326,0.5,0.0,0.0,0.0,0.0,,,0.0,0.0,0.0,24.353423122328326
Tin perovskite transistors and complementary circuits based on A-site cation engineering,2023,10.1038/s41928-023-01019-6,https://openalex.org/W4386033377,110,True,https://www.nature.com/articles/s41928-023-01019-6.pdf,https://doi.org/10.1038/s41928-023-01019-6,Nature Electronics,10.1038s41928-023-01019-6,tin perovskite transistors and complementary circuits based on a site cation engineering,23.54765100656167,0.8,0.0,0.0,0.0,0.0,,,0.0,0.0,0.0,24.34765100656167
Enabling full-scale grain boundary mitigation in polycrystalline perovskite solids,2022,10.1126/sciadv.abo3733,https://openalex.org/W4294316498,112,True,,https://doi.org/10.1126/sciadv.abo3733,Science Advances,10.1126sciadv.abo3733,enabling full scale grain boundary mitigation in polycrystalline perovskite solids,23.636939093561704,0.7,0.0,0.0,0.0,0.0,,,0.0,0.0,0.0,24.336939093561703
Development of formamidinium lead iodide-based perovskite solar cells: efficiency and stability,2021,10.1039/d1sc04769h,https://openalex.org/W4200211180,114,True,https://pubs.rsc.org/en/content/articlepdf/2022/sc/d1sc04769h,https://doi.org/10.1039/d1sc04769h,Chemical Science,10.1039d1sc04769h,development of formamidinium lead iodide based perovskite solar cells efficiency and stability,23.72466064181625,0.6,0.0,0.0,0.0,0.0,,,0.0,0.0,0.0,24.32466064181625
Printed flexible thermoelectric materials and devices,2021,10.1039/d1ta03647e,https://openalex.org/W3174139454,62,True,https://pubs.rsc.org/en/content/articlepdf/2021/ta/d1ta03647e,https://doi.org/10.1039/d1ta03647e,Journal of Materials Chemistry A,10.1039d1ta03647e,printed flexible thermoelectric materials and devices,20.715673631957664,0.6,1.5,3.0,0.0,0.0,,,0.0,0.0,0.0,24.315673631957665
High-Performance Formamidinium-Based Perovskite Solar Cells via Microstructure-Mediated δ-to-α Phase Transformation,2017,10.1021/acs.chemmater.7b00523,https://openalex.org/W2600411912,123,True,https://www.osti.gov/servlets/purl/1358335,https://www.osti.gov/biblio/1358335,Chemistry of Materials,10.1021acs.chemmater.7b00523,high performance formamidinium based perovskite solar cells via microstructure mediated to phase transformation,24.101407828025184,0.2,0.0,0.0,0.0,0.0,,,0.0,0.0,0.0,24.301407828025184
Methodologies for high efficiency perovskite solar cells,2016,10.1186/s40580-016-0074-x,https://openalex.org/W2470388811,125,True,https://nanoconvergencejournal.springeropen.com/track/pdf/10.1186/s40580-016-0074-x,https://doi.org/10.1186/s40580-016-0074-x,Nano Convergence,10.1186s40580-016-0074-x,methodologies for high efficiency perovskite solar cells,24.18140953475739,0.1,0.0,0.0,0.0,0.0,,,0.0,0.0,0.0,24.28140953475739
Additive engineering for stable halide perovskite solar cells,2021,10.1016/j.jechem.2021.01.037,https://openalex.org/W3126951481,113,True,https://ddd.uab.cat/record/239285,https://ddd.uab.cat/record/239285,Journal of Energy Chemistry,10.1016j.jechem.2021.01.037,additive engineering for stable halide perovskite solar cells,23.68099224197248,0.6,0.0,0.0,0.0,0.0,,,0.0,0.0,0.0,24.28099224197248
Self‐Driven Prenucleation‐Induced Perovskite Crystallization Enables Efficient Perovskite Solar Cells,2023,10.1002/anie.202302342,https://openalex.org/W4362458069,108,True,https://onlinelibrary.wiley.com/doi/pdfdirect/10.1002/anie.202302342,https://doi.org/10.1002/anie.202302342,Angewandte Chemie International Edition,10.1002anie.202302342,self driven prenucleation induced perovskite crystallization enables efficient perovskite solar cells,23.45673941114572,0.8,0.0,0.0,0.0,0.0,,,0.0,0.0,0.0,24.25673941114572
Perovskite Solar Cells for BIPV Application: A Review,2020,10.3390/buildings10070129,https://openalex.org/W3041092810,114,True,https://www.mdpi.com/2075-5309/10/7/129/pdf?version=1595300907,https://doi.org/10.3390/buildings10070129,Buildings,10.3390buildings10070129,perovskite solar cells for bipv application a review,23.72466064181625,0.5,0.0,0.0,0.0,0.0,,,0.0,0.0,0.0,24.22466064181625
Robot-Based High-Throughput Screening of Antisolvents for Lead Halide Perovskites,2020,10.1016/j.joule.2020.06.013,https://openalex.org/W3042437306,114,True,http://www.cell.com/article/S2542435120302762/pdf,https://doi.org/10.1016/j.joule.2020.06.013,Joule,10.1016j.joule.2020.06.013,robot based high throughput screening of antisolvents for lead halide perovskites,23.72466064181625,0.5,0.0,0.0,0.0,0.0,,,0.0,0.0,0.0,24.22466064181625
"Bifacial, Color-Tunable Semitransparent Perovskite Solar Cells for Building-Integrated Photovoltaics",2019,10.1021/acsami.9b15488,https://openalex.org/W2996469781,116,True,https://dr.ntu.edu.sg/bitstream/10356/142485/2/Bifacial%2c%20Color-Tunable%20Semitransparent%20Perovskite%20Solar%20Cells%20for%20Building%20Integrated%20Photovoltaics.pdf,https://hdl.handle.net/10356/142485,ACS Applied Materials & Interfaces,10.1021acsami.9b15488,bifacial color tunable semitransparent perovskite solar cells for building integrated photovoltaics,23.810869673988783,0.4,0.0,0.0,0.0,0.0,,,0.0,0.0,0.0,24.210869673988782
Controlled on-chip fabrication of large-scale perovskite single crystal arrays for high-performance laser and photodetector integration,2023,10.1038/s41377-023-01107-4,https://openalex.org/W4323531915,107,True,https://www.nature.com/articles/s41377-023-01107-4.pdf,https://doi.org/10.1038/s41377-023-01107-4,Light Science & Applications,10.1038s41377-023-01107-4,controlled on chip fabrication of large scale perovskite single crystal arrays for high performance laser and photodetector integration,23.4106561356211,0.8,0.0,0.0,0.0,0.0,,,0.0,0.0,0.0,24.2106561356211
Encapsulation of commercial and emerging solar cells with focus on perovskite solar cells,2022,10.1016/j.solener.2022.03.060,https://openalex.org/W4226056177,109,True,https://www.sciencedirect.com/science/article/pii/S0038092X22002262/pdf,https://doi.org/10.1016/j.solener.2022.03.060,Solar Energy,10.1016j.solener.2022.03.060,encapsulation of commercial and emerging solar cells with focus on perovskite solar cells,23.502401828962082,0.7,0.0,0.0,0.0,0.0,,,0.0,0.0,0.0,24.20240182896208
Void-free buried interface for scalable processing of p-i-n-based FAPbI3 perovskite solar modules,2023,10.1016/j.joule.2023.05.017,https://openalex.org/W4380355481,71,True,http://www.cell.com/article/S2542435123002143/pdf,https://doi.org/10.1016/j.joule.2023.05.017,Joule,10.1016j.joule.2023.05.017,void free buried interface for scalable processing of p i n based fapbi3 perovskite solar modules,21.383330595080277,0.8,1.0,2.0,0.0,0.0,,,0.0,0.0,0.0,24.183330595080278
Two-Dimensional Materials for Highly Efficient and Stable Perovskite Solar Cells,2024,10.1007/s40820-024-01417-1,https://openalex.org/W4398251901,104,True,,https://doi.org/10.1007/s40820-024-01417-1,Nano-Micro Letters,10.1007s40820-024-01417-1,two dimensional materials for highly efficient and stable perovskite solar cells,23.269801750787614,0.9,0.0,0.0,0.0,0.0,,,0.0,0.0,0.0,24.169801750787613
Incorporating Potassium Citrate to Improve the Performance of Tin‐Lead Perovskite Solar Cells,2023,10.1002/aenm.202301218,https://openalex.org/W4384199329,106,True,https://onlinelibrary.wiley.com/doi/pdfdirect/10.1002/aenm.202301218,https://doi.org/10.1002/aenm.202301218,Advanced Energy Materials,10.1002aenm.202301218,incorporating potassium citrate to improve the performance of tin lead perovskite solar cells,23.36414417230953,0.8,0.0,0.0,0.0,0.0,,,0.0,0.0,0.0,24.16414417230953
Intrinsic and Extrinsic Stability of Formamidinium Lead Bromide Perovskite Solar Cells Yielding High Photovoltage,2016,10.1021/acs.nanolett.6b03455,https://openalex.org/W2538338482,122,True,https://www.repository.cam.ac.uk/handle/1810/263663,https://www.repository.cam.ac.uk/handle/1810/263663,Nano Letters,10.1021acs.nanolett.6b03455,intrinsic and extrinsic stability of formamidinium lead bromide perovskite solar cells yielding high photovoltage,24.060921776862084,0.1,0.0,0.0,0.0,0.0,,,0.0,0.0,0.0,24.160921776862086
Manipulating crystallization dynamics through chelating molecules for bright perovskite emitters,2021,10.1038/s41467-021-25092-7,https://openalex.org/W3171806716,110,True,https://www.nature.com/articles/s41467-021-25092-7.pdf,https://doi.org/10.1038/s41467-021-25092-7,Nature Communications,10.1038s41467-021-25092-7,manipulating crystallization dynamics through chelating molecules for bright perovskite emitters,23.54765100656167,0.6,0.0,0.0,0.0,0.0,,,0.0,0.0,0.0,24.14765100656167
Water- and heat-activated dynamic passivation for perovskite photovoltaics,2024,10.1038/s41586-024-07705-5,https://openalex.org/W4399964114,103,True,https://www.nature.com/articles/s41586-024-07705-5.pdf,https://doi.org/10.1038/s41586-024-07705-5,Nature,10.1038s41586-024-07705-5,water and heat activated dynamic passivation for perovskite photovoltaics,23.22195449570686,0.9,0.0,0.0,0.0,0.0,,,0.0,0.0,0.0,24.12195449570686
Self-assembled monolayer–based blue perovskite LEDs,2023,10.1126/sciadv.adh2140,https://openalex.org/W4386533798,105,True,https://www.science.org/doi/pdf/10.1126/sciadv.adh2140?download=true,https://doi.org/10.1126/sciadv.adh2140,Science Advances,10.1126sciadv.adh2140,self assembled monolayer based blue perovskite leds,23.317195470560335,0.8,0.0,0.0,0.0,0.0,,,0.0,0.0,0.0,24.117195470560336
Superior Self‐Powered Room‐Temperature Chemical Sensing with Light‐Activated Inorganic Halides Perovskites,2017,10.1002/smll.201702571,https://openalex.org/W2778864139,118,True,https://onlinelibrary.wiley.com/doi/pdfdirect/10.1002/smll.201702571,https://doi.org/10.1002/smll.201702571,Small,10.1002smll.201702571,superior self powered room temperature chemical sensing with light activated inorganic halides perovskites,23.89561746555765,0.2,0.0,0.0,0.0,0.0,,,0.0,0.0,0.0,24.09561746555765
Perovskite Photovoltaics on Roll-To-Roll Coated Ultra-thin Glass as Flexible High-Efficiency Indoor Power Generators,2020,10.1016/j.xcrp.2020.100045,https://openalex.org/W3023427160,111,True,https://www.sciencedirect.com/science/article/pii/S2666386420300369/pdf,https://doi.org/10.1016/j.xcrp.2020.100045,Cell Reports Physical Science,10.1016j.xcrp.2020.100045,perovskite photovoltaics on roll to roll coated ultra thin glass as flexible high efficiency indoor power generators,23.59249435647547,0.5,0.0,0.0,0.0,0.0,,,0.0,0.0,0.0,24.09249435647547
Cs + incorporation into CH 3 NH 3 PbI 3 perovskite: substitution limit and stability enhancement,2016,10.1039/c6ta05869h,https://openalex.org/W2545931486,120,True,http://opus.bath.ac.uk/53679/1/160602Cs_Paper_RGN.pdf,http://opus.bath.ac.uk/53679/1/160602Cs_Paper_RGN.pdf,Journal of Materials Chemistry A,10.1039c6ta05869h,cs incorporation into ch 3 nh 3 pbi 3 perovskite substitution limit and stability enhancement,23.978952727983707,0.1,0.0,0.0,0.0,0.0,,,0.0,0.0,0.0,24.078952727983708
Manipulating the crystallization kinetics of halide perovskites for large-area solar modules,2024,10.1038/s43246-024-00566-5,https://openalex.org/W4400917952,68,True,https://www.nature.com/articles/s43246-024-00566-5.pdf,https://doi.org/10.1038/s43246-024-00566-5,Communications Materials,10.1038s43246-024-00566-5,manipulating the crystallization kinetics of halide perovskites for large area solar modules,21.1705325229863,0.9,1.0,2.0,0.0,0.0,,,0.0,0.0,0.0,24.070532522986298
Dual‐Interface‐Reinforced Flexible Perovskite Solar Cells for Enhanced Performance and Mechanical Reliability,2022,10.1002/adma.202205301,https://openalex.org/W4296794296,106,True,https://www.osti.gov/servlets/purl/1959914,https://www.osti.gov/biblio/1894165,Advanced Materials,10.1002adma.202205301,dual interface reinforced flexible perovskite solar cells for enhanced performance and mechanical reliability,23.36414417230953,0.7,0.0,0.0,0.0,0.0,,,0.0,0.0,0.0,24.06414417230953
Iodine Modulates the MACl‐Assisted Growth of FAPbI 3 for High Efficiency Perovskite Solar Cells,2024,10.1002/aenm.202400500,https://openalex.org/W4394786497,45,True,https://onlinelibrary.wiley.com/doi/pdfdirect/10.1002/aenm.202400500,https://doi.org/10.1002/aenm.202400500,Advanced Energy Materials,10.1002aenm.202400500,iodine modulates the macl assisted growth of fapbi 3 for high efficiency perovskite solar cells,19.143206982445477,0.9,2.0,4.0,0.0,0.0,,,0.0,0.0,0.0,24.043206982445476
Optical analysis of CH 3 NH 3 Sn x Pb 1−x I 3 absorbers: a roadmap for perovskite-on-perovskite tandem solar cells,2016,10.1039/c6ta04840d,https://openalex.org/W2461872642,119,True,https://pubs.rsc.org/en/content/articlepdf/2016/ta/c6ta04840d,https://doi.org/10.1039/c6ta04840d,Journal of Materials Chemistry A,10.1039c6ta04840d,optical analysis of ch 3 nh 3 sn x pb 1 x i 3 absorbers a roadmap for perovskite on perovskite tandem solar cells,23.937458713910228,0.1,0.0,0.0,0.0,0.0,,,0.0,0.0,0.0,24.03745871391023
High-throughput surface preparation for flexible slot die coated perovskite solar cells,2017,10.1016/j.orgel.2017.12.027,https://openalex.org/W2779696987,42,True,https://ars.els-cdn.com/content/image/1-s2.0-S1566119917306237-fx1_lrg.jpg,https://doi.org/10.1016/j.orgel.2017.12.027,Organic Electronics,10.1016j.orgel.2017.12.027,high throughput surface preparation for flexible slot die coated perovskite solar cells,18.806000578467813,0.2,2.5,5.0,0.0,0.0,,,0.0,0.0,0.0,24.006000578467813
Performance boosting strategy for perovskite light-emitting diodes,2019,10.1063/1.5098871,https://openalex.org/W2964560244,111,True,https://aip.scitation.org/doi/pdf/10.1063/1.5098871,https://doi.org/10.1063/1.5098871,Applied Physics Reviews,10.10631.5098871,performance boosting strategy for perovskite light emitting diodes,23.59249435647547,0.4,0.0,0.0,0.0,0.0,,,0.0,0.0,0.0,23.99249435647547
Inhibiting perovskite decomposition by a creeper-inspired strategy enables efficient and stable perovskite solar cells,2024,10.1038/s41467-024-49617-y,https://openalex.org/W4399793787,100,True,,https://doi.org/10.1038/s41467-024-49617-y,Nature Communications,10.1038s41467-024-49617-y,inhibiting perovskite decomposition by a creeper inspired strategy enables efficient and stable perovskite solar cells,23.075602584206298,0.9,0.0,0.0,0.0,0.0,,,0.0,0.0,0.0,23.975602584206296
Structurally Dimensional Engineering in Perovskite Photovoltaics,2023,10.1002/aenm.202300188,https://openalex.org/W4368364824,102,True,https://onlinelibrary.wiley.com/doi/pdfdirect/10.1002/aenm.202300188,https://doi.org/10.1002/aenm.202300188,Advanced Energy Materials,10.1002aenm.202300188,structurally dimensional engineering in perovskite photovoltaics,23.17364494114818,0.8,0.0,0.0,0.0,0.0,,,0.0,0.0,0.0,23.97364494114818
"Green solvents, materials, and lead-free semiconductors for sustainable fabrication of perovskite solar cells",2023,10.1039/d3ra01692g,https://openalex.org/W4380785247,102,True,https://pubs.rsc.org/en/content/articlepdf/2023/ra/d3ra01692g,https://doi.org/10.1039/d3ra01692g,RSC Advances,10.1039d3ra01692g,green solvents materials and lead free semiconductors for sustainable fabrication of perovskite solar cells,23.17364494114818,0.8,0.0,0.0,0.0,0.0,,,0.0,0.0,0.0,23.97364494114818
The Challenge of Ambient Air–Processed Organometallic Halide Perovskite: Technology Transfer From Spin Coating to Meniscus Blade Coating of Perovskite Thin Films,2021,10.3389/fmats.2021.635224,https://openalex.org/W3153826942,31,True,https://www.frontiersin.org/articles/10.3389/fmats.2021.635224/pdf,https://doi.org/10.3389/fmats.2021.635224,Frontiers in Materials,10.3389fmats.2021.635224,the challenge of ambient air processed organometallic halide perovskite technology transfer from spin coating to meniscus blade coating of perovskite thin films,17.328679513998633,0.6,3.0,6.0,0.0,0.0,,,0.0,0.0,0.0,23.928679513998635
Recent Advances in Patterning Strategies for Full-Color Perovskite Light-Emitting Diodes,2023,10.1007/s40820-023-01254-8,https://openalex.org/W4389436239,101,True,https://link.springer.com/content/pdf/10.1007/s40820-023-01254-8.pdf,https://doi.org/10.1007/s40820-023-01254-8,Nano-Micro Letters,10.1007s40820-023-01254-8,recent advances in patterning strategies for full color perovskite light emitting diodes,23.124864066421353,0.8,0.0,0.0,0.0,0.0,,,0.0,0.0,0.0,23.924864066421353
Constructing molecular bridge for high-efficiency and stable perovskite solar cells based on P3HT,2022,10.1038/s41467-022-34768-7,https://openalex.org/W4309474525,103,True,https://www.nature.com/articles/s41467-022-34768-7.pdf,https://doi.org/10.1038/s41467-022-34768-7,Nature Communications,10.1038s41467-022-34768-7,constructing molecular bridge for high efficiency and stable perovskite solar cells based on p3ht,23.22195449570686,0.7,0.0,0.0,0.0,0.0,,,0.0,0.0,0.0,23.92195449570686
Printing strategies for scaling-up perovskite solar cells,2021,10.1093/nsr/nwab075,https://openalex.org/W3166056003,105,True,https://academic.oup.com/nsr/article-pdf/8/8/nwab075/39733472/nwab075.pdf,https://doi.org/10.1093/nsr/nwab075,National Science Review,10.1093nsrnwab075,printing strategies for scaling up perovskite solar cells,23.317195470560335,0.6,0.0,0.0,0.0,0.0,,,0.0,0.0,0.0,23.917195470560337
New insight into solvent engineering technology from evolution of intermediates via one-step spin-coating approach,2017,10.1007/s40843-017-9027-1,https://openalex.org/W2606964976,62,True,https://link.springer.com/content/pdf/10.1007%2Fs40843-017-9027-1.pdf,https://doi.org/10.1007/s40843-017-9027-1,Science China Materials,10.1007s40843-017-9027-1,new insight into solvent engineering technology from evolution of intermediates via one step spin coating approach,20.715673631957664,0.2,1.5,3.0,0.0,0.0,,,0.0,0.0,0.0,23.915673631957663
Fundamental Study on the Fabrication of Inverted Planar Perovskite Solar Cells Using Two-Step Sequential Substrate Vibration-Assisted Spray Coating (2S-SVASC),2016,10.1186/s11671-016-1259-2,https://openalex.org/W2261743969,63,True,https://link.springer.com/content/pdf/10.1186/s11671-016-1259-2.pdf,https://doi.org/10.1186/s11671-016-1259-2,Nanoscale Research Letters,10.1186s11671-016-1259-2,fundamental study on the fabrication of inverted planar perovskite solar cells using two step sequential substrate vibration assisted spray coating 2s svasc,20.79441541679836,0.1,1.5,3.0,0.0,0.0,,,0.0,0.0,0.0,23.89441541679836
Solution-Processed SnO2 Quantum Dots for the Electron Transport Layer of Flexible and Printed Perovskite Solar Cells,2022,10.3390/nano12152615,https://openalex.org/W4289205978,37,True,https://www.mdpi.com/2079-4991/12/15/2615/pdf?version=1659348337,https://doi.org/10.3390/nano12152615,Nanomaterials,10.3390nano12152615,solution processed sno2 quantum dots for the electron transport layer of flexible and printed perovskite solar cells,18.18793079863193,0.7,2.5,5.0,0.0,0.0,,,0.0,0.0,0.0,23.887930798631928
Oxidation-resistant all-perovskite tandem solar cells in substrate configuration,2023,10.1038/s41467-023-37492-y,https://openalex.org/W4362471085,100,True,https://www.nature.com/articles/s41467-023-37492-y.pdf,https://doi.org/10.1038/s41467-023-37492-y,Nature Communications,10.1038s41467-023-37492-y,oxidation resistant all perovskite tandem solar cells in substrate configuration,23.075602584206298,0.8,0.0,0.0,0.0,0.0,,,0.0,0.0,0.0,23.875602584206298
Material and Device Design of Flexible Perovskite Solar Cells for Next‐Generation Power Supplies,2024,10.1002/adma.202311473,https://openalex.org/W4390893937,98,True,https://onlinelibrary.wiley.com/doi/pdfdirect/10.1002/adma.202311473,https://doi.org/10.1002/adma.202311473,Advanced Materials,10.1002adma.202311473,material and device design of flexible perovskite solar cells for next generation power supplies,22.97559925067295,0.9,0.0,0.0,0.0,0.0,,,0.0,0.0,0.0,23.87559925067295
Cation influence on carrier dynamics in perovskite solar cells,2019,10.1016/j.nanoen.2019.01.060,https://openalex.org/W2914263858,108,True,https://ars.els-cdn.com/content/image/1-s2.0-S2211285519300801-fx1_lrg.jpg,https://doi.org/10.1016/j.nanoen.2019.01.060,Nano Energy,10.1016j.nanoen.2019.01.060,cation influence on carrier dynamics in perovskite solar cells,23.45673941114572,0.4,0.0,0.0,0.0,0.0,,,0.0,0.0,0.0,23.856739411145718
Lights and Shadows of DMSO as Solvent for Tin Halide Perovskites,2021,10.1002/chem.202103919,https://openalex.org/W4200081144,46,True,https://onlinelibrary.wiley.com/doi/pdfdirect/10.1002/chem.202103919,https://doi.org/10.1002/chem.202103919,Chemistry - A European Journal,10.1002chem.202103919,lights and shadows of dmso as solvent for tin halide perovskites,19.250738008550293,0.6,2.0,4.0,0.0,0.0,,,0.0,0.0,0.0,23.850738008550294
Manipulating solvent fluidic dynamics for large-area perovskite film-formation and white light-emitting diodes,2024,10.1038/s41467-024-45488-5,https://openalex.org/W4391541150,65,True,https://www.nature.com/articles/s41467-024-45488-5.pdf,https://doi.org/10.1038/s41467-024-45488-5,Nature Communications,10.1038s41467-024-45488-5,manipulating solvent fluidic dynamics for large area perovskite film formation and white light emitting diodes,20.948273710132128,0.9,1.0,2.0,0.0,0.0,,,0.0,0.0,0.0,23.848273710132126
Low‐Dimensional Metal‐Halide Perovskites as High‐Performance Materials for Memory Applications,2022,10.1002/smll.202203311,https://openalex.org/W4292547106,101,True,https://onlinelibrary.wiley.com/doi/pdfdirect/10.1002/smll.202203311,https://doi.org/10.1002/smll.202203311,Small,10.1002smll.202203311,low dimensional metal halide perovskites as high performance materials for memory applications,23.124864066421353,0.7,0.0,0.0,0.0,0.0,,,0.0,0.0,0.0,23.824864066421352
Highly Efficient Perovskite Solar Cells with Substantial Reduction of Lead Content,2016,10.1038/srep35705,https://openalex.org/W2535582161,114,True,https://www.nature.com/articles/srep35705.pdf,https://doi.org/10.1038/srep35705,Scientific Reports,10.1038srep35705,highly efficient perovskite solar cells with substantial reduction of lead content,23.72466064181625,0.1,0.0,0.0,0.0,0.0,,,0.0,0.0,0.0,23.82466064181625
Self‐Crystallized Multifunctional 2D Perovskite for Efficient and Stable Perovskite Solar Cells,2020,10.1002/adfm.201910620,https://openalex.org/W3011494759,105,True,https://onlinelibrary.wiley.com/doi/pdfdirect/10.1002/adfm.201910620,https://doi.org/10.1002/adfm.201910620,Advanced Functional Materials,10.1002adfm.201910620,self crystallized multifunctional 2d perovskite for efficient and stable perovskite solar cells,23.317195470560335,0.5,0.0,0.0,0.0,0.0,,,0.0,0.0,0.0,23.817195470560335
Spray-coated perovskite hemispherical photodetector featuring narrow-band and wide-angle imaging,2022,10.1038/s41467-022-33934-1,https://openalex.org/W4306293785,100,True,https://www.nature.com/articles/s41467-022-33934-1.pdf,https://doi.org/10.1038/s41467-022-33934-1,Nature Communications,10.1038s41467-022-33934-1,spray coated perovskite hemispherical photodetector featuring narrow band and wide angle imaging,23.075602584206298,0.7,0.0,0.0,0.0,0.0,,,0.0,0.0,0.0,23.775602584206297
Self‐Powered Wide‐Narrow Bandgap‐Laminated Perovskite Photodetector with Bipolar Photoresponse for Secure Optical Communication,2023,10.1002/adma.202307534,https://openalex.org/W4389069519,98,True,https://onlinelibrary.wiley.com/doi/pdfdirect/10.1002/adma.202307534,https://doi.org/10.1002/adma.202307534,Advanced Materials,10.1002adma.202307534,self powered wide narrow bandgap laminated perovskite photodetector with bipolar photoresponse for secure optical communication,22.97559925067295,0.8,0.0,0.0,0.0,0.0,,,0.0,0.0,0.0,23.77559925067295
Metal-Halide Perovskite Submicrometer-Thick Films for Ultra-Stable Self-Powered Direct X-Ray Detectors,2024,10.1007/s40820-024-01393-6,https://openalex.org/W4395666713,96,True,https://link.springer.com/content/pdf/10.1007/s40820-024-01393-6.pdf,https://doi.org/10.1007/s40820-024-01393-6,Nano-Micro Letters,10.1007s40820-024-01393-6,metal halide perovskite submicrometer thick films for ultra stable self powered direct x ray detectors,22.873554892516914,0.9,0.0,0.0,0.0,0.0,,,0.0,0.0,0.0,23.773554892516913
Designing the Perovskite Structural Landscape for Efficient Blue Emission,2020,10.1021/acsenergylett.0c00559,https://openalex.org/W3017363488,104,True,https://dr.ntu.edu.sg/bitstream/10356/138567/4/Designing%20the%20Perovskite%20Structural%20Landscape%20for%20Efficient%20Blue%20Emission_Repository.pdf,https://hdl.handle.net/10356/138567,ACS Energy Letters,10.1021acsenergylett.0c00559,designing the perovskite structural landscape for efficient blue emission,23.269801750787614,0.5,0.0,0.0,0.0,0.0,,,0.0,0.0,0.0,23.769801750787614
Degradation Mechanism and Relative Stability of Methylammonium Halide Based Perovskites Analyzed on the Basis of Acid?Base Theory,2019,10.1021/acsami.9b02374,https://openalex.org/W2921205827,106,True,,https://doi.org/10.1021/acsami.9b02374,ACS Applied Materials & Interfaces,10.1021acsami.9b02374,degradation mechanism and relative stability of methylammonium halide based perovskites analyzed on the basis of acid base theory,23.36414417230953,0.4,0.0,0.0,0.0,0.0,,,0.0,0.0,0.0,23.76414417230953
Unbiased biocatalytic solar-to-chemical conversion by FeOOH/BiVO4/perovskite tandem structure,2018,10.1038/s41467-018-06687-z,https://openalex.org/W2894922343,108,True,https://www.nature.com/articles/s41467-018-06687-z.pdf,https://doi.org/10.1038/s41467-018-06687-z,Nature Communications,10.1038s41467-018-06687-z,unbiased biocatalytic solar to chemical conversion by feooh bivo4 perovskite tandem structure,23.45673941114572,0.3,0.0,0.0,0.0,0.0,,,0.0,0.0,0.0,23.75673941114572
Pushing efficiency limits for semitransparent perovskite solar cells,2015,10.1039/c5ta08450d,https://openalex.org/W1904686747,114,True,https://open.fau.de/bitstreams/248fe54c-10ac-4d8b-b0f6-01437f9c129f/download,https://open.fau.de/handle/openfau/8492,Journal of Materials Chemistry A,10.1039c5ta08450d,pushing efficiency limits for semitransparent perovskite solar cells,23.72466064181625,0.0,0.0,0.0,0.0,0.0,,,0.0,0.0,0.0,23.72466064181625
Strain-insensitive viscoelastic perovskite film for intrinsically stretchable neuromorphic vision-adaptive transistors,2024,10.1038/s41467-024-47532-w,https://openalex.org/W4394646548,95,True,https://www.nature.com/articles/s41467-024-47532-w.pdf,https://doi.org/10.1038/s41467-024-47532-w,Nature Communications,10.1038s41467-024-47532-w,strain insensitive viscoelastic perovskite film for intrinsically stretchable neuromorphic vision adaptive transistors,22.82174095733918,0.9,0.0,0.0,0.0,0.0,,,0.0,0.0,0.0,23.72174095733918
Computational insights of double perovskite Na2CaCdH6 hydride alloy for hydrogen storage applications: a DFT investigation,2024,10.1038/s41598-024-76062-0,https://openalex.org/W4403680252,95,True,,https://doi.org/10.1038/s41598-024-76062-0,Scientific Reports,10.1038s41598-024-76062-0,computational insights of double perovskite na2cacdh6 hydride alloy for hydrogen storage applications a dft investigation,22.82174095733918,0.9,0.0,0.0,0.0,0.0,,,0.0,0.0,0.0,23.72174095733918
Efficient wide-bandgap perovskite photovoltaics with homogeneous halogen-phase distribution,2024,10.1038/s41467-024-53344-9,https://openalex.org/W4403412760,95,True,https://www.nature.com/articles/s41467-024-53344-9.pdf,https://doi.org/10.1038/s41467-024-53344-9,Nature Communications,10.1038s41467-024-53344-9,efficient wide bandgap perovskite photovoltaics with homogeneous halogen phase distribution,22.82174095733918,0.9,0.0,0.0,0.0,0.0,,,0.0,0.0,0.0,23.72174095733918
Nanomaterials-patterned flexible electrodes for wearable health monitoring: a review,2021,10.1007/s10853-021-06248-8,https://openalex.org/W3176552192,100,True,https://link.springer.com/content/pdf/10.1007/s10853-021-06248-8.pdf,https://doi.org/10.1007/s10853-021-06248-8,Journal of Materials Science,10.1007s10853-021-06248-8,nanomaterials patterned flexible electrodes for wearable health monitoring a review,23.075602584206298,0.6,0.0,0.0,0.0,0.0,,,0.0,0.0,0.0,23.6756025842063
Scaling-up perovskite solar cells on hydrophobic surfaces,2020,10.1016/j.nanoen.2020.105633,https://openalex.org/W3109248911,101,True,,http://hdl.handle.net/10754/666849,Nano Energy,10.1016j.nanoen.2020.105633,scaling up perovskite solar cells on hydrophobic surfaces,23.124864066421353,0.5,0.0,0.0,0.0,0.0,,,0.0,0.0,0.0,23.624864066421353
Stabilizing Perovskite Light‐Emitting Diodes by Incorporation of Binary Alkali Cations,2020,10.1002/adma.201907786,https://openalex.org/W3010194544,101,True,https://onlinelibrary.wiley.com/doi/pdfdirect/10.1002/adma.201907786,https://doi.org/10.1002/adma.201907786,Advanced Materials,10.1002adma.201907786,stabilizing perovskite light emitting diodes by incorporation of binary alkali cations,23.124864066421353,0.5,0.0,0.0,0.0,0.0,,,0.0,0.0,0.0,23.624864066421353
Advances in Optical Imaging and Optical Communications Based on High‐Quality Halide Perovskite Photodetectors,2023,10.1002/adfm.202311205,https://openalex.org/W4389095787,95,True,https://onlinelibrary.wiley.com/doi/pdfdirect/10.1002/adfm.202311205,https://doi.org/10.1002/adfm.202311205,Advanced Functional Materials,10.1002adfm.202311205,advances in optical imaging and optical communications based on high quality halide perovskite photodetectors,22.82174095733918,0.8,0.0,0.0,0.0,0.0,,,0.0,0.0,0.0,23.62174095733918
Stabilization of Perovskite Lattice and Suppression of Sn2+/Sn4+ Oxidation via Formamidine Acetate for High Efficiency Tin Perovskite Solar Cells,2023,10.1002/adfm.202215041,https://openalex.org/W4318693330,95,True,https://onlinelibrary.wiley.com/doi/pdfdirect/10.1002/adfm.202215041,https://doi.org/10.1002/adfm.202215041,Advanced Functional Materials,10.1002adfm.202215041,stabilization of perovskite lattice and suppression of sn2 sn4 oxidation via formamidine acetate for high efficiency tin perovskite solar cells,22.82174095733918,0.8,0.0,0.0,0.0,0.0,,,0.0,0.0,0.0,23.62174095733918
Management of transition dipoles in organic hole-transporting materials under solar irradiation for perovskite solar cells,2018,10.1038/s41467-018-06998-1,https://openalex.org/W2898599016,105,True,https://www.nature.com/articles/s41467-018-06998-1.pdf,https://doi.org/10.1038/s41467-018-06998-1,Nature Communications,10.1038s41467-018-06998-1,management of transition dipoles in organic hole transporting materials under solar irradiation for perovskite solar cells,23.317195470560335,0.3,0.0,0.0,0.0,0.0,,,0.0,0.0,0.0,23.617195470560336
Perovskites on Ice: An Additive‐Free Approach to Increase the Shelf‐Life of Triple‐Cation Perovskite Precursor Solutions,2021,10.1002/cssc.202100332,https://openalex.org/W4230334828,29,True,https://onlinelibrary.wiley.com/doi/pdfdirect/10.1002/cssc.202100332,https://doi.org/10.1002/cssc.202100332,ChemSusChem,10.1002cssc.202100332,perovskites on ice an additive free approach to increase the shelf life of triple cation perovskite precursor solutions,17.005986908310778,0.6,3.0,6.0,0.0,0.0,,,0.0,0.0,0.0,23.60598690831078
Crystal Structure Formation of CH3NH3PbI3-xClx Perovskite,2016,10.3390/ma9030123,https://openalex.org/W2284612341,109,True,https://www.mdpi.com/1996-1944/9/3/123/pdf?version=1456303453,https://doi.org/10.3390/ma9030123,Materials,10.3390ma9030123,crystal structure formation of ch3nh3pbi3 xclx perovskite,23.502401828962082,0.1,0.0,0.0,0.0,0.0,,,0.0,0.0,0.0,23.602401828962083
Recent advances in semitransparent perovskite solar cells,2020,10.1002/inf2.12154,https://openalex.org/W3092518953,100,True,https://onlinelibrary.wiley.com/doi/pdfdirect/10.1002/inf2.12154,https://doi.org/10.1002/inf2.12154,InfoMat,10.1002inf2.12154,recent advances in semitransparent perovskite solar cells,23.075602584206298,0.5,0.0,0.0,0.0,0.0,,,0.0,0.0,0.0,23.575602584206298
"Recent progress, fabrication challenges and stability issues of lead-free tin-based perovskite thin films in the field of photovoltaics",2020,10.1016/j.ccr.2020.213633,https://openalex.org/W3093682339,100,True,https://www.sciencedirect.com/science/article/pii/S0010854520305920,https://doi.org/10.1016/j.ccr.2020.213633,Coordination Chemistry Reviews,10.1016j.ccr.2020.213633,recent progress fabrication challenges and stability issues of lead free tin based perovskite thin films in the field of photovoltaics,23.075602584206298,0.5,0.0,0.0,0.0,0.0,,,0.0,0.0,0.0,23.575602584206298
Minimizing DMSO Residues in Perovskite Films for Efficient and Long‐Term Stable Solar Cells,2025,10.1002/aenm.202404538,https://openalex.org/W4406248219,40,True,https://onlinelibrary.wiley.com/doi/pdfdirect/10.1002/aenm.202404538,https://doi.org/10.1002/aenm.202404538,Advanced Energy Materials,10.1002aenm.202404538,minimizing dmso residues in perovskite films for efficient and long term stable solar cells,18.56786033352154,1.0,2.0,4.0,0.0,0.0,,,0.0,0.0,0.0,23.56786033352154
Numerical simulation and performance optimization of a lead-free inorganic perovskite solar cell using SCAPS-1D,2024,10.1016/j.heliyon.2024.e23985,https://openalex.org/W4390546548,92,True,,https://doi.org/10.1016/j.heliyon.2024.e23985,Heliyon,10.1016j.heliyon.2024.e23985,numerical simulation and performance optimization of a lead free inorganic perovskite solar cell using scaps 1d,22.66299746576628,0.9,0.0,0.0,0.0,0.0,,,0.0,0.0,0.0,23.56299746576628
Germanium-lead perovskite light-emitting diodes,2021,10.1038/s41467-021-24616-5,https://openalex.org/W3182050749,97,True,https://www.nature.com/articles/s41467-021-24616-5.pdf,https://doi.org/10.1038/s41467-021-24616-5,Nature Communications,10.1038s41467-021-24616-5,germanium lead perovskite light emitting diodes,22.92483739335286,0.6,0.0,0.0,0.0,0.0,,,0.0,0.0,0.0,23.52483739335286
Superoxide radical derived metal-free spiro-OMeTAD for highly stable perovskite solar cells,2024,10.1038/s41467-024-52199-4,https://openalex.org/W4402430669,91,True,https://www.nature.com/articles/s41467-024-52199-4.pdf,https://doi.org/10.1038/s41467-024-52199-4,Nature Communications,10.1038s41467-024-52199-4,superoxide radical derived metal free spiro ometad for highly stable perovskite solar cells,22.608942885245202,0.9,0.0,0.0,0.0,0.0,,,0.0,0.0,0.0,23.5089428852452
Recent Progress of All‐Bromide Inorganic Perovskite Solar Cells,2019,10.1002/ente.201900961,https://openalex.org/W2978746229,100,True,,https://doi.org/10.1002/ente.201900961,Energy Technology,10.1002ente.201900961,recent progress of all bromide inorganic perovskite solar cells,23.075602584206298,0.4,0.0,0.0,0.0,0.0,,,0.0,0.0,0.0,23.475602584206296
Carbon‐based perovskite solar cells: From single‐junction to modules,2019,10.1002/cey2.11,https://openalex.org/W2977343604,100,True,https://onlinelibrary.wiley.com/doi/pdfdirect/10.1002/cey2.11,https://doi.org/10.1002/cey2.11,Carbon Energy,10.1002cey2.11,carbon based perovskite solar cells from single junction to modules,23.075602584206298,0.4,0.0,0.0,0.0,0.0,,,0.0,0.0,0.0,23.475602584206296
Effects of local compositional heterogeneity in mixed halide perovskites on blue electroluminescence,2024,10.1016/j.matt.2023.12.019,https://openalex.org/W4390813559,90,True,,https://doi.org/10.1016/j.matt.2023.12.019,Matter,10.1016j.matt.2023.12.019,effects of local compositional heterogeneity in mixed halide perovskites on blue electroluminescence,22.55429753258425,0.9,0.0,0.0,0.0,0.0,,,0.0,0.0,0.0,23.45429753258425
Recent Advances and Opportunities of Lead-Free Perovskite Nanocrystal for Optoelectronic Application,2021,10.34133/2021/5198145,https://openalex.org/W3128825065,95,True,https://downloads.spj.sciencemag.org/energymatadv/2021/5198145.pdf,https://doi.org/10.34133/2021/5198145,Energy Material Advances,10.3413320215198145,recent advances and opportunities of lead free perovskite nanocrystal for optoelectronic application,22.82174095733918,0.6,0.0,0.0,0.0,0.0,,,0.0,0.0,0.0,23.421740957339182
Establishing charge-transfer excitons in 2D perovskite heterostructures,2020,10.1038/s41467-020-16415-1,https://openalex.org/W3031081487,96,True,https://www.nature.com/articles/s41467-020-16415-1.pdf,https://doi.org/10.1038/s41467-020-16415-1,Nature Communications,10.1038s41467-020-16415-1,establishing charge transfer excitons in 2d perovskite heterostructures,22.873554892516914,0.5,0.0,0.0,0.0,0.0,,,0.0,0.0,0.0,23.373554892516914
Perspectives for sustainability analysis of scalable perovskite photovoltaics,2024,10.1039/d4ee03956d,https://openalex.org/W4403689568,59,True,https://pubs.rsc.org/en/content/articlepdf/2025/ee/d4ee03956d,https://doi.org/10.1039/d4ee03956d,Energy & Environmental Science,10.1039d4ee03956d,perspectives for sustainability analysis of scalable perovskite photovoltaics,20.471722811110503,0.9,1.0,2.0,0.0,0.0,,,0.0,0.0,0.0,23.3717228111105
Chalcogenide perovskites for photovoltaics: current status and prospects,2021,10.1088/2515-7655/abf41c,https://openalex.org/W3148431296,94,True,https://iopscience.iop.org/article/10.1088/2515-7655/abf41c/pdf,https://doi.org/10.1088/2515-7655/abf41c,Journal of Physics Energy,10.10882515-7655abf41c,chalcogenide perovskites for photovoltaics current status and prospects,22.769384458002705,0.6,0.0,0.0,0.0,0.0,,,0.0,0.0,0.0,23.369384458002706
A Highly integrated flexible photo-rechargeable system based on stable ultrahigh-rate quasi-solid-state zinc-ion micro-batteries and perovskite solar cells,2022,10.1016/j.ensm.2022.06.043,https://openalex.org/W4283591306,91,True,https://www.sciencedirect.com/science/article/pii/S2405829722003580/pdf,https://doi.org/10.1016/j.ensm.2022.06.043,Energy storage materials,10.1016j.ensm.2022.06.043,a highly integrated flexible photo rechargeable system based on stable ultrahigh rate quasi solid state zinc ion micro batteries and perovskite solar cells,22.608942885245202,0.7,0.0,0.0,0.0,0.0,,,0.0,0.0,0.0,23.3089428852452
Screen‐Printing Technology for Scale Manufacturing of Perovskite Solar Cells,2023,10.1002/advs.202303992,https://openalex.org/W4385568577,89,True,https://onlinelibrary.wiley.com/doi/pdfdirect/10.1002/advs.202303992,https://doi.org/10.1002/advs.202303992,Advanced Science,10.1002advs.202303992,screen printing technology for scale manufacturing of perovskite solar cells,22.499048351651325,0.8,0.0,0.0,0.0,0.0,,,0.0,0.0,0.0,23.299048351651326
A Universal Perovskite/C60 Interface Modification via Atomic Layer Deposited Aluminum Oxide for Perovskite Solar Cells and Perovskite–Silicon Tandems,2024,10.1002/adma.202311745,https://openalex.org/W4391432351,87,True,https://onlinelibrary.wiley.com/doi/pdfdirect/10.1002/adma.202311745,https://doi.org/10.1002/adma.202311745,Advanced Materials,10.1002adma.202311745,a universal perovskite c60 interface modification via atomic layer deposited aluminum oxide for perovskite solar cells and perovskite silicon tandems,22.386684072391034,0.9,0.0,0.0,0.0,0.0,,,0.0,0.0,0.0,23.286684072391033
Thermodynamic Stabilization of Mixed-Halide Perovskites against Phase Segregation,2020,10.1016/j.xcrp.2020.100120,https://openalex.org/W3000091614,94,True,https://www.sciencedirect.com/science/article/pii/S2666386420301193/pdf,https://doi.org/10.1016/j.xcrp.2020.100120,Cell Reports Physical Science,10.1016j.xcrp.2020.100120,thermodynamic stabilization of mixed halide perovskites against phase segregation,22.769384458002705,0.5,0.0,0.0,0.0,0.0,,,0.0,0.0,0.0,23.269384458002705
Optical Fingerprints of Polynuclear Complexes in Lead Halide Perovskite Precursor Solutions,2021,10.1021/acs.jpclett.0c03741,https://openalex.org/W3134154414,27,True,https://arxiv.org/pdf/2012.08440,http://arxiv.org/abs/2012.08440,The Journal of Physical Chemistry Letters,10.1021acs.jpclett.0c03741,optical fingerprints of polynuclear complexes in lead halide perovskite precursor solutions,16.66102255087602,0.6,3.0,6.0,0.0,0.0,,,0.0,0.0,0.0,23.26102255087602
Green solvent engineering for enhanced performance and reproducibility in printed carbon-based mesoscopic perovskite solar cells and modules,2021,10.1039/d1ma00975c,https://openalex.org/W3217037892,50,True,https://pubs.rsc.org/en/content/articlepdf/2022/ma/d1ma00975c,https://doi.org/10.1039/d1ma00975c,Materials Advances,10.1039d1ma00975c,green solvent engineering for enhanced performance and reproducibility in printed carbon based mesoscopic perovskite solar cells and modules,19.659128163621627,0.6,1.5,3.0,0.0,0.0,,,0.0,0.0,0.0,23.25912816362163
A Bifunctional Carbazide Additive For Durable CsSnI 3 Perovskite Solar Cells,2023,10.1002/adma.202300503,https://openalex.org/W4361269019,88,True,https://onlinelibrary.wiley.com/doi/pdfdirect/10.1002/adma.202300503,https://doi.org/10.1002/adma.202300503,Advanced Materials,10.1002adma.202300503,a bifunctional carbazide additive for durable cssni 3 perovskite solar cells,22.4431818486607,0.8,0.0,0.0,0.0,0.0,,,0.0,0.0,0.0,23.2431818486607
Recent Progresses on Metal Halide Perovskite-Based Material as Potential Photocatalyst,2020,10.3390/catal10060709,https://openalex.org/W3037321031,93,True,,https://doi.org/10.3390/catal10060709,Catalysts,10.3390catal10060709,recent progresses on metal halide perovskite based material as potential photocatalyst,22.71647391135002,0.5,0.0,0.0,0.0,0.0,,,0.0,0.0,0.0,23.21647391135002
Two-Step Patterning of Scalable All-Inorganic Halide Perovskite Arrays,2020,10.1021/acsnano.9b09685,https://openalex.org/W3005535048,62,True,https://www.osti.gov/biblio/1841153,https://www.osti.gov/biblio/1841153,ACS Nano,10.1021acsnano.9b09685,two step patterning of scalable all inorganic halide perovskite arrays,20.715673631957664,0.5,1.0,2.0,0.0,0.0,,,0.0,0.0,0.0,23.215673631957664
Enhancing Photovoltaically Preferred Orientation in Wide‐Bandgap Perovskite for Efficient All‐Perovskite Tandem Solar Cells,2025,10.1002/adma.202412943,https://openalex.org/W4406127039,84,True,https://onlinelibrary.wiley.com/doi/pdfdirect/10.1002/adma.202412943,https://doi.org/10.1002/adma.202412943,Advanced Materials,10.1002adma.202412943,enhancing photovoltaically preferred orientation in wide bandgap perovskite for efficient all perovskite tandem solar cells,22.21325628245158,1.0,0.0,0.0,0.0,0.0,,,0.0,0.0,0.0,23.21325628245158
Degradation and self-repairing in perovskite light-emitting diodes,2021,10.1016/j.matt.2021.09.007,https://openalex.org/W3203939610,91,True,http://www.cell.com/article/S2590238521004525/pdf,https://doi.org/10.1016/j.matt.2021.09.007,Matter,10.1016j.matt.2021.09.007,degradation and self repairing in perovskite light emitting diodes,22.608942885245202,0.6,0.0,0.0,0.0,0.0,,,0.0,0.0,0.0,23.208942885245204
"Perovskite single crystals: Synthesis, properties, and applications",2021,10.1016/j.jnlest.2021.100081,https://openalex.org/W3121526388,91,True,https://www.sciencedirect.com/science/article/pii/S1674862X21000021/pdf,https://doi.org/10.1016/j.jnlest.2021.100081,Journal of Electronic Science and Technology,10.1016j.jnlest.2021.100081,perovskite single crystals synthesis properties and applications,22.608942885245202,0.6,0.0,0.0,0.0,0.0,,,0.0,0.0,0.0,23.208942885245204
Halide perovskites enable polaritonic XY spin Hamiltonian at room temperature,2022,10.1038/s41563-022-01276-4,https://openalex.org/W4281723116,88,True,https://www.osti.gov/servlets/purl/1902351,https://www.osti.gov/biblio/1902351,Nature Materials,10.1038s41563-022-01276-4,halide perovskites enable polaritonic xy spin hamiltonian at room temperature,22.4431818486607,0.7,0.0,0.0,0.0,0.0,,,0.0,0.0,0.0,23.1431818486607
All-solution processed semi-transparent perovskite solar cells with silver nanowires electrode,2016,10.1088/0957-4484/27/9/095202,https://openalex.org/W2273233390,66,True,https://iopscience.iop.org/article/10.1088/0957-4484/27/9/095202/pdf,https://doi.org/10.1088/0957-4484/27/9/095202,Nanotechnology,10.10880957-4484279095202,all solution processed semi transparent perovskite solar cells with silver nanowires electrode,21.023463096954828,0.1,1.0,2.0,0.0,0.0,,,0.0,0.0,0.0,23.12346309695483
Solid–state NMR of hybrid halide perovskites,2019,10.1016/j.ssnmr.2019.03.005,https://openalex.org/W2926986022,92,True,https://ars.els-cdn.com/content/image/1-s2.0-S0926204019300311-fx1_lrg.jpg,https://doi.org/10.1016/j.ssnmr.2019.03.005,Solid State Nuclear Magnetic Resonance,10.1016j.ssnmr.2019.03.005,solid state nmr of hybrid halide perovskites,22.66299746576628,0.4,0.0,0.0,0.0,0.0,,,0.0,0.0,0.0,23.06299746576628
Two‐terminal Perovskite silicon tandem solar cells with a high‐Bandgap Perovskite absorber enabling voltages over 1.8 V,2019,10.1002/pip.3208,https://openalex.org/W2985596893,92,True,https://onlinelibrary.wiley.com/doi/pdfdirect/10.1002/pip.3208,https://doi.org/10.1002/pip.3208,Progress in Photovoltaics Research and Applications,10.1002pip.3208,two terminal perovskite silicon tandem solar cells with a high bandgap perovskite absorber enabling voltages over 1 8 v,22.66299746576628,0.4,0.0,0.0,0.0,0.0,,,0.0,0.0,0.0,23.06299746576628
Perceiving of Defect Tolerance in Perovskite Absorber Layer for Efficient Perovskite Solar Cell,2020,10.1109/access.2020.3000217,https://openalex.org/W3033666203,90,True,https://ieeexplore.ieee.org/ielx7/6287639/8948470/09109335.pdf,https://doi.org/10.1109/access.2020.3000217,IEEE Access,10.1109access.2020.3000217,perceiving of defect tolerance in perovskite absorber layer for efficient perovskite solar cell,22.55429753258425,0.5,0.0,0.0,0.0,0.0,,,0.0,0.0,0.0,23.05429753258425
Origin of High Efficiency and Long-Term Stability in Ionic Liquid Perovskite Photovoltaic,2020,10.34133/2020/2616345,https://openalex.org/W3085614503,90,True,https://downloads.spj.sciencemag.org/research/2020/2616345.pdf,https://doi.org/10.34133/2020/2616345,Research,10.3413320202616345,origin of high efficiency and long term stability in ionic liquid perovskite photovoltaic,22.55429753258425,0.5,0.0,0.0,0.0,0.0,,,0.0,0.0,0.0,23.05429753258425
How to improve the structural stabilities of halide perovskite quantum dots: review of various strategies to enhance the structural stabilities of halide perovskite quantum dots,2024,10.1186/s40580-024-00412-x,https://openalex.org/W4391282839,83,True,https://nanoconvergencejournal.springeropen.com/counter/pdf/10.1186/s40580-024-00412-x,https://doi.org/10.1186/s40580-024-00412-x,Nano Convergence,10.1186s40580-024-00412-x,how to improve the structural stabilities of halide perovskite quantum dots review of various strategies to enhance the structural stabilities of halide perovskite quantum dots,22.154083994216567,0.9,0.0,0.0,0.0,0.0,,,0.0,0.0,0.0,23.054083994216565
Modulating preferred crystal orientation for efficient and stable perovskite solar cells—From progress to perspectives,2022,10.1002/inf2.12369,https://openalex.org/W4296120607,86,True,https://onlinelibrary.wiley.com/doi/pdfdirect/10.1002/inf2.12369,https://doi.org/10.1002/inf2.12369,InfoMat,10.1002inf2.12369,modulating preferred crystal orientation for efficient and stable perovskite solar cells from progress to perspectives,22.329540593272917,0.7,0.0,0.0,0.0,0.0,,,0.0,0.0,0.0,23.029540593272916
Inorganic p-Type Semiconductors: Their Applications and Progress in Dye-Sensitized Solar Cells and Perovskite Solar Cells,2016,10.3390/en9050331,https://openalex.org/W2342660459,97,True,https://www.mdpi.com/1996-1073/9/5/331/pdf?version=1461991328,https://doi.org/10.3390/en9050331,Energies,10.3390en9050331,inorganic p type semiconductors their applications and progress in dye sensitized solar cells and perovskite solar cells,22.92483739335286,0.1,0.0,0.0,0.0,0.0,,,0.0,0.0,0.0,23.02483739335286
Novel Plasma-Assisted Low-Temperature-Processed SnO2 Thin Films for Efficient Flexible Perovskite Photovoltaics,2018,10.1021/acsenergylett.8b00692,https://openalex.org/W2805468770,93,True,https://dr.ntu.edu.sg/bitstream/10356/142118/2/Novel%20Plasma-Assisted%20Low-Temperature-Processed%20SnO2%20Thin%20Films%20for%20Efficient%20Flexible%20Perovskite%20Photovoltaics.pdf,https://hdl.handle.net/10356/142118,ACS Energy Letters,10.1021acsenergylett.8b00692,novel plasma assisted low temperature processed sno2 thin films for efficient flexible perovskite photovoltaics,22.71647391135002,0.3,0.0,0.0,0.0,0.0,,,0.0,0.0,0.0,23.01647391135002
Room-Temperature Sputtered SnO2 as Robust Electron Transport Layer for Air-Stable and Efficient Perovskite Solar Cells on Rigid and Flexible Substrates,2019,10.1038/s41598-019-42962-9,https://openalex.org/W2943813491,91,True,https://www.nature.com/articles/s41598-019-42962-9.pdf,https://doi.org/10.1038/s41598-019-42962-9,Scientific Reports,10.1038s41598-019-42962-9,room temperature sputtered sno2 as robust electron transport layer for air stable and efficient perovskite solar cells on rigid and flexible substrates,22.608942885245202,0.4,0.0,0.0,0.0,0.0,,,0.0,0.0,0.0,23.0089428852452
A binary 2D perovskite passivation for efficient and stable perovskite/silicon tandem solar cells,2024,10.1038/s41467-024-51345-2,https://openalex.org/W4401614095,82,True,https://www.nature.com/articles/s41467-024-51345-2.pdf,https://doi.org/10.1038/s41467-024-51345-2,Nature Communications,10.1038s41467-024-51345-2,a binary 2d perovskite passivation for efficient and stable perovskite silicon tandem solar cells,22.09420303898299,0.9,0.0,0.0,0.0,0.0,,,0.0,0.0,0.0,22.994203038982988
Perovskite Thin Film Synthesised from Sputtered Lead Sulphide,2018,10.1038/s41598-018-19746-8,https://openalex.org/W2805902362,92,True,https://www.nature.com/articles/s41598-018-19746-8.pdf,https://doi.org/10.1038/s41598-018-19746-8,Scientific Reports,10.1038s41598-018-19746-8,perovskite thin film synthesised from sputtered lead sulphide,22.66299746576628,0.3,0.0,0.0,0.0,0.0,,,0.0,0.0,0.0,22.962997465766282
Facile Deposition of Mesoporous PbI2 through DMF:DMSO Solvent Engineering for Sequentially Deposited Metal Halide Perovskites,2020,10.1021/acsaem.9b02391,https://openalex.org/W3013019829,21,True,https://researchmgt.monash.edu/ws/files/343286160/317995666_oa.pdf,https://research.monash.edu/en/publications/671b6cf1-5b39-4e4a-9eb6-6ce172d4e5a9,ACS Applied Energy Materials,10.1021acsaem.9b02391,facile deposition of mesoporous pbi2 through dmf dmso solvent engineering for sequentially deposited metal halide perovskites,15.45521226679158,0.5,3.5,7.0,0.0,0.0,,,0.0,0.0,0.0,22.95521226679158
A Mini Review: Can Graphene Be a Novel Material for Perovskite Solar Cell Applications?,2017,10.1007/s40820-017-0182-0,https://openalex.org/W2777818326,93,True,https://link.springer.com/content/pdf/10.1007/s40820-017-0182-0.pdf,https://doi.org/10.1007/s40820-017-0182-0,Nano-Micro Letters,10.1007s40820-017-0182-0,a mini review can graphene be a novel material for perovskite solar cell applications,22.71647391135002,0.2,0.0,0.0,0.0,0.0,,,0.0,0.0,0.0,22.916473911350018
One-step polymer assisted roll-to-roll gravure-printed perovskite solar cells without using anti-solvent bathing,2021,10.1016/j.xcrp.2021.100639,https://openalex.org/W3208139071,46,True,https://www.sciencedirect.com/science/article/pii/S2666386421003611/pdf,https://doi.org/10.1016/j.xcrp.2021.100639,Cell Reports Physical Science,10.1016j.xcrp.2021.100639,one step polymer assisted roll to roll gravure printed perovskite solar cells without using anti solvent bathing,19.250738008550293,0.6,1.5,3.0,0.0,0.0,,,0.0,0.0,0.0,22.850738008550294
Crystallization Control for Ambient Printed FA‐Based Lead Triiodide Perovskite Solar Cells,2023,10.1002/adma.202303384,https://openalex.org/W4385780320,44,True,https://onlinelibrary.wiley.com/doi/pdfdirect/10.1002/adma.202303384,https://doi.org/10.1002/adma.202303384,Advanced Materials,10.1002adma.202303384,crystallization control for ambient printed fa based lead triiodide perovskite solar cells,19.033312448851596,0.8,1.5,3.0,0.0,0.0,,,0.0,0.0,0.0,22.833312448851597
Comparison of highly conductive natural and synthetic graphites for electrodes in perovskite solar cells,2021,10.1016/j.carbon.2021.01.022,https://openalex.org/W3118317710,84,True,https://www.sciencedirect.com/science/article/am/pii/S0008622321000300?via%3Dihub,https://doi.org/10.1016/j.carbon.2021.01.022,Carbon,10.1016j.carbon.2021.01.022,comparison of highly conductive natural and synthetic graphites for electrodes in perovskite solar cells,22.21325628245158,0.6,0.0,0.0,0.0,0.0,,,0.0,0.0,0.0,22.813256282451583
Efficient monolithic perovskite–Si tandem solar cells enabled by an ultra-thin indium tin oxide interlayer,2023,10.1039/d2ee04007g,https://openalex.org/W4318185153,80,True,https://pubs.rsc.org/en/content/articlepdf/2023/ee/d2ee04007g,https://doi.org/10.1039/d2ee04007g,Energy & Environmental Science,10.1039d2ee04007g,efficient monolithic perovskite si tandem solar cells enabled by an ultra thin indium tin oxide interlayer,21.972245773362197,0.8,0.0,0.0,0.0,0.0,,,0.0,0.0,0.0,22.772245773362197
Field‐Effect Transistors Based on Formamidinium Tin Triiodide Perovskite,2021,10.1002/adfm.202008478,https://openalex.org/W3123740976,83,True,https://onlinelibrary.wiley.com/doi/pdfdirect/10.1002/adfm.202008478,https://doi.org/10.1002/adfm.202008478,Advanced Functional Materials,10.1002adfm.202008478,field effect transistors based on formamidinium tin triiodide perovskite,22.154083994216567,0.6,0.0,0.0,0.0,0.0,,,0.0,0.0,0.0,22.75408399421657
"Perovskite materials in X-ray detection and imaging: recent progress, challenges, and future prospects",2024,10.1039/d4ra00433g,https://openalex.org/W4392045348,78,True,,https://doi.org/10.1039/d4ra00433g,RSC Advances,10.1039d4ra00433g,perovskite materials in x ray detection and imaging recent progress challenges and future prospects,21.84723926233511,0.9,0.0,0.0,0.0,0.0,,,0.0,0.0,0.0,22.747239262335107
Advances in Organic and Perovskite Photovoltaics Enabling a Greener Internet of Things,2022,10.1002/adfm.202200694,https://openalex.org/W4224282924,81,True,https://onlinelibrary.wiley.com/doi/pdfdirect/10.1002/adfm.202200694,https://doi.org/10.1002/adfm.202200694,Advanced Functional Materials,10.1002adfm.202200694,advances in organic and perovskite photovoltaics enabling a greener internet of things,22.033596236321266,0.7,0.0,0.0,0.0,0.0,,,0.0,0.0,0.0,22.733596236321265
Triiodide Attacks the Organic Cation in Hybrid Lead Halide Perovskites: Mechanism and Suppression,2023,10.1002/adma.202303373,https://openalex.org/W4382049957,79,True,https://onlinelibrary.wiley.com/doi/pdfdirect/10.1002/adma.202303373,https://doi.org/10.1002/adma.202303373,Advanced Materials,10.1002adma.202303373,triiodide attacks the organic cation in hybrid lead halide perovskites mechanism and suppression,21.910133173369406,0.8,0.0,0.0,0.0,0.0,,,0.0,0.0,0.0,22.710133173369407
The roll-to-roll revolution to tackle the industrial leap for perovskite solar cells,2024,10.1038/s41467-024-48518-4,https://openalex.org/W4396832035,77,True,,https://doi.org/10.1038/s41467-024-48518-4,Nature Communications,10.1038s41467-024-48518-4,the roll to roll revolution to tackle the industrial leap for perovskite solar cells,21.783544133447958,0.9,0.0,0.0,0.0,0.0,,,0.0,0.0,0.0,22.683544133447956
Perovskite grain wrapping by converting interfaces and grain boundaries into robust and water-insoluble low-dimensional perovskites,2022,10.1126/sciadv.abq4524,https://openalex.org/W4310709718,80,True,https://www.science.org/doi/pdf/10.1126/sciadv.abq4524?download=true,https://doi.org/10.1126/sciadv.abq4524,Science Advances,10.1126sciadv.abq4524,perovskite grain wrapping by converting interfaces and grain boundaries into robust and water insoluble low dimensional perovskites,21.972245773362197,0.7,0.0,0.0,0.0,0.0,,,0.0,0.0,0.0,22.672245773362196
Perfection of Perovskite Grain Boundary Passivation by Eu‐Porphyrin Complex for Overall‐Stable Perovskite Solar Cells,2019,10.1002/advs.201802040,https://openalex.org/W2914117702,85,True,https://onlinelibrary.wiley.com/doi/pdfdirect/10.1002/advs.201802040,https://doi.org/10.1002/advs.201802040,Advanced Science,10.1002advs.201802040,perfection of perovskite grain boundary passivation by eu porphyrin complex for overall stable perovskite solar cells,22.27173648126754,0.4,0.0,0.0,0.0,0.0,,,0.0,0.0,0.0,22.671736481267537
Major strategies for improving the performance of perovskite solar cells,2023,10.23919/ien.2023.0026,https://openalex.org/W4388214847,78,True,https://ieeexplore.ieee.org/ielx7/9732629/10304822/10304824.pdf,https://doi.org/10.23919/ien.2023.0026,iEnergy,10.23919ien.2023.0026,major strategies for improving the performance of perovskite solar cells,21.84723926233511,0.8,0.0,0.0,0.0,0.0,,,0.0,0.0,0.0,22.64723926233511
Recent progress of scalable perovskite solar cells and modules,2022,10.1016/j.enrev.2022.100010,https://openalex.org/W4308629165,53,True,https://www.sciencedirect.com/science/article/pii/S2772970222000104/pdf,https://doi.org/10.1016/j.enrev.2022.100010,Energy Reviews,10.1016j.enrev.2022.100010,recent progress of scalable perovskite solar cells and modules,19.944920232821374,0.7,1.0,2.0,0.0,0.0,,,0.0,0.0,0.0,22.644920232821374
"Synthesis, Applications, and Prospects of Quantum‐Dot‐in‐Perovskite Solids",2021,10.1002/aenm.202100774,https://openalex.org/W3160082508,81,True,https://utoronto.scholaris.ca/bitstreams/e0a2181e-3941-48e7-a7e5-804a3478baae/download,http://hdl.handle.net/1807/106855,Advanced Energy Materials,10.1002aenm.202100774,synthesis applications and prospects of quantum dot in perovskite solids,22.033596236321266,0.6,0.0,0.0,0.0,0.0,,,0.0,0.0,0.0,22.633596236321267
Low‐dimensional perovskite materials and their optoelectronics,2021,10.1002/inf2.12211,https://openalex.org/W3175464458,81,True,https://onlinelibrary.wiley.com/doi/pdfdirect/10.1002/inf2.12211,https://doi.org/10.1002/inf2.12211,InfoMat,10.1002inf2.12211,low dimensional perovskite materials and their optoelectronics,22.033596236321266,0.6,0.0,0.0,0.0,0.0,,,0.0,0.0,0.0,22.633596236321267
Solvent engineering for perovskite solar cells: a review,2020,10.1049/mnl.2019.0735,https://openalex.org/W2999998775,82,True,https://ietresearch.onlinelibrary.wiley.com/doi/pdfdirect/10.1049/mnl.2019.0735,https://doi.org/10.1049/mnl.2019.0735,Micro & Nano Letters,10.1049mnl.2019.0735,solvent engineering for perovskite solar cells a review,22.09420303898299,0.5,0.0,0.0,0.0,0.0,,,0.0,0.0,0.0,22.59420303898299
In situ simultaneous photovoltaic and structural evolution of perovskite solar cells during film formation,2017,10.1039/c7ee03013d,https://openalex.org/W2780551904,87,True,https://pubs.rsc.org/en/content/articlepdf/2018/ee/c7ee03013d,https://doi.org/10.1039/c7ee03013d,Energy & Environmental Science,10.1039c7ee03013d,in situ simultaneous photovoltaic and structural evolution of perovskite solar cells during film formation,22.386684072391034,0.2,0.0,0.0,0.0,0.0,,,0.0,0.0,0.0,22.586684072391034
Directional Amplified Photoluminescence through Large-Area Perovskite-Based Metasurfaces,2023,10.1021/acsnano.2c09482,https://openalex.org/W4317567704,51,True,https://pubs.acs.org/doi/pdf/10.1021/acsnano.2c09482,https://doi.org/10.1021/acsnano.2c09482,ACS Nano,10.1021acsnano.2c09482,directional amplified photoluminescence through large area perovskite based metasurfaces,19.75621859290714,0.8,1.0,2.0,0.0,0.0,,,0.0,0.0,0.0,22.55621859290714
Growing perovskite into polymers for easy-processable optoelectronic devices,2015,10.1038/srep07725,https://openalex.org/W2021464782,90,True,https://www.nature.com/articles/srep07725.pdf,https://doi.org/10.1038/srep07725,Scientific Reports,10.1038srep07725,growing perovskite into polymers for easy processable optoelectronic devices,22.55429753258425,0.0,0.0,0.0,0.0,0.0,,,0.0,0.0,0.0,22.55429753258425
"Metal Halide Perovskite@Metal‐Organic Framework Hybrids: Synthesis, Design, Properties, and Applications",2020,10.1002/smll.202004891,https://openalex.org/W3095630064,81,True,https://onlinelibrary.wiley.com/doi/pdfdirect/10.1002/smll.202004891,https://doi.org/10.1002/smll.202004891,Small,10.1002smll.202004891,metal halide perovskite metal organic framework hybrids synthesis design properties and applications,22.033596236321266,0.5,0.0,0.0,0.0,0.0,,,0.0,0.0,0.0,22.533596236321266
P‐Type PbS Quantum Dot Solar Ink via Hydrogen‐Bonding Modulated Solvation for High‐Efficiency Photovoltaics,2024,10.1002/adfm.202315365,https://openalex.org/W4390744960,33,True,https://onlinelibrary.wiley.com/doi/pdfdirect/10.1002/adfm.202315365,https://doi.org/10.1002/adfm.202315365,Advanced Functional Materials,10.1002adfm.202315365,p type pbs quantum dot solar ink via hydrogen bonding modulated solvation for high efficiency photovoltaics,17.63180262308081,0.9,2.0,4.0,0.0,0.0,,,0.0,0.0,0.0,22.531802623080807
Green Perovskite Distributed Feedback Lasers,2017,10.1038/s41598-017-11569-3,https://openalex.org/W2754344272,85,True,https://www.nature.com/articles/s41598-017-11569-3.pdf,https://doi.org/10.1038/s41598-017-11569-3,Scientific Reports,10.1038s41598-017-11569-3,green perovskite distributed feedback lasers,22.27173648126754,0.2,0.0,0.0,0.0,0.0,,,0.0,0.0,0.0,22.471736481267538
Retarding solid-state reactions enable efficient and stable all-inorganic perovskite solar cells and modules,2023,10.1126/sciadv.adg0087,https://openalex.org/W4378472947,75,True,https://www.science.org/doi/pdf/10.1126/sciadv.adg0087?download=true,https://doi.org/10.1126/sciadv.adg0087,Science Advances,10.1126sciadv.adg0087,retarding solid state reactions enable efficient and stable all inorganic perovskite solar cells and modules,21.653666701431654,0.8,0.0,0.0,0.0,0.0,,,0.0,0.0,0.0,22.453666701431654
Semitransparent Perovskite Solar Cells for Building Integration and Tandem Photovoltaics: Design Strategies and Challenges,2021,10.1002/solr.202100702,https://openalex.org/W3209169590,78,True,https://onlinelibrary.wiley.com/doi/pdfdirect/10.1002/solr.202100702,https://doi.org/10.1002/solr.202100702,Solar RRL,10.1002solr.202100702,semitransparent perovskite solar cells for building integration and tandem photovoltaics design strategies and challenges,21.84723926233511,0.6,0.0,0.0,0.0,0.0,,,0.0,0.0,0.0,22.44723926233511
Additives in metal halide perovskite films and their applications in solar cells,2019,10.1016/j.jechem.2019.11.008,https://openalex.org/W2990571533,81,True,https://ars.els-cdn.com/content/image/1-s2.0-S2095495619308988-fx1_lrg.jpg,https://doi.org/10.1016/j.jechem.2019.11.008,Journal of Energy Chemistry,10.1016j.jechem.2019.11.008,additives in metal halide perovskite films and their applications in solar cells,22.033596236321266,0.4,0.0,0.0,0.0,0.0,,,0.0,0.0,0.0,22.433596236321264
Advances in Mixed Tin‐Lead Narrow‐Bandgap Perovskites for Single‐Junction and All‐Perovskite Tandem Solar Cells,2024,10.1002/adma.202314341,https://openalex.org/W4398332093,73,True,https://onlinelibrary.wiley.com/doi/pdfdirect/10.1002/adma.202314341,https://doi.org/10.1002/adma.202314341,Advanced Materials,10.1002adma.202314341,advances in mixed tin lead narrow bandgap perovskites for single junction and all perovskite tandem solar cells,21.52032546602085,0.9,0.0,0.0,0.0,0.0,,,0.0,0.0,0.0,22.42032546602085
Pure Tin Halide Perovskite Solar Cells: Focusing on Preparation and Strategies,2022,10.1002/aenm.202202209,https://openalex.org/W4311828903,76,True,https://onlinelibrary.wiley.com/doi/pdfdirect/10.1002/aenm.202202209,https://doi.org/10.1002/aenm.202202209,Advanced Energy Materials,10.1002aenm.202202209,pure tin halide perovskite solar cells focusing on preparation and strategies,21.71902710926842,0.7,0.0,0.0,0.0,0.0,,,0.0,0.0,0.0,22.41902710926842
"Optical Memory, Switching, and Neuromorphic Functionality in Metal Halide Perovskite Materials and Devices",2022,10.1002/adma.202205459,https://openalex.org/W4296323535,76,True,https://arxiv.org/pdf/2303.02220,http://arxiv.org/abs/2303.02220,Advanced Materials,10.1002adma.202205459,optical memory switching and neuromorphic functionality in metal halide perovskite materials and devices,21.71902710926842,0.7,0.0,0.0,0.0,0.0,,,0.0,0.0,0.0,22.41902710926842
Organic-inorganic hybrid nature enables efficient and stable CsPbI3-based perovskite solar cells,2023,10.1016/j.joule.2023.10.019,https://openalex.org/W4388947758,74,True,http://www.cell.com/article/S2542435123004488/pdf,https://doi.org/10.1016/j.joule.2023.10.019,Joule,10.1016j.joule.2023.10.019,organic inorganic hybrid nature enables efficient and stable cspbi3 based perovskite solar cells,21.58744056768155,0.8,0.0,0.0,0.0,0.0,,,0.0,0.0,0.0,22.38744056768155
Factors affecting the stability of perovskite solar cells: a comprehensive review,2019,10.1117/1.jpe.9.021001,https://openalex.org/W2966503057,80,True,https://www.spiedigitallibrary.org/journals/Journal-of-Photonics-for-Energy/volume-9/issue-2/021001/Factors-affecting-the-stability-of-perovskite-solar-cells--a/10.1117/1.JPE.9.021001.pdf,https://doi.org/10.1117/1.jpe.9.021001,Journal of Photonics for Energy,10.11171.jpe.9.021001,factors affecting the stability of perovskite solar cells a comprehensive review,21.972245773362197,0.4,0.0,0.0,0.0,0.0,,,0.0,0.0,0.0,22.372245773362195
Deciphering photocarrier dynamics for tuneable high-performance perovskite-organic semiconductor heterojunction phototransistors,2019,10.1038/s41467-019-12481-2,https://openalex.org/W2977899232,80,True,https://www.nature.com/articles/s41467-019-12481-2.pdf,https://doi.org/10.1038/s41467-019-12481-2,Nature Communications,10.1038s41467-019-12481-2,deciphering photocarrier dynamics for tuneable high performance perovskite organic semiconductor heterojunction phototransistors,21.972245773362197,0.4,0.0,0.0,0.0,0.0,,,0.0,0.0,0.0,22.372245773362195
Insights from scalable fabrication to operational stability and industrial opportunities for perovskite solar cells and modules,2022,10.1016/j.xcrp.2022.100827,https://openalex.org/W4220855516,50,True,https://www.sciencedirect.com/science/article/pii/S2666386422000972/pdf,https://doi.org/10.1016/j.xcrp.2022.100827,Cell Reports Physical Science,10.1016j.xcrp.2022.100827,insights from scalable fabrication to operational stability and industrial opportunities for perovskite solar cells and modules,19.659128163621627,0.7,1.0,2.0,0.0,0.0,,,0.0,0.0,0.0,22.359128163621627
"Metallization of solar cells, exciton channel of plasmon photovoltaic effect in perovskite cells",2020,10.1016/j.nanoen.2020.104751,https://openalex.org/W3028442125,78,True,https://www.sciencedirect.com/science/article/pii/S2211285520303086/pdf,https://doi.org/10.1016/j.nanoen.2020.104751,Nano Energy,10.1016j.nanoen.2020.104751,metallization of solar cells exciton channel of plasmon photovoltaic effect in perovskite cells,21.84723926233511,0.5,0.0,0.0,0.0,0.0,,,0.0,0.0,0.0,22.34723926233511
Non-dissipative internal optical filtering with solution-grown perovskite single crystals for full-colour imaging,2017,10.1038/am.2017.163,https://openalex.org/W2752352231,55,True,https://www.nature.com/articles/am2017163.pdf,https://doi.org/10.1038/am.2017.163,NPG Asia Materials,10.1038am.2017.163,non dissipative internal optical filtering with solution grown perovskite single crystals for full colour imaging,20.12675845367575,0.2,1.0,2.0,0.0,0.0,,,0.0,0.0,0.0,22.326758453675748
"Circular economy for perovskite solar cells – drivers, progress and challenges",2023,10.1039/d3ee00841j,https://openalex.org/W4385273140,73,True,https://pubs.rsc.org/en/content/articlepdf/2023/ee/d3ee00841j,https://doi.org/10.1039/d3ee00841j,Energy & Environmental Science,10.1039d3ee00841j,circular economy for perovskite solar cells drivers progress and challenges,21.52032546602085,0.8,0.0,0.0,0.0,0.0,,,0.0,0.0,0.0,22.32032546602085
Nanoparticle Wetting Agent for Gas Stream-Assisted Blade-Coated Inverted Perovskite Solar Cells and Modules,2020,10.1021/acsami.0c15428,https://openalex.org/W3103075782,42,True,https://zenodo.org/record/5254180,https://zenodo.org/record/5254180,ACS Applied Materials & Interfaces,10.1021acsami.0c15428,nanoparticle wetting agent for gas stream assisted blade coated inverted perovskite solar cells and modules,18.806000578467813,0.5,1.5,3.0,0.0,0.0,,,0.0,0.0,0.0,22.306000578467813
Spray-cast multilayer perovskite solar cells with an active-area of 1.5 cm2,2017,10.1038/s41598-017-08642-2,https://openalex.org/W2743377325,82,True,https://www.nature.com/articles/s41598-017-08642-2.pdf,https://doi.org/10.1038/s41598-017-08642-2,Scientific Reports,10.1038s41598-017-08642-2,spray cast multilayer perovskite solar cells with an active area of 1 5 cm2,22.09420303898299,0.2,0.0,0.0,0.0,0.0,,,0.0,0.0,0.0,22.29420303898299
Fluoroalkyl-substituted fullerene/perovskite heterojunction for efficient and ambient stable perovskite solar cells,2016,10.1016/j.nanoen.2016.10.036,https://openalex.org/W2534827509,83,True,https://www.osti.gov/servlets/purl/1343588,https://www.osti.gov/biblio/1343588,Nano Energy,10.1016j.nanoen.2016.10.036,fluoroalkyl substituted fullerene perovskite heterojunction for efficient and ambient stable perovskite solar cells,22.154083994216567,0.1,0.0,0.0,0.0,0.0,,,0.0,0.0,0.0,22.25408399421657
Prospects of Z-Scheme Photocatalytic Systems Based on Metal Halide Perovskites,2021,10.1021/acsnano.0c10387,https://openalex.org/W3156484712,75,True,https://researchmgt.monash.edu/ws/files/343090606/342468106_oa.pdf,https://research.monash.edu/en/publications/56ec7fba-edb8-4d64-ade1-5fc9edd0a333,ACS Nano,10.1021acsnano.0c10387,prospects of z scheme photocatalytic systems based on metal halide perovskites,21.653666701431654,0.6,0.0,0.0,0.0,0.0,,,0.0,0.0,0.0,22.253666701431655
Halide Perovskite glues activate two-dimensional covalent organic framework crystallites for selective NO2 sensing,2023,10.1038/s41467-023-37296-0,https://openalex.org/W4366091712,72,True,https://www.nature.com/articles/s41467-023-37296-0.pdf,https://doi.org/10.1038/s41467-023-37296-0,Nature Communications,10.1038s41467-023-37296-0,halide perovskite glues activate two dimensional covalent organic framework crystallites for selective no2 sensing,21.452297205741957,0.8,0.0,0.0,0.0,0.0,,,0.0,0.0,0.0,22.252297205741957
Differential perovskite hemispherical photodetector for intelligent imaging and location tracking,2024,10.1038/s41467-024-44857-4,https://openalex.org/W4390941754,70,True,https://www.nature.com/articles/s41467-024-44857-4.pdf,https://doi.org/10.1038/s41467-024-44857-4,Nature Communications,10.1038s41467-024-44857-4,differential perovskite hemispherical photodetector for intelligent imaging and location tracking,21.313399385206576,0.9,0.0,0.0,0.0,0.0,,,0.0,0.0,0.0,22.213399385206575
The roles of graphene and its derivatives in perovskite solar cells: A review,2021,10.1016/j.matdes.2021.110170,https://openalex.org/W3206289647,74,True,https://www.sciencedirect.com/science/article/pii/S0264127521007255/pdf,https://doi.org/10.1016/j.matdes.2021.110170,Materials & Design,10.1016j.matdes.2021.110170,the roles of graphene and its derivatives in perovskite solar cells a review,21.58744056768155,0.6,0.0,0.0,0.0,0.0,,,0.0,0.0,0.0,22.187440567681552
Smelting recrystallization of CsPbBrI2 perovskites for indoor and outdoor photovoltaics,2021,10.1016/j.esci.2021.09.001,https://openalex.org/W3201152890,74,True,https://www.sciencedirect.com/science/article/pii/S2667141721000033/pdf,https://doi.org/10.1016/j.esci.2021.09.001,eScience,10.1016j.esci.2021.09.001,smelting recrystallization of cspbbri2 perovskites for indoor and outdoor photovoltaics,21.58744056768155,0.6,0.0,0.0,0.0,0.0,,,0.0,0.0,0.0,22.187440567681552
Plasmon-induced trap filling at grain boundaries in perovskite solar cells,2021,10.1038/s41377-021-00662-y,https://openalex.org/W3209944896,74,True,https://www.nature.com/articles/s41377-021-00662-y.pdf,https://doi.org/10.1038/s41377-021-00662-y,Light Science & Applications,10.1038s41377-021-00662-y,plasmon induced trap filling at grain boundaries in perovskite solar cells,21.58744056768155,0.6,0.0,0.0,0.0,0.0,,,0.0,0.0,0.0,22.187440567681552
Solution-processed metal-oxide based hole transport layers for organic and perovskite solar cell: A review,2022,10.1016/j.mtcomm.2022.103664,https://openalex.org/W4280548590,48,True,https://www.sciencedirect.com/science/article/pii/S235249282200527X/pdf,https://doi.org/10.1016/j.mtcomm.2022.103664,Materials Today Communications,10.1016j.mtcomm.2022.103664,solution processed metal oxide based hole transport layers for organic and perovskite solar cell a review,19.45910149055313,0.7,1.0,2.0,0.0,0.0,,,0.0,0.0,0.0,22.15910149055313
Hybrid Perovskite‐Based Flexible and Stable Memristor by Complete Solution Process for Neuromorphic Computing,2023,10.1002/aelm.202200908,https://openalex.org/W4320495364,47,True,https://onlinelibrary.wiley.com/doi/pdfdirect/10.1002/aelm.202200908,https://doi.org/10.1002/aelm.202200908,Advanced Electronic Materials,10.1002aelm.202200908,hybrid perovskite based flexible and stable memristor by complete solution process for neuromorphic computing,19.356005054539455,0.8,1.0,2.0,0.0,0.0,,,0.0,0.0,0.0,22.156005054539456
Rudorffites and Beyond: Perovskite‐Inspired Silver/Copper Pnictohalides for Next‐Generation Environmentally Friendly Photovoltaics and Optoelectronics,2022,10.1002/adfm.202203300,https://openalex.org/W4286213266,72,True,https://onlinelibrary.wiley.com/doi/pdfdirect/10.1002/adfm.202203300,https://doi.org/10.1002/adfm.202203300,Advanced Functional Materials,10.1002adfm.202203300,rudorffites and beyond perovskite inspired silver copper pnictohalides for next generation environmentally friendly photovoltaics and optoelectronics,21.452297205741957,0.7,0.0,0.0,0.0,0.0,,,0.0,0.0,0.0,22.152297205741956
Elucidating the dynamics of solvent engineering for perovskite solar cells,2018,10.1007/s40843-018-9336-1,https://openalex.org/W2891921523,78,True,https://link.springer.com/content/pdf/10.1007%2Fs40843-018-9336-1.pdf,https://doi.org/10.1007/s40843-018-9336-1,Science China Materials,10.1007s40843-018-9336-1,elucidating the dynamics of solvent engineering for perovskite solar cells,21.84723926233511,0.3,0.0,0.0,0.0,0.0,,,0.0,0.0,0.0,22.14723926233511
Multifunctional MOF@COF Nanoparticles Mediated Perovskite Films Management Toward Sustainable Perovskite Solar Cells,2024,10.1007/s40820-024-01390-9,https://openalex.org/W4394726160,69,True,https://link.springer.com/content/pdf/10.1007/s40820-024-01390-9.pdf,https://doi.org/10.1007/s40820-024-01390-9,Nano-Micro Letters,10.1007s40820-024-01390-9,multifunctional mof cof nanoparticles mediated perovskite films management toward sustainable perovskite solar cells,21.242476210246796,0.9,0.0,0.0,0.0,0.0,,,0.0,0.0,0.0,22.142476210246794
Thienylvinylenethienyl and Naphthalene Core Substituted with Triphenylamines—Highly Efficient Hole Transporting Materials and Their Comparative Study for Inverted Perovskite Solar Cells,2017,10.1002/solr.201700105,https://openalex.org/W2739391343,78,True,https://eprints.qut.edu.au/111062/8/111062.pdf,http://purl.org/au-research/grants/arc/FT130101337,Solar RRL,10.1002solr.201700105,thienylvinylenethienyl and naphthalene core substituted with triphenylamines highly efficient hole transporting materials and their comparative study for inverted perovskite solar cells,21.84723926233511,0.2,0.0,0.0,0.0,0.0,,,0.0,0.0,0.0,22.047239262335108
Learning from existing photovoltaic technologies to identify alternative perovskite module designs,2020,10.1039/d0ee01923b,https://openalex.org/W3057340344,73,True,https://www.osti.gov/servlets/purl/1834020,https://www.osti.gov/biblio/1834020,Energy & Environmental Science,10.1039d0ee01923b,learning from existing photovoltaic technologies to identify alternative perovskite module designs,21.52032546602085,0.5,0.0,0.0,0.0,0.0,,,0.0,0.0,0.0,22.02032546602085
Phase stabilization of cesium lead iodide perovskites for use in efficient optoelectronic devices,2024,10.1038/s41427-024-00540-0,https://openalex.org/W4396621756,67,True,,https://doi.org/10.1038/s41427-024-00540-0,NPG Asia Materials,10.1038s41427-024-00540-0,phase stabilization of cesium lead iodide perovskites for use in efficient optoelectronic devices,21.097538525880534,0.9,0.0,0.0,0.0,0.0,,,0.0,0.0,0.0,21.997538525880532
Materials and methods for cost-effective fabrication of perovskite photovoltaic devices,2024,10.1038/s43246-024-00636-8,https://openalex.org/W4402596254,67,True,https://www.nature.com/articles/s43246-024-00636-8.pdf,https://doi.org/10.1038/s43246-024-00636-8,Communications Materials,10.1038s43246-024-00636-8,materials and methods for cost effective fabrication of perovskite photovoltaic devices,21.097538525880534,0.9,0.0,0.0,0.0,0.0,,,0.0,0.0,0.0,21.997538525880532
Applications of carbon nanomaterials in perovskite solar cells for solar energy conversion,2021,10.1016/j.nanoms.2021.03.005,https://openalex.org/W3158204303,71,True,https://www.sciencedirect.com/science/article/pii/S2589965121000167/pdf,https://doi.org/10.1016/j.nanoms.2021.03.005,Nano Materials Science,10.1016j.nanoms.2021.03.005,applications of carbon nanomaterials in perovskite solar cells for solar energy conversion,21.383330595080277,0.6,0.0,0.0,0.0,0.0,,,0.0,0.0,0.0,21.98333059508028
2D materials for organic and perovskite photovoltaics,2021,10.1016/j.nanoen.2021.106833,https://openalex.org/W4200597315,71,True,https://www.sciencedirect.com/science/article/pii/S221128552101082X,https://doi.org/10.1016/j.nanoen.2021.106833,Nano Energy,10.1016j.nanoen.2021.106833,2d materials for organic and perovskite photovoltaics,21.383330595080277,0.6,0.0,0.0,0.0,0.0,,,0.0,0.0,0.0,21.98333059508028
Millimeter‐Sized Clusters of Triple Cation Perovskite Enables Highly Efficient and Reproducible Roll‐to‐Roll Fabricated Inverted Perovskite Solar Cells,2021,10.1002/adfm.202110700,https://openalex.org/W4200072461,71,True,https://researchmgt.monash.edu/ws/files/634067666/365876752-oa.pdf,https://research.monash.edu/en/publications/e8bd8b18-80b1-4d39-9a8e-10fc3cce1043,Advanced Functional Materials,10.1002adfm.202110700,millimeter sized clusters of triple cation perovskite enables highly efficient and reproducible roll to roll fabricated inverted perovskite solar cells,21.383330595080277,0.6,0.0,0.0,0.0,0.0,,,0.0,0.0,0.0,21.98333059508028
Ionic Liquid Engineering in Perovskite Photovoltaics,2022,10.1002/eem2.12435,https://openalex.org/W4280613065,69,True,https://onlinelibrary.wiley.com/doi/pdfdirect/10.1002/eem2.12435,https://doi.org/10.1002/eem2.12435,Energy & environment materials,10.1002eem2.12435,ionic liquid engineering in perovskite photovoltaics,21.242476210246796,0.7,0.0,0.0,0.0,0.0,,,0.0,0.0,0.0,21.942476210246795
Guanine‐Stabilized Formamidinium Lead Iodide Perovskites,2019,10.1002/anie.201912051,https://openalex.org/W2995386109,73,True,https://infoscience.epfl.ch/bitstreams/0609f585-a78e-4b3f-83d7-5e5139f99fcb/download,http://infoscience.epfl.ch/record/275565,Angewandte Chemie International Edition,10.1002anie.201912051,guanine stabilized formamidinium lead iodide perovskites,21.52032546602085,0.4,0.0,0.0,0.0,0.0,,,0.0,0.0,0.0,21.92032546602085
"Issues, Challenges, and Future Perspectives of Perovskites for Energy Conversion Applications",2023,10.3390/en16186498,https://openalex.org/W4386601867,67,True,https://www.mdpi.com/1996-1073/16/18/6498/pdf?version=1694405052,https://doi.org/10.3390/en16186498,Energies,10.3390en16186498,issues challenges and future perspectives of perovskites for energy conversion applications,21.097538525880534,0.8,0.0,0.0,0.0,0.0,,,0.0,0.0,0.0,21.897538525880535
Large Grained Perovskite Solar Cells Derived from Single-Crystal Perovskite Powders with Enhanced Ambient Stability,2016,10.1021/acsami.6b02169,https://openalex.org/W2404714654,77,True,https://www.osti.gov/servlets/purl/1343599,https://www.osti.gov/biblio/1343599,ACS Applied Materials & Interfaces,10.1021acsami.6b02169,large grained perovskite solar cells derived from single crystal perovskite powders with enhanced ambient stability,21.783544133447958,0.1,0.0,0.0,0.0,0.0,,,0.0,0.0,0.0,21.88354413344796
Intrinsic and environmental stability issues of perovskite photovoltaics,2020,10.1088/2516-1083/ab70d9,https://openalex.org/W3003321562,71,True,https://iopscience.iop.org/article/10.1088/2516-1083/ab70d9/pdf,https://doi.org/10.1088/2516-1083/ab70d9,Progress in Energy,10.10882516-1083ab70d9,intrinsic and environmental stability issues of perovskite photovoltaics,21.383330595080277,0.5,0.0,0.0,0.0,0.0,,,0.0,0.0,0.0,21.883330595080277
Stability issues pertaining large area perovskite and dye-sensitized solar cells and modules,2016,10.1088/1361-6463/50/3/033001,https://openalex.org/W2560039876,51,True,https://iopscience.iop.org/article/10.1088/1361-6463/50/3/033001/pdf,https://doi.org/10.1088/1361-6463/50/3/033001,Journal of Physics D Applied Physics,10.10881361-6463503033001,stability issues pertaining large area perovskite and dye sensitized solar cells and modules,19.75621859290714,0.1,1.0,2.0,0.0,0.0,,,0.0,0.0,0.0,21.85621859290714
"Aerosol‐Jet‐Assisted Thin‐Film Growth of CH3NH3PbI3 Perovskites—A Means to Achieve High Quality, Defect‐Free Films for Efficient Solar Cells",2017,10.1002/aenm.201701151,https://openalex.org/W2734865671,75,True,https://onlinelibrary.wiley.com/doi/pdfdirect/10.1002/aenm.201701151,https://doi.org/10.1002/aenm.201701151,Advanced Energy Materials,10.1002aenm.201701151,aerosol jet assisted thin film growth of ch3nh3pbi3 perovskites a means to achieve high quality defect free films for efficient solar cells,21.653666701431654,0.2,0.0,0.0,0.0,0.0,,,0.0,0.0,0.0,21.853666701431653
A multifunctional display based on photo-responsive perovskite light-emitting diodes,2024,10.1038/s41928-024-01151-x,https://openalex.org/W4394691354,65,True,https://www.nature.com/articles/s41928-024-01151-x.pdf,https://doi.org/10.1038/s41928-024-01151-x,Nature Electronics,10.1038s41928-024-01151-x,a multifunctional display based on photo responsive perovskite light emitting diodes,20.948273710132128,0.9,0.0,0.0,0.0,0.0,,,0.0,0.0,0.0,21.848273710132126
A Lab-to-Fab Study toward Roll-to-Roll Fabrication of Reproducible Perovskite Solar Cells under Ambient Room Conditions,2021,10.1016/j.xcrp.2020.100293,https://openalex.org/W3119351029,69,True,https://www.sciencedirect.com/science/article/am/pii/S2666386420303192?via%3Dihub,https://doi.org/10.1016/j.xcrp.2020.100293,Cell Reports Physical Science,10.1016j.xcrp.2020.100293,a lab to fab study toward roll to roll fabrication of reproducible perovskite solar cells under ambient room conditions,21.242476210246796,0.6,0.0,0.0,0.0,0.0,,,0.0,0.0,0.0,21.842476210246797
"Large-Area, Flexible, Lead-Free Sn-Perovskite Solar Modules",2023,10.1021/acsenergylett.3c02066,https://openalex.org/W4388202381,44,True,https://pubs.acs.org/doi/pdf/10.1021/acsenergylett.3c02066,https://doi.org/10.1021/acsenergylett.3c02066,ACS Energy Letters,10.1021acsenergylett.3c02066,large area flexible lead free sn perovskite solar modules,19.033312448851596,0.8,1.0,2.0,0.0,0.0,,,0.0,0.0,0.0,21.833312448851597
Applications of vacuum vapor deposition for perovskite solar cells: A progress review,2022,10.23919/ien.2022.0053,https://openalex.org/W4313598897,67,True,https://ieeexplore.ieee.org/ielx7/9732629/10007897/10007877.pdf,https://doi.org/10.23919/ien.2022.0053,iEnergy,10.23919ien.2022.0053,applications of vacuum vapor deposition for perovskite solar cells a progress review,21.097538525880534,0.7,0.0,0.0,0.0,0.0,,,0.0,0.0,0.0,21.797538525880533
Inorganic–organic halide perovskites for new photovoltaic technology,2017,10.1093/nsr/nwx100,https://openalex.org/W2752680651,74,True,https://academic.oup.com/nsr/article-pdf/5/4/559/31567778/nwx100.pdf,https://doi.org/10.1093/nsr/nwx100,National Science Review,10.1093nsrnwx100,inorganic organic halide perovskites for new photovoltaic technology,21.58744056768155,0.2,0.0,0.0,0.0,0.0,,,0.0,0.0,0.0,21.78744056768155
Solvent–antisolvent interactions in metal halide perovskites,2023,10.1039/d3cc02090h,https://openalex.org/W4385799310,65,True,https://pubs.rsc.org/en/content/articlepdf/2023/cc/d3cc02090h,https://doi.org/10.1039/d3cc02090h,Chemical Communications,10.1039d3cc02090h,solvent antisolvent interactions in metal halide perovskites,20.948273710132128,0.8,0.0,0.0,0.0,0.0,,,0.0,0.0,0.0,21.74827371013213
"One step facile synthesis of a novel anthanthrone dye-based, dopant-free hole transporting material for efficient and stable perovskite solar cells",2017,10.1039/c7tc05238c,https://openalex.org/W2780199737,73,True,https://pubs.rsc.org/en/content/articlepdf/2018/tc/c7tc05238c,https://doi.org/10.1039/c7tc05238c,Journal of Materials Chemistry C,10.1039c7tc05238c,one step facile synthesis of a novel anthanthrone dye based dopant free hole transporting material for efficient and stable perovskite solar cells,21.52032546602085,0.2,0.0,0.0,0.0,0.0,,,0.0,0.0,0.0,21.72032546602085
Flexible Polymer-Assisted Mesoscale Self-Assembly of Colloidal CsPbBr3 Perovskite Nanocrystals into Higher Order Superstructures with Strong Inter-Nanocrystal Electronic Coupling,2019,10.1021/jacs.8b10083,https://openalex.org/W2908051148,70,True,https://scholarworks.indianapolis.iu.edu/bitstreams/2b27c826-518b-402d-b120-d57a6822eb5b/download,https://hdl.handle.net/1805/18269,Journal of the American Chemical Society,10.1021jacs.8b10083,flexible polymer assisted mesoscale self assembly of colloidal cspbbr3 perovskite nanocrystals into higher order superstructures with strong inter nanocrystal electronic coupling,21.313399385206576,0.4,0.0,0.0,0.0,0.0,,,0.0,0.0,0.0,21.713399385206575
"Opportunities, Challenges, and Strategies for Scalable Deposition of Metal Halide Perovskite Solar Cells and Modules",2024,10.1002/aesr.202300275,https://openalex.org/W4393182226,42,True,https://onlinelibrary.wiley.com/doi/pdfdirect/10.1002/aesr.202300275,https://doi.org/10.1002/aesr.202300275,Advanced Energy and Sustainability Research,10.1002aesr.202300275,opportunities challenges and strategies for scalable deposition of metal halide perovskite solar cells and modules,18.806000578467813,0.9,1.0,2.0,0.0,0.0,,,0.0,0.0,0.0,21.706000578467812
Challenges in tin perovskite solar cells,2021,10.1039/d1cp02596a,https://openalex.org/W3194188750,67,True,https://pubs.rsc.org/en/content/articlepdf/2021/cp/d1cp02596a,https://doi.org/10.1039/d1cp02596a,Physical Chemistry Chemical Physics,10.1039d1cp02596a,challenges in tin perovskite solar cells,21.097538525880534,0.6,0.0,0.0,0.0,0.0,,,0.0,0.0,0.0,21.697538525880535
In Situ Fabricated Perovskite Quantum Dots: From Materials to Applications,2024,10.1002/adma.202412276,https://openalex.org/W4404474160,63,True,https://onlinelibrary.wiley.com/doi/pdfdirect/10.1002/adma.202412276,https://doi.org/10.1002/adma.202412276,Advanced Materials,10.1002adma.202412276,in situ fabricated perovskite quantum dots from materials to applications,20.79441541679836,0.9,0.0,0.0,0.0,0.0,,,0.0,0.0,0.0,21.694415416798357
Promise of commercialization: Carbon materials for low-cost perovskite solar cells,2018,10.1088/1674-1056/27/1/018805,https://openalex.org/W2774550213,71,True,https://iopscience.iop.org/article/10.1088/1674-1056/27/1/018805/pdf,https://doi.org/10.1088/1674-1056/27/1/018805,Chinese Physics B,10.10881674-1056271018805,promise of commercialization carbon materials for low cost perovskite solar cells,21.383330595080277,0.3,0.0,0.0,0.0,0.0,,,0.0,0.0,0.0,21.683330595080278
Ultrafast and Radiation-Hard Lead Halide Perovskite Nanocomposite Scintillators,2023,10.1021/acsenergylett.3c01396,https://openalex.org/W4386216162,64,True,https://pubs.acs.org/doi/pdf/10.1021/acsenergylett.3c01396,https://doi.org/10.1021/acsenergylett.3c01396,ACS Energy Letters,10.1021acsenergylett.3c01396,ultrafast and radiation hard lead halide perovskite nanocomposite scintillators,20.871936349478183,0.8,0.0,0.0,0.0,0.0,,,0.0,0.0,0.0,21.671936349478184
Structural and morphological alterations induced by cobalt substitution in LaMnO3 perovskites,2019,10.1016/j.jcis.2019.08.112,https://openalex.org/W2970953968,69,True,https://ars.els-cdn.com/content/image/1-s2.0-S0021979719310276-ga1_lrg.jpg,https://doi.org/10.1016/j.jcis.2019.08.112,Journal of Colloid and Interface Science,10.1016j.jcis.2019.08.112,structural and morphological alterations induced by cobalt substitution in lamno3 perovskites,21.242476210246796,0.4,0.0,0.0,0.0,0.0,,,0.0,0.0,0.0,21.642476210246794
Recent advancements and perspectives on light management and high performance in perovskite light‐emitting diodes,2021,10.1515/nanoph-2021-0033,https://openalex.org/W3148630199,66,True,https://www.degruyter.com/document/doi/10.1515/nanoph-2021-0033/pdf,https://doi.org/10.1515/nanoph-2021-0033,Nanophotonics,10.1515nanoph-2021-0033,recent advancements and perspectives on light management and high performance in perovskite light emitting diodes,21.023463096954828,0.6,0.0,0.0,0.0,0.0,,,0.0,0.0,0.0,21.62346309695483
High-Performance Photodetectors Based on Nanostructured Perovskites,2021,10.3390/nano11041038,https://openalex.org/W3153003761,66,True,https://www.mdpi.com/2079-4991/11/4/1038/pdf?version=1618821733,https://doi.org/10.3390/nano11041038,Nanomaterials,10.3390nano11041038,high performance photodetectors based on nanostructured perovskites,21.023463096954828,0.6,0.0,0.0,0.0,0.0,,,0.0,0.0,0.0,21.62346309695483
Vapor deposition of metal halide perovskite thin films: Process control strategies to shape layer properties,2021,10.1063/5.0060642,https://openalex.org/W3207872310,66,True,,https://doi.org/10.1063/5.0060642,APL Materials,10.10635.0060642,vapor deposition of metal halide perovskite thin films process control strategies to shape layer properties,21.023463096954828,0.6,0.0,0.0,0.0,0.0,,,0.0,0.0,0.0,21.62346309695483
Bandgap reduction and efficiency enhancement in Cs 2 AgBiBr 6 double perovskite solar cells through gallium substitution,2024,10.1039/d3ra08965g,https://openalex.org/W4391758486,62,True,https://pubs.rsc.org/en/content/articlepdf/2024/ra/d3ra08965g,https://doi.org/10.1039/d3ra08965g,RSC Advances,10.1039d3ra08965g,bandgap reduction and efficiency enhancement in cs 2 agbibr 6 double perovskite solar cells through gallium substitution,20.715673631957664,0.9,0.0,0.0,0.0,0.0,,,0.0,0.0,0.0,21.615673631957662
Roadmap on commercialization of metal halide perovskite photovoltaics,2023,10.1088/2515-7639/acc893,https://openalex.org/W4361195631,63,True,https://iopscience.iop.org/article/10.1088/2515-7639/acc893/pdf,https://doi.org/10.1088/2515-7639/acc893,Journal of Physics Materials,10.10882515-7639acc893,roadmap on commercialization of metal halide perovskite photovoltaics,20.79441541679836,0.8,0.0,0.0,0.0,0.0,,,0.0,0.0,0.0,21.59441541679836
Dopant engineering for ZnO electron transport layer towards efficient perovskite solar cells,2023,10.1039/d3ra04823c,https://openalex.org/W4388777798,63,True,https://pubs.rsc.org/en/content/articlepdf/2023/ra/d3ra04823c,https://doi.org/10.1039/d3ra04823c,RSC Advances,10.1039d3ra04823c,dopant engineering for zno electron transport layer towards efficient perovskite solar cells,20.79441541679836,0.8,0.0,0.0,0.0,0.0,,,0.0,0.0,0.0,21.59441541679836
A charge transfer framework that describes supramolecular interactions governing structure and properties of 2D perovskites,2022,10.1038/s41467-022-31567-y,https://openalex.org/W4284965783,64,True,https://www.nature.com/articles/s41467-022-31567-y.pdf,https://doi.org/10.1038/s41467-022-31567-y,Nature Communications,10.1038s41467-022-31567-y,a charge transfer framework that describes supramolecular interactions governing structure and properties of 2d perovskites,20.871936349478183,0.7,0.0,0.0,0.0,0.0,,,0.0,0.0,0.0,21.571936349478182
Improving the potential of ethyl acetate green anti-solvent to fabricate efficient and stable perovskite solar cells,2022,10.1039/d2ra05454j,https://openalex.org/W4310331134,64,True,https://pubs.rsc.org/en/content/articlepdf/2022/ra/d2ra05454j,https://doi.org/10.1039/d2ra05454j,RSC Advances,10.1039d2ra05454j,improving the potential of ethyl acetate green anti solvent to fabricate efficient and stable perovskite solar cells,20.871936349478183,0.7,0.0,0.0,0.0,0.0,,,0.0,0.0,0.0,21.571936349478182
Influence of the composition of hybrid perovskites on their performance in solar cells,2016,10.1039/c6ta00334f,https://openalex.org/W2252317997,72,True,https://pubs.rsc.org/en/content/articlepdf/2016/ta/c6ta00334f,https://doi.org/10.1039/c6ta00334f,Journal of Materials Chemistry A,10.1039c6ta00334f,influence of the composition of hybrid perovskites on their performance in solar cells,21.452297205741957,0.1,0.0,0.0,0.0,0.0,,,0.0,0.0,0.0,21.552297205741958
Low-temperature processed non-TiO 2 electron selective layers for perovskite solar cells,2018,10.1039/c7ta10742k,https://openalex.org/W2785534984,69,True,https://pubs.rsc.org/en/content/articlepdf/2018/ta/c7ta10742k,https://doi.org/10.1039/c7ta10742k,Journal of Materials Chemistry A,10.1039c7ta10742k,low temperature processed non tio 2 electron selective layers for perovskite solar cells,21.242476210246796,0.3,0.0,0.0,0.0,0.0,,,0.0,0.0,0.0,21.542476210246797
Encapsulating perovskite solar cells for long-term stability and prevention of lead toxicity,2024,10.1063/5.0197154,https://openalex.org/W4393391864,61,True,https://pubs.aip.org/aip/apr/article-pdf/doi/10.1063/5.0197154/19862763/021301_1_5.0197154.pdf,https://doi.org/10.1063/5.0197154,Applied Physics Reviews,10.10635.0197154,encapsulating perovskite solar cells for long term stability and prevention of lead toxicity,20.63567192522546,0.9,0.0,0.0,0.0,0.0,,,0.0,0.0,0.0,21.535671925225458
"Outstanding nonlinear optical properties of all-inorganic perovskite CsPbX3 (X=Cl, Br, I) precursor solutions and polycrystalline films",2023,10.1016/j.isci.2023.108514,https://openalex.org/W4388923636,18,True,,https://doi.org/10.1016/j.isci.2023.108514,iScience,10.1016j.isci.2023.108514,outstanding nonlinear optical properties of all inorganic perovskite cspbx3 x cl br i precursor solutions and polycrystalline films,14.722194895832201,0.8,3.0,6.0,0.0,0.0,,,0.0,0.0,0.0,21.5221948958322
Strategies for High-Performance Large-Area Perovskite Solar Cells toward Commercialization,2021,10.3390/cryst11030295,https://openalex.org/W3138752466,43,True,https://www.mdpi.com/2073-4352/11/3/295/pdf?version=1616053873,https://doi.org/10.3390/cryst11030295,Crystals,10.3390cryst11030295,strategies for high performance large area perovskite solar cells toward commercialization,18.920948169591306,0.6,1.0,2.0,0.0,0.0,,,0.0,0.0,0.0,21.520948169591307
Gap States in Methylammonium Lead Halides: The Link to Dimethylsulfoxide?,2020,10.1002/adma.202003482,https://openalex.org/W3083173233,29,True,,https://www.osti.gov/biblio/1804149,Advanced Materials,10.1002adma.202003482,gap states in methylammonium lead halides the link to dimethylsulfoxide,17.005986908310778,0.5,2.0,4.0,0.0,0.0,,,0.0,0.0,0.0,21.505986908310778
The impact of interfacial quality and nanoscale performance disorder on the stability of alloyed perovskite solar cells,2024,10.1038/s41560-024-01660-1,https://openalex.org/W4403889791,60,True,https://www.nature.com/articles/s41560-024-01660-1.pdf,https://doi.org/10.1038/s41560-024-01660-1,Nature Energy,10.1038s41560-024-01660-1,the impact of interfacial quality and nanoscale performance disorder on the stability of alloyed perovskite solar cells,20.554369320866556,0.9,0.0,0.0,0.0,0.0,,,0.0,0.0,0.0,21.454369320866554
Growth of metal halide perovskite materials,2020,10.1007/s40843-020-1300-2,https://openalex.org/W3033899690,65,True,https://link.springer.com/content/pdf/10.1007/s40843-020-1300-2.pdf,https://doi.org/10.1007/s40843-020-1300-2,Science China Materials,10.1007s40843-020-1300-2,growth of metal halide perovskite materials,20.948273710132128,0.5,0.0,0.0,0.0,0.0,,,0.0,0.0,0.0,21.448273710132128
Metal Oxide Compact Electron Transport Layer Modification for Efficient and Stable Perovskite Solar Cells,2020,10.3390/ma13092207,https://openalex.org/W3022751152,64,True,https://www.mdpi.com/1996-1944/13/9/2207/pdf?version=1589274247,https://doi.org/10.3390/ma13092207,Materials,10.3390ma13092207,metal oxide compact electron transport layer modification for efficient and stable perovskite solar cells,20.871936349478183,0.5,0.0,0.0,0.0,0.0,,,0.0,0.0,0.0,21.371936349478183
Bulk and Nanocrystalline Cesium Lead-Halide Perovskites as Seen by Halide Magnetic Resonance,2020,10.1021/acscentsci.0c00587,https://openalex.org/W3035936716,64,True,https://pubs.acs.org/doi/pdf/10.1021/acscentsci.0c00587,https://doi.org/10.1021/acscentsci.0c00587,ACS Central Science,10.1021acscentsci.0c00587,bulk and nanocrystalline cesium lead halide perovskites as seen by halide magnetic resonance,20.871936349478183,0.5,0.0,0.0,0.0,0.0,,,0.0,0.0,0.0,21.371936349478183
"A Perspective on Perovskite Solar Cells: Emergence, Progress, and Commercialization",2022,10.3389/fchem.2022.802890,https://openalex.org/W4225492233,61,True,https://www.frontiersin.org/articles/10.3389/fchem.2022.802890/pdf,https://doi.org/10.3389/fchem.2022.802890,Frontiers in Chemistry,10.3389fchem.2022.802890,a perspective on perovskite solar cells emergence progress and commercialization,20.63567192522546,0.7,0.0,0.0,0.0,0.0,,,0.0,0.0,0.0,21.33567192522546
Perovskite-transition metal dichalcogenides heterostructures: recent advances and future perspectives,2022,10.29026/oes.2022.220006,https://openalex.org/W4289823421,61,True,https://www.oejournal.org/data/article/export-pdf?id=62ec90b699d88171c95f55ec,https://doi.org/10.29026/oes.2022.220006,Opto-Electronic Science,10.29026oes.2022.220006,perovskite transition metal dichalcogenides heterostructures recent advances and future perspectives,20.63567192522546,0.7,0.0,0.0,0.0,0.0,,,0.0,0.0,0.0,21.33567192522546
Transferable transparent electrodes of liquid metals for bifacial perovskite solar cells and heaters,2021,10.1016/j.nanoen.2021.106857,https://openalex.org/W4200349004,62,True,https://www.sciencedirect.com/science/article/pii/S221128552101106X/pdf,https://doi.org/10.1016/j.nanoen.2021.106857,Nano Energy,10.1016j.nanoen.2021.106857,transferable transparent electrodes of liquid metals for bifacial perovskite solar cells and heaters,20.715673631957664,0.6,0.0,0.0,0.0,0.0,,,0.0,0.0,0.0,21.315673631957665
Modulated CH3NH3PbI3−xBrx film for efficient perovskite solar cells exceeding 18%,2017,10.1038/srep44603,https://openalex.org/W2596240614,67,True,https://www.nature.com/articles/srep44603.pdf,https://doi.org/10.1038/srep44603,Scientific Reports,10.1038srep44603,modulated ch3nh3pbi3 xbrx film for efficient perovskite solar cells exceeding 18,21.097538525880534,0.2,0.0,0.0,0.0,0.0,,,0.0,0.0,0.0,21.297538525880533
The use of nickel oxide as a hole transport material in perovskite solar cell configuration: Achieving a high performance and stable device,2020,10.1002/er.5563,https://openalex.org/W3034405139,63,True,https://onlinelibrary.wiley.com/doi/pdfdirect/10.1002/er.5563,https://doi.org/10.1002/er.5563,International Journal of Energy Research,10.1002er.5563,the use of nickel oxide as a hole transport material in perovskite solar cell configuration achieving a high performance and stable device,20.79441541679836,0.5,0.0,0.0,0.0,0.0,,,0.0,0.0,0.0,21.29441541679836
Visualizing Performances Losses of Perovskite Solar Cells and Modules: From Laboratory to Industrial Scales,2024,10.1002/aenm.202403706,https://openalex.org/W4404544686,58,True,https://onlinelibrary.wiley.com/doi/pdfdirect/10.1002/aenm.202403706,https://doi.org/10.1002/aenm.202403706,Advanced Energy Materials,10.1002aenm.202403706,visualizing performances losses of perovskite solar cells and modules from laboratory to industrial scales,20.387687219528598,0.9,0.0,0.0,0.0,0.0,,,0.0,0.0,0.0,21.287687219528596
"Recent advances in carbon-based materials for high-performance perovskite solar cells: gaps, challenges and fulfillment",2023,10.1039/d3na00005b,https://openalex.org/W4321209200,59,True,https://pubs.rsc.org/en/content/articlepdf/2023/na/d3na00005b,https://doi.org/10.1039/d3na00005b,Nanoscale Advances,10.1039d3na00005b,recent advances in carbon based materials for high performance perovskite solar cells gaps challenges and fulfillment,20.471722811110503,0.8,0.0,0.0,0.0,0.0,,,0.0,0.0,0.0,21.271722811110504
Resolving Mixed Intermediate Phases in Methylammonium-Free Sn–Pb Alloyed Perovskites for High-Performance Solar Cells,2022,10.1007/s40820-022-00918-1,https://openalex.org/W4292176203,60,True,https://link.springer.com/content/pdf/10.1007/s40820-022-00918-1.pdf,https://doi.org/10.1007/s40820-022-00918-1,Nano-Micro Letters,10.1007s40820-022-00918-1,resolving mixed intermediate phases in methylammonium free sn pb alloyed perovskites for high performance solar cells,20.554369320866556,0.7,0.0,0.0,0.0,0.0,,,0.0,0.0,0.0,21.254369320866555
Enhanced perovskite electronic properties via A-site cation engineering,2021,10.1016/j.fmre.2021.06.002,https://openalex.org/W3177149460,61,True,https://www.sciencedirect.com/science/article/pii/S2667325821000911/pdf,https://doi.org/10.1016/j.fmre.2021.06.002,Fundamental Research,10.1016j.fmre.2021.06.002,enhanced perovskite electronic properties via a site cation engineering,20.63567192522546,0.6,0.0,0.0,0.0,0.0,,,0.0,0.0,0.0,21.23567192522546
Life-cycle environmental impacts of single-junction and tandem perovskite PVs: a critical review and future perspectives,2020,10.1088/2516-1083/ab7e84,https://openalex.org/W3011341810,62,True,https://iopscience.iop.org/article/10.1088/2516-1083/ab7e84/pdf,https://doi.org/10.1088/2516-1083/ab7e84,Progress in Energy,10.10882516-1083ab7e84,life cycle environmental impacts of single junction and tandem perovskite pvs a critical review and future perspectives,20.715673631957664,0.5,0.0,0.0,0.0,0.0,,,0.0,0.0,0.0,21.215673631957664
Facile deposition of high-quality Cs2AgBiBr6 films for efficient double perovskite solar cells,2020,10.1007/s40843-020-1346-0,https://openalex.org/W3031568575,62,True,https://link.springer.com/content/pdf/10.1007/s40843-020-1346-0.pdf,https://doi.org/10.1007/s40843-020-1346-0,Science China Materials,10.1007s40843-020-1346-0,facile deposition of high quality cs2agbibr6 films for efficient double perovskite solar cells,20.715673631957664,0.5,0.0,0.0,0.0,0.0,,,0.0,0.0,0.0,21.215673631957664
Regulating three-layer full carbon electrodes to enhance the cell performance of CsPbI3 perovskite solar cells,2025,10.1038/s41467-025-58672-y,https://openalex.org/W4409246641,56,True,https://www.nature.com/articles/s41467-025-58672-y.pdf,https://doi.org/10.1038/s41467-025-58672-y,Nature Communications,10.1038s41467-025-58672-y,regulating three layer full carbon electrodes to enhance the cell performance of cspbi3 perovskite solar cells,20.21525633917275,1.0,0.0,0.0,0.0,0.0,,,0.0,0.0,0.0,21.21525633917275
Photodetectors based on inorganic halide perovskites: Materials and devices,2019,10.1088/1674-1056/28/1/017803,https://openalex.org/W2912491727,63,True,https://iopscience.iop.org/article/10.1088/1674-1056/28/1/017803/pdf,https://doi.org/10.1088/1674-1056/28/1/017803,Chinese Physics B,10.10881674-1056281017803,photodetectors based on inorganic halide perovskites materials and devices,20.79441541679836,0.4,0.0,0.0,0.0,0.0,,,0.0,0.0,0.0,21.194415416798357
Freezing Halide Segregation Under Intense Light for Photostable Perovskite/Silicon Tandem Solar Cells,2023,10.1002/aenm.202302983,https://openalex.org/W4389859549,58,True,https://onlinelibrary.wiley.com/doi/pdfdirect/10.1002/aenm.202302983,https://doi.org/10.1002/aenm.202302983,Advanced Energy Materials,10.1002aenm.202302983,freezing halide segregation under intense light for photostable perovskite silicon tandem solar cells,20.387687219528598,0.8,0.0,0.0,0.0,0.0,,,0.0,0.0,0.0,21.1876872195286
Revealing the Role of Tin Fluoride Additive in Narrow Bandgap Pb-Sn Perovskites for Highly Efficient Flexible All-Perovskite Tandem Cells,2023,10.1021/acsami.2c19124,https://openalex.org/W4319778149,58,True,https://www.dora.lib4ri.ch/empa/dload/empa:34097/PDF2/view,https://www.dora.lib4ri.ch/empa/islandora/object/empa%3A34097,ACS Applied Materials & Interfaces,10.1021acsami.2c19124,revealing the role of tin fluoride additive in narrow bandgap pb sn perovskites for highly efficient flexible all perovskite tandem cells,20.387687219528598,0.8,0.0,0.0,0.0,0.0,,,0.0,0.0,0.0,21.1876872195286
Solubilizing and stabilizing C60 with n-type polymer enables efficient inverted perovskite solar cells,2025,10.1016/j.joule.2024.101817,https://openalex.org/W4407157158,55,True,https://www.cell.com/joule/pdf/S2542-4351(24)00553-1.pdf,https://doi.org/10.1016/j.joule.2024.101817,Joule,10.1016j.joule.2024.101817,solubilizing and stabilizing c60 with n type polymer enables efficient inverted perovskite solar cells,20.12675845367575,1.0,0.0,0.0,0.0,0.0,,,0.0,0.0,0.0,21.12675845367575
Molecular polymerization strategy for stable perovskite solar cells with low lead leakage,2025,10.1126/sciadv.ado7318,https://openalex.org/W4410140337,55,True,https://www.science.org/doi/pdf/10.1126/sciadv.ado7318?download=true,https://doi.org/10.1126/sciadv.ado7318,Science Advances,10.1126sciadv.ado7318,molecular polymerization strategy for stable perovskite solar cells with low lead leakage,20.12675845367575,1.0,0.0,0.0,0.0,0.0,,,0.0,0.0,0.0,21.12675845367575
Neutral- and Multi-Colored Semitransparent Perovskite Solar Cells,2016,10.3390/molecules21040475,https://openalex.org/W2332480463,66,True,https://www.mdpi.com/1420-3049/21/4/475/pdf?version=1460372368,https://doi.org/10.3390/molecules21040475,Molecules,10.3390molecules21040475,neutral and multi colored semitransparent perovskite solar cells,21.023463096954828,0.1,0.0,0.0,0.0,0.0,,,0.0,0.0,0.0,21.12346309695483
Rapid fabrication of perovskite solar cells through intense pulse light annealing of SnO2 and triple cation perovskite thin films,2019,10.1016/j.matdes.2019.108237,https://openalex.org/W2979321236,62,True,https://www.sciencedirect.com/science/article/pii/S0264127519306756/pdf,https://doi.org/10.1016/j.matdes.2019.108237,Materials & Design,10.1016j.matdes.2019.108237,rapid fabrication of perovskite solar cells through intense pulse light annealing of sno2 and triple cation perovskite thin films,20.715673631957664,0.4,0.0,0.0,0.0,0.0,,,0.0,0.0,0.0,21.115673631957662
Recent Progress in Perovskite Solar Cells: Status and Future,2023,10.3390/coatings13030644,https://openalex.org/W4327948861,57,True,https://www.mdpi.com/2079-6412/13/3/644/pdf?version=1679134097,https://doi.org/10.3390/coatings13030644,Coatings,10.3390coatings13030644,recent progress in perovskite solar cells status and future,20.302215052732095,0.8,0.0,0.0,0.0,0.0,,,0.0,0.0,0.0,21.102215052732095
Space-Charge-Limited Current Measurements: A Problematic Technique for Metal Halide Perovskites,2024,10.1021/acs.jpclett.4c02379,https://openalex.org/W4402793584,55,True,https://findresearcher.sdu.dk/ws/files/274343601/SCLC.pdf,https://portal.findresearcher.sdu.dk/da/publications/33f20211-d7fb-442b-9385-997f37c52936,The Journal of Physical Chemistry Letters,10.1021acs.jpclett.4c02379,space charge limited current measurements a problematic technique for metal halide perovskites,20.12675845367575,0.9,0.0,0.0,0.0,0.0,,,0.0,0.0,0.0,21.026758453675747
Quantum Junction Solar Cells: Development and Prospects,2023,10.1002/adfm.202303449,https://openalex.org/W4381950367,56,True,https://onlinelibrary.wiley.com/doi/pdfdirect/10.1002/adfm.202303449,https://doi.org/10.1002/adfm.202303449,Advanced Functional Materials,10.1002adfm.202303449,quantum junction solar cells development and prospects,20.21525633917275,0.8,0.0,0.0,0.0,0.0,,,0.0,0.0,0.0,21.01525633917275
Hot‐Casting‐Assisted Liquid Additive Engineering for Efficient and Stable Perovskite Solar Cells,2022,10.1002/adma.202205309,https://openalex.org/W4285589789,57,True,https://www.osti.gov/servlets/purl/1976219,https://www.osti.gov/biblio/1976219,Advanced Materials,10.1002adma.202205309,hot casting assisted liquid additive engineering for efficient and stable perovskite solar cells,20.302215052732095,0.7,0.0,0.0,0.0,0.0,,,0.0,0.0,0.0,21.002215052732094
"Magnetic Properties of Layered Hybrid Organic‐Inorganic Metal‐Halide Perovskites: Transition Metal, Organic Cation and Perovskite Phase Effects",2022,10.1002/adfm.202207988,https://openalex.org/W4300960173,57,True,https://arxiv.org/pdf/2404.13403,http://arxiv.org/abs/2404.13403,Advanced Functional Materials,10.1002adfm.202207988,magnetic properties of layered hybrid organic inorganic metal halide perovskites transition metal organic cation and perovskite phase effects,20.302215052732095,0.7,0.0,0.0,0.0,0.0,,,0.0,0.0,0.0,21.002215052732094
Single-Walled Carbon Nanotubes Enhance the Efficiency and Stability of Mesoscopic Perovskite Solar Cells,2017,10.1021/acsami.7b04894,https://openalex.org/W2618930325,63,True,http://hdl.handle.net/10072/388169,http://hdl.handle.net/10072/388169,ACS Applied Materials & Interfaces,10.1021acsami.7b04894,single walled carbon nanotubes enhance the efficiency and stability of mesoscopic perovskite solar cells,20.79441541679836,0.2,0.0,0.0,0.0,0.0,,,0.0,0.0,0.0,20.994415416798358
Defect Passivation via the Incorporation of Tetrapropylammonium Cation Leading to Stability Enhancement in Lead Halide Perovskite,2020,10.1002/adfm.201909737,https://openalex.org/W3006636072,59,True,https://hal.science/hal-03096721v1/document,https://hal.science/hal-03096721,Advanced Functional Materials,10.1002adfm.201909737,defect passivation via the incorporation of tetrapropylammonium cation leading to stability enhancement in lead halide perovskite,20.471722811110503,0.5,0.0,0.0,0.0,0.0,,,0.0,0.0,0.0,20.971722811110503
Carrier photodynamics in 2D perovskites with solution-processed silver and graphene contacts for bendable optoelectronics,2021,10.1038/s41699-021-00214-3,https://openalex.org/W3136020866,38,True,https://www.nature.com/articles/s41699-021-00214-3.pdf,https://doi.org/10.1038/s41699-021-00214-3,npj 2D Materials and Applications,10.1038s41699-021-00214-3,carrier photodynamics in 2d perovskites with solution processed silver and graphene contacts for bendable optoelectronics,18.317808230648232,0.6,1.0,2.0,0.0,0.0,,,0.0,0.0,0.0,20.917808230648234
Direct observation of photoinduced carrier blocking in mixed-dimensional 2D/3D perovskites and the origin,2022,10.1038/s41467-022-33752-5,https://openalex.org/W4306924692,56,True,https://www.nature.com/articles/s41467-022-33752-5.pdf,https://doi.org/10.1038/s41467-022-33752-5,Nature Communications,10.1038s41467-022-33752-5,direct observation of photoinduced carrier blocking in mixed dimensional 2d 3d perovskites and the origin,20.21525633917275,0.7,0.0,0.0,0.0,0.0,,,0.0,0.0,0.0,20.91525633917275
Multimodal Digital X‐ray Scanners with Synchronous Mapping of Tactile Pressure Distributions using Perovskites,2021,10.1002/adma.202008539,https://openalex.org/W3171323719,57,True,https://onlinelibrary.wiley.com/doi/pdfdirect/10.1002/adma.202008539,https://doi.org/10.1002/adma.202008539,Advanced Materials,10.1002adma.202008539,multimodal digital x ray scanners with synchronous mapping of tactile pressure distributions using perovskites,20.302215052732095,0.6,0.0,0.0,0.0,0.0,,,0.0,0.0,0.0,20.902215052732096
Low‐temperature‐processed metal oxide electron transport layers for efficient planar perovskite solar cells,2021,10.1007/s12598-020-01676-y,https://openalex.org/W3128301057,57,True,https://link.springer.com/content/pdf/10.1007/s12598-020-01676-y.pdf,https://doi.org/10.1007/s12598-020-01676-y,Rare Metals,10.1007s12598-020-01676-y,low temperature processed metal oxide electron transport layers for efficient planar perovskite solar cells,20.302215052732095,0.6,0.0,0.0,0.0,0.0,,,0.0,0.0,0.0,20.902215052732096
Lead free CH3NH3SnI3 perovskite thin-film with p-type semiconducting nature and metal-like conductivity,2016,10.1063/1.4961463,https://openalex.org/W2510618511,63,True,,https://doi.org/10.1063/1.4961463,AIP Advances,10.10631.4961463,lead free ch3nh3sni3 perovskite thin film with p type semiconducting nature and metal like conductivity,20.79441541679836,0.1,0.0,0.0,0.0,0.0,,,0.0,0.0,0.0,20.89441541679836
Functional Materials for Fabrication of Carbon-Based Perovskite Solar Cells: Ink Formulation and Its Effect on Solar Cell Performance,2023,10.3390/ma16113917,https://openalex.org/W4378072293,24,True,https://www.mdpi.com/1996-1944/16/11/3917/pdf?version=1684921117,https://doi.org/10.3390/ma16113917,Materials,10.3390ma16113917,functional materials for fabrication of carbon based perovskite solar cells ink formulation and its effect on solar cell performance,16.094379124341003,0.8,2.0,4.0,0.0,0.0,,,0.0,0.0,0.0,20.894379124341004
Optical in situ monitoring during the synthesis of halide perovskite solar cells reveals formation kinetics and evolution of optoelectronic properties,2020,10.1039/d0ta01237h,https://openalex.org/W3023014036,58,True,https://pubs.rsc.org/en/content/articlepdf/2020/ta/d0ta01237h,https://doi.org/10.1039/d0ta01237h,Journal of Materials Chemistry A,10.1039d0ta01237h,optical in situ monitoring during the synthesis of halide perovskite solar cells reveals formation kinetics and evolution of optoelectronic properties,20.387687219528598,0.5,0.0,0.0,0.0,0.0,,,0.0,0.0,0.0,20.887687219528598
Recent progress in perovskite solar cells: the perovskite layer,2020,10.3762/bjnano.11.5,https://openalex.org/W2997763877,58,True,https://www.beilstein-journals.org/bjnano/content/pdf/2190-4286-11-5.pdf,https://doi.org/10.3762/bjnano.11.5,Beilstein Journal of Nanotechnology,10.3762bjnano.11.5,recent progress in perovskite solar cells the perovskite layer,20.387687219528598,0.5,0.0,0.0,0.0,0.0,,,0.0,0.0,0.0,20.887687219528598
Black Phosphorus Quantum Dots Induced High‐Quality Perovskite Film for Efficient and Thermally Stable Planar Perovskite Solar Cells,2019,10.1002/solr.201900132,https://openalex.org/W2942711103,59,True,https://lirias.kuleuven.be/retrieve/797f5465-88b7-4f03-b0eb-2ca35154aee8,https://lirias.kuleuven.be/handle/123456789/676066,Solar RRL,10.1002solr.201900132,black phosphorus quantum dots induced high quality perovskite film for efficient and thermally stable planar perovskite solar cells,20.471722811110503,0.4,0.0,0.0,0.0,0.0,,,0.0,0.0,0.0,20.8717228111105
Powering the Future: Opportunities and Obstacles in Lead‐Halide Inorganic Perovskite Solar Cells,2025,10.1002/advs.202412666,https://openalex.org/W4407097261,52,True,,https://doi.org/10.1002/advs.202412666,Advanced Science,10.1002advs.202412666,powering the future opportunities and obstacles in lead halide inorganic perovskite solar cells,19.85145956776061,1.0,0.0,0.0,0.0,0.0,,,0.0,0.0,0.0,20.85145956776061
Highly Luminescent and Stable Perovskite Quantum Dots Films for Light‐Emitting Devices and Information Encryption,2024,10.1002/adfm.202316717,https://openalex.org/W4392634706,53,True,https://onlinelibrary.wiley.com/doi/pdfdirect/10.1002/adfm.202316717,https://doi.org/10.1002/adfm.202316717,Advanced Functional Materials,10.1002adfm.202316717,highly luminescent and stable perovskite quantum dots films for light emitting devices and information encryption,19.944920232821374,0.9,0.0,0.0,0.0,0.0,,,0.0,0.0,0.0,20.844920232821373
Printing Perovskite Solar Cells in Ambient Air: A Review,2024,10.1002/aenm.202401463,https://openalex.org/W4396826785,53,True,https://onlinelibrary.wiley.com/doi/pdfdirect/10.1002/aenm.202401463,https://doi.org/10.1002/aenm.202401463,Advanced Energy Materials,10.1002aenm.202401463,printing perovskite solar cells in ambient air a review,19.944920232821374,0.9,0.0,0.0,0.0,0.0,,,0.0,0.0,0.0,20.844920232821373
Design considerations for the bottom cell in perovskite/silicon tandems: a terawatt scalability perspective,2023,10.1039/d3ee00952a,https://openalex.org/W4386181172,54,True,https://pubs.rsc.org/en/content/articlepdf/2023/ee/d3ee00952a,https://doi.org/10.1039/d3ee00952a,Energy & Environmental Science,10.1039d3ee00952a,design considerations for the bottom cell in perovskite silicon tandems a terawatt scalability perspective,20.036665926162357,0.8,0.0,0.0,0.0,0.0,,,0.0,0.0,0.0,20.836665926162357
Additive Engineering for Stable and Efficient Dion–Jacobson Phase Perovskite Solar Cells,2023,10.1007/s40820-023-01110-9,https://openalex.org/W4377690876,54,True,https://link.springer.com/content/pdf/10.1007/s40820-023-01110-9.pdf,https://doi.org/10.1007/s40820-023-01110-9,Nano-Micro Letters,10.1007s40820-023-01110-9,additive engineering for stable and efficient dion jacobson phase perovskite solar cells,20.036665926162357,0.8,0.0,0.0,0.0,0.0,,,0.0,0.0,0.0,20.836665926162357
Time‐Resolved Orientation and Phase Analysis of Lead Halide Perovskite Film Annealing Probed by In Situ GIWAXS,2022,10.1002/adom.202102722,https://openalex.org/W4226174257,55,True,https://onlinelibrary.wiley.com/doi/pdfdirect/10.1002/adom.202102722,https://doi.org/10.1002/adom.202102722,Advanced Optical Materials,10.1002adom.202102722,time resolved orientation and phase analysis of lead halide perovskite film annealing probed by in situ giwaxs,20.12675845367575,0.7,0.0,0.0,0.0,0.0,,,0.0,0.0,0.0,20.826758453675748
Sonochemical synthesis of CH3NH3PbI3 perovskite ultrafine nanocrystal sensitizers for solar energy applications,2016,10.1016/j.ultsonch.2016.02.012,https://openalex.org/W2278033047,62,True,https://www.sciencedirect.com/science/article/pii/S1350417716300530/pdf,https://doi.org/10.1016/j.ultsonch.2016.02.012,Ultrasonics Sonochemistry,10.1016j.ultsonch.2016.02.012,sonochemical synthesis of ch3nh3pbi3 perovskite ultrafine nanocrystal sensitizers for solar energy applications,20.715673631957664,0.1,0.0,0.0,0.0,0.0,,,0.0,0.0,0.0,20.815673631957665
Blade-Coating of High Crystallinity Cesium-Formamidinium Perovskite Formulations,2024,10.1021/acsami.4c04706,https://openalex.org/W4400199785,15,True,,https://doi.org/10.1021/acsami.4c04706,ACS Applied Materials & Interfaces,10.1021acsami.4c04706,blade coating of high crystallinity cesium formamidinium perovskite formulations,13.862943611198906,0.9,3.0,6.0,0.0,0.0,,,0.0,0.0,0.0,20.762943611198907
Hybrid Organic–Inorganic Perovskite Halide Materials for Photovoltaics towards Their Commercialization,2022,10.3390/polym14051059,https://openalex.org/W4220710018,54,True,https://www.mdpi.com/2073-4360/14/5/1059/pdf?version=1646651037,https://doi.org/10.3390/polym14051059,Polymers,10.3390polym14051059,hybrid organic inorganic perovskite halide materials for photovoltaics towards their commercialization,20.036665926162357,0.7,0.0,0.0,0.0,0.0,,,0.0,0.0,0.0,20.736665926162356
Insights into Large‐Scale Fabrication Methods in Perovskite Photovoltaics,2020,10.1002/aesr.202000046,https://openalex.org/W3115770335,56,True,https://onlinelibrary.wiley.com/doi/pdfdirect/10.1002/aesr.202000046,https://doi.org/10.1002/aesr.202000046,Advanced Energy and Sustainability Research,10.1002aesr.202000046,insights into large scale fabrication methods in perovskite photovoltaics,20.21525633917275,0.5,0.0,0.0,0.0,0.0,,,0.0,0.0,0.0,20.71525633917275
Cu/Cu2O nanocomposite films as a p-type modified layer for efficient perovskite solar cells,2018,10.1038/s41598-018-25975-8,https://openalex.org/W2807247491,58,True,https://www.nature.com/articles/s41598-018-25975-8.pdf,https://doi.org/10.1038/s41598-018-25975-8,Scientific Reports,10.1038s41598-018-25975-8,cu cu2o nanocomposite films as a p type modified layer for efficient perovskite solar cells,20.387687219528598,0.3,0.0,0.0,0.0,0.0,,,0.0,0.0,0.0,20.6876872195286
"Perovskite Quantum Dots: Fabrication, Degradation, and Enhanced Performance Across Solar Cells, Optoelectronics, and Quantum Technologies",2025,10.1002/cey2.70018,https://openalex.org/W4411579506,50,True,https://onlinelibrary.wiley.com/doi/pdfdirect/10.1002/cey2.70018,https://doi.org/10.1002/cey2.70018,Carbon Energy,10.1002cey2.70018,perovskite quantum dots fabrication degradation and enhanced performance across solar cells optoelectronics and quantum technologies,19.659128163621627,1.0,0.0,0.0,0.0,0.0,,,0.0,0.0,0.0,20.659128163621627
Efficient and Stable p–i–n Perovskite Solar Cells Enabled by In Situ Functional Group Conversion,2024,10.1021/jacs.4c13248,https://openalex.org/W4404191633,51,True,https://pubs.acs.org/doi/pdf/10.1021/jacs.4c13248,https://doi.org/10.1021/jacs.4c13248,Journal of the American Chemical Society,10.1021jacs.4c13248,efficient and stable p i n perovskite solar cells enabled by in situ functional group conversion,19.75621859290714,0.9,0.0,0.0,0.0,0.0,,,0.0,0.0,0.0,20.656218592907138
Blossoms in perovskite planar X-ray detectors,2024,10.1038/s41467-024-50179-2,https://openalex.org/W4400448906,51,True,,https://doi.org/10.1038/s41467-024-50179-2,Nature Communications,10.1038s41467-024-50179-2,blossoms in perovskite planar x ray detectors,19.75621859290714,0.9,0.0,0.0,0.0,0.0,,,0.0,0.0,0.0,20.656218592907138
Role of additives and surface passivation on the performance of perovskite solar cells,2021,10.1007/s40243-021-00206-9,https://openalex.org/W4200057235,54,True,https://link.springer.com/content/pdf/10.1007/s40243-021-00206-9.pdf,https://doi.org/10.1007/s40243-021-00206-9,Materials for Renewable and Sustainable Energy,10.1007s40243-021-00206-9,role of additives and surface passivation on the performance of perovskite solar cells,20.036665926162357,0.6,0.0,0.0,0.0,0.0,,,0.0,0.0,0.0,20.636665926162358
Progress towards highly stable and lead-free perovskite solar cells,2018,10.1007/s40243-018-0113-0,https://openalex.org/W2794738851,57,True,https://link.springer.com/content/pdf/10.1007%2Fs40243-018-0113-0.pdf,https://doi.org/10.1007/s40243-018-0113-0,Materials for Renewable and Sustainable Energy,10.1007s40243-018-0113-0,progress towards highly stable and lead free perovskite solar cells,20.302215052732095,0.3,0.0,0.0,0.0,0.0,,,0.0,0.0,0.0,20.602215052732095
Progress on the Synthesis and Application of CuSCN Inorganic Hole Transport Material in Perovskite Solar Cells,2018,10.3390/ma11122592,https://openalex.org/W2905001091,57,True,https://www.mdpi.com/1996-1944/11/12/2592/pdf?version=1545271740,https://doi.org/10.3390/ma11122592,Materials,10.3390ma11122592,progress on the synthesis and application of cuscn inorganic hole transport material in perovskite solar cells,20.302215052732095,0.3,0.0,0.0,0.0,0.0,,,0.0,0.0,0.0,20.602215052732095
Flexibility meets rigidity: a self-assembled monolayer materials strategy for perovskite solar cells,2025,10.1038/s41467-025-62388-4,https://openalex.org/W4412785761,49,True,https://www.nature.com/articles/s41467-025-62388-4.pdf,https://doi.org/10.1038/s41467-025-62388-4,Nature Communications,10.1038s41467-025-62388-4,flexibility meets rigidity a self assembled monolayer materials strategy for perovskite solar cells,19.56011502714073,1.0,0.0,0.0,0.0,0.0,,,0.0,0.0,0.0,20.56011502714073
Prospects for Tin-Containing Halide Perovskite Photovoltaics,2023,10.1021/prechem.3c00018,https://openalex.org/W4365451387,51,True,https://pubs.acs.org/doi/pdf/10.1021/prechem.3c00018,https://doi.org/10.1021/prechem.3c00018,Precision Chemistry,10.1021prechem.3c00018,prospects for tin containing halide perovskite photovoltaics,19.75621859290714,0.8,0.0,0.0,0.0,0.0,,,0.0,0.0,0.0,20.55621859290714
Strategies and methods for fabricating high quality metal halide perovskite thin films for solar cells,2021,10.1016/j.jechem.2021.01.001,https://openalex.org/W3120431823,53,True,https://ars.els-cdn.com/content/image/1-s2.0-S2095495621000140-ga1_lrg.jpg,https://doi.org/10.1016/j.jechem.2021.01.001,Journal of Energy Chemistry,10.1016j.jechem.2021.01.001,strategies and methods for fabricating high quality metal halide perovskite thin films for solar cells,19.944920232821374,0.6,0.0,0.0,0.0,0.0,,,0.0,0.0,0.0,20.544920232821376
Inkjet printed organic light-emitting diodes employing organometal-halide perovskite as hole transport layer,2021,10.1088/1361-6463/ac3b0f,https://openalex.org/W3216931675,3,True,https://iopscience.iop.org/article/10.1088/1361-6463/ac3b0f/pdf,https://doi.org/10.1088/1361-6463/ac3b0f,Journal of Physics D Applied Physics,10.10881361-6463ac3b0f,inkjet printed organic light emitting diodes employing organometal halide perovskite as hole transport layer,6.931471805599453,0.6,6.5,13.0,0.0,0.0,,,0.0,0.0,0.0,20.531471805599452
Copper Iodide Interlayer for Improved Charge Extraction and Stability of Inverted Perovskite Solar Cells,2019,10.3390/ma12091406,https://openalex.org/W2943113623,55,True,https://www.mdpi.com/1996-1944/12/9/1406/pdf?version=1556606246,https://doi.org/10.3390/ma12091406,Materials,10.3390ma12091406,copper iodide interlayer for improved charge extraction and stability of inverted perovskite solar cells,20.12675845367575,0.4,0.0,0.0,0.0,0.0,,,0.0,0.0,0.0,20.526758453675747
High Photovoltage of 1 V on a Steady-State Certified Hole Transport Layer-Free Perovskite Solar Cell by a Molten-Salt Approach,2018,10.1021/acsenergylett.8b00293,https://openalex.org/W2789973498,56,True,,https://doi.org/10.1021/acsenergylett.8b00293,ACS Energy Letters,10.1021acsenergylett.8b00293,high photovoltage of 1 v on a steady state certified hole transport layer free perovskite solar cell by a molten salt approach,20.21525633917275,0.3,0.0,0.0,0.0,0.0,,,0.0,0.0,0.0,20.51525633917275
A Multifunctional Small-Molecule Hole-Transporting Material Enables Perovskite QLEDs with EQE Exceeding 20%,2023,10.1021/acsenergylett.2c02938,https://openalex.org/W4321033839,50,True,https://liu.diva-portal.org/smash/get/diva2:1750800/FULLTEXT01,http://urn.kb.se/resolve?urn=urn:nbn:se:liu:diva-193039,ACS Energy Letters,10.1021acsenergylett.2c02938,a multifunctional small molecule hole transporting material enables perovskite qleds with eqe exceeding 20,19.659128163621627,0.8,0.0,0.0,0.0,0.0,,,0.0,0.0,0.0,20.459128163621628
Coordination Chemistry as a Universal Strategy for a Controlled Perovskite Crystallization,2023,10.1002/adma.202302889,https://openalex.org/W4380576740,50,True,https://onlinelibrary.wiley.com/doi/pdfdirect/10.1002/adma.202302889,https://doi.org/10.1002/adma.202302889,Advanced Materials,10.1002adma.202302889,coordination chemistry as a universal strategy for a controlled perovskite crystallization,19.659128163621627,0.8,0.0,0.0,0.0,0.0,,,0.0,0.0,0.0,20.459128163621628
Engineering long-term stability into perovskite solar cells via application of a multi-functional TFSI-based ionic liquid,2021,10.1016/j.xcrp.2021.100475,https://openalex.org/W3176301665,52,True,https://www.sciencedirect.com/science/article/pii/S2666386421001752/pdf,https://doi.org/10.1016/j.xcrp.2021.100475,Cell Reports Physical Science,10.1016j.xcrp.2021.100475,engineering long term stability into perovskite solar cells via application of a multi functional tfsi based ionic liquid,19.85145956776061,0.6,0.0,0.0,0.0,0.0,,,0.0,0.0,0.0,20.45145956776061
Room-temperature carbon electrodes with ethanol solvent interlacing process for efficient and stable planar hybrid perovskite solar cells,2021,10.1016/j.egyr.2021.04.031,https://openalex.org/W3159788217,52,True,https://www.sciencedirect.com/science/article/pii/S235248472100247X/pdf,https://doi.org/10.1016/j.egyr.2021.04.031,Energy Reports,10.1016j.egyr.2021.04.031,room temperature carbon electrodes with ethanol solvent interlacing process for efficient and stable planar hybrid perovskite solar cells,19.85145956776061,0.6,0.0,0.0,0.0,0.0,,,0.0,0.0,0.0,20.45145956776061
Energy Harvesting Under Dim-Light Condition With Dye-Sensitized and Perovskite Solar Cells,2019,10.3389/fchem.2019.00209,https://openalex.org/W2940159174,54,True,https://www.frontiersin.org/articles/10.3389/fchem.2019.00209/pdf,https://doi.org/10.3389/fchem.2019.00209,Frontiers in Chemistry,10.3389fchem.2019.00209,energy harvesting under dim light condition with dye sensitized and perovskite solar cells,20.036665926162357,0.4,0.0,0.0,0.0,0.0,,,0.0,0.0,0.0,20.436665926162355
Recent Advances in Colloidal Quantum Dots or Perovskite Quantum Dots as a Luminescent Downshifting Layer Embedded on Solar Cells,2022,10.3390/nano12060985,https://openalex.org/W4220758836,50,True,https://www.mdpi.com/2079-4991/12/6/985/pdf?version=1647439494,https://doi.org/10.3390/nano12060985,Nanomaterials,10.3390nano12060985,recent advances in colloidal quantum dots or perovskite quantum dots as a luminescent downshifting layer embedded on solar cells,19.659128163621627,0.7,0.0,0.0,0.0,0.0,,,0.0,0.0,0.0,20.359128163621627
A route towards the fabrication of large-scale and high-quality perovskite films for optoelectronic devices,2022,10.1038/s41598-022-10790-z,https://openalex.org/W4229015884,50,True,https://www.nature.com/articles/s41598-022-10790-z.pdf,https://doi.org/10.1038/s41598-022-10790-z,Scientific Reports,10.1038s41598-022-10790-z,a route towards the fabrication of large scale and high quality perovskite films for optoelectronic devices,19.659128163621627,0.7,0.0,0.0,0.0,0.0,,,0.0,0.0,0.0,20.359128163621627
Strategy for large‐scale monolithic Perovskite /Silicon tandem solar cell: A review of recent progress,2021,10.1002/eom2.12084,https://openalex.org/W3128126496,51,True,https://onlinelibrary.wiley.com/doi/pdfdirect/10.1002/eom2.12084,https://doi.org/10.1002/eom2.12084,EcoMat,10.1002eom2.12084,strategy for large scale monolithic perovskite silicon tandem solar cell a review of recent progress,19.75621859290714,0.6,0.0,0.0,0.0,0.0,,,0.0,0.0,0.0,20.35621859290714
"Coupling halide perovskites with different materials: From doping to nanocomposites, beyond photovoltaics",2020,10.1016/j.pmatsci.2020.100639,https://openalex.org/W3000787269,52,True,https://www.research.unipd.it/bitstream/11577/3332200/3/Microsoft%20Word%20-%20Prog%20Mat%20Sci-2020-%20Coupling%20Perovskites%20-%20Coupling%20halide%20perovskites%20with%20different%20materials_from%20doping%20to%20nanocomposites%20beyond%20photovoltaics.pdf,http://hdl.handle.net/11577/3332200,Progress in Materials Science,10.1016j.pmatsci.2020.100639,coupling halide perovskites with different materials from doping to nanocomposites beyond photovoltaics,19.85145956776061,0.5,0.0,0.0,0.0,0.0,,,0.0,0.0,0.0,20.35145956776061
Progress of interface engineering in perovskite solar cells,2016,10.1007/s40843-016-5094-6,https://openalex.org/W2520006421,56,True,https://link.springer.com/content/pdf/10.1007%2Fs40843-016-5094-6.pdf,https://doi.org/10.1007/s40843-016-5094-6,Science China Materials,10.1007s40843-016-5094-6,progress of interface engineering in perovskite solar cells,20.21525633917275,0.1,0.0,0.0,0.0,0.0,,,0.0,0.0,0.0,20.315256339172752
"Halide perovskites for sensitive, stable and scalable X-ray detection and imaging",2023,10.1039/d3cc00969f,https://openalex.org/W4362570132,32,True,https://pubs.rsc.org/en/content/articlepdf/2023/cc/d3cc00969f,https://doi.org/10.1039/d3cc00969f,Chemical Communications,10.1039d3cc00969f,halide perovskites for sensitive stable and scalable x ray detection and imaging,17.482537807332402,0.8,1.0,2.0,0.0,0.0,,,0.0,0.0,0.0,20.282537807332403
Recent Progress in Coating Methods for Large‐Area Perovskite Solar Module Fabrication,2023,10.1002/solr.202300860,https://openalex.org/W4389966753,26,True,https://onlinelibrary.wiley.com/doi/pdfdirect/10.1002/solr.202300860,https://doi.org/10.1002/solr.202300860,Solar RRL,10.1002solr.202300860,recent progress in coating methods for large area perovskite solar module fabrication,16.479184330021646,0.8,1.5,3.0,0.0,0.0,,,0.0,0.0,0.0,20.279184330021646
Bio-inspired strategies for next-generation perovskite solar mobile power sources,2021,10.1039/d0cs01493a,https://openalex.org/W3202098867,50,True,https://www.osti.gov/servlets/purl/1978747,https://www.osti.gov/biblio/1978747,Chemical Society Reviews,10.1039d0cs01493a,bio inspired strategies for next generation perovskite solar mobile power sources,19.659128163621627,0.6,0.0,0.0,0.0,0.0,,,0.0,0.0,0.0,20.25912816362163
All-Perovskite Tandem Photoelectrodes for Unassisted Solar Hydrogen Production,2023,10.1021/acsenergylett.3c00654,https://openalex.org/W4376254261,48,True,https://www.osti.gov/servlets/purl/1976085,https://www.osti.gov/biblio/1976085,ACS Energy Letters,10.1021acsenergylett.3c00654,all perovskite tandem photoelectrodes for unassisted solar hydrogen production,19.45910149055313,0.8,0.0,0.0,0.0,0.0,,,0.0,0.0,0.0,20.25910149055313
Multifunctional Additive CdAc2 for Efficient Perovskite‐Based Solar Cells,2023,10.1002/adma.202211806,https://openalex.org/W4378173384,48,True,https://onlinelibrary.wiley.com/doi/pdfdirect/10.1002/adma.202211806,https://doi.org/10.1002/adma.202211806,Advanced Materials,10.1002adma.202211806,multifunctional additive cdac2 for efficient perovskite based solar cells,19.45910149055313,0.8,0.0,0.0,0.0,0.0,,,0.0,0.0,0.0,20.25910149055313
Recent progress of eco-friendly manufacturing process of efficient perovskite solar cells,2023,10.1186/s40580-023-00375-5,https://openalex.org/W4380290539,48,True,https://nanoconvergencejournal.springeropen.com/counter/pdf/10.1186/s40580-023-00375-5,https://doi.org/10.1186/s40580-023-00375-5,Nano Convergence,10.1186s40580-023-00375-5,recent progress of eco friendly manufacturing process of efficient perovskite solar cells,19.45910149055313,0.8,0.0,0.0,0.0,0.0,,,0.0,0.0,0.0,20.25910149055313
Reactive Passivation of Wide-Bandgap Organic–Inorganic Perovskites with Benzylamine,2024,10.1021/jacs.4c06659,https://openalex.org/W4402982318,47,True,https://pubs.acs.org/doi/pdf/10.1021/jacs.4c06659?ref=article_openPDF,https://doi.org/10.1021/jacs.4c06659,Journal of the American Chemical Society,10.1021jacs.4c06659,reactive passivation of wide bandgap organic inorganic perovskites with benzylamine,19.356005054539455,0.9,0.0,0.0,0.0,0.0,,,0.0,0.0,0.0,20.256005054539454
Materials chemistry for metal halide perovskite photovoltaics,2024,10.1093/bulcsj/uoad025,https://openalex.org/W4390650102,47,True,https://academic.oup.com/bcsj/article-pdf/97/3/uoad025/57096168/uoad025.pdf,https://doi.org/10.1093/bulcsj/uoad025,Bulletin of the Chemical Society of Japan,10.1093bulcsjuoad025,materials chemistry for metal halide perovskite photovoltaics,19.356005054539455,0.9,0.0,0.0,0.0,0.0,,,0.0,0.0,0.0,20.256005054539454
Understanding and exploiting interfacial interactions between phosphonic acid functional groups and co-evaporated perovskites,2024,10.1016/j.matt.2024.02.004,https://openalex.org/W4392584609,47,True,,https://doi.org/10.1016/j.matt.2024.02.004,Matter,10.1016j.matt.2024.02.004,understanding and exploiting interfacial interactions between phosphonic acid functional groups and co evaporated perovskites,19.356005054539455,0.9,0.0,0.0,0.0,0.0,,,0.0,0.0,0.0,20.256005054539454
Tailored lead iodide growth for efficient flexible perovskite solar cells and thin-film tandem devices,2018,10.1038/s41427-018-0099-1,https://openalex.org/W2900675330,53,True,https://www.nature.com/articles/s41427-018-0099-1.pdf,https://doi.org/10.1038/s41427-018-0099-1,NPG Asia Materials,10.1038s41427-018-0099-1,tailored lead iodide growth for efficient flexible perovskite solar cells and thin film tandem devices,19.944920232821374,0.3,0.0,0.0,0.0,0.0,,,0.0,0.0,0.0,20.244920232821375
cPCN-Regulated SnO2 Composites Enables Perovskite Solar Cell with Efficiency Beyond 23%,2021,10.1007/s40820-021-00636-0,https://openalex.org/W3165592914,49,True,https://link.springer.com/content/pdf/10.1007/s40820-021-00636-0.pdf,https://doi.org/10.1007/s40820-021-00636-0,Nano-Micro Letters,10.1007s40820-021-00636-0,cpcn regulated sno2 composites enables perovskite solar cell with efficiency beyond 23,19.56011502714073,0.6,0.0,0.0,0.0,0.0,,,0.0,0.0,0.0,20.16011502714073
Halide Homogenization for High-Performance Blue Perovskite Electroluminescence,2020,10.34133/2020/9017871,https://openalex.org/W3113490247,50,True,https://downloads.spj.sciencemag.org/research/2020/9017871.pdf,https://doi.org/10.34133/2020/9017871,Research,10.3413320209017871,halide homogenization for high performance blue perovskite electroluminescence,19.659128163621627,0.5,0.0,0.0,0.0,0.0,,,0.0,0.0,0.0,20.159128163621627
Recent advances in perovskites-based optoelectronics,2022,10.1515/ntrev-2022-0494,https://openalex.org/W4312733888,48,True,https://www.degruyter.com/document/doi/10.1515/ntrev-2022-0494/pdf,https://doi.org/10.1515/ntrev-2022-0494,Nanotechnology Reviews,10.1515ntrev-2022-0494,recent advances in perovskites based optoelectronics,19.45910149055313,0.7,0.0,0.0,0.0,0.0,,,0.0,0.0,0.0,20.15910149055313
"Two/Quasi-two-dimensional perovskite-based heterostructures: construction, properties and applications",2022,10.1088/2631-7990/acab40,https://openalex.org/W4311270867,48,True,https://iopscience.iop.org/article/10.1088/2631-7990/acab40/pdf,https://doi.org/10.1088/2631-7990/acab40,International Journal of Extreme Manufacturing,10.10882631-7990acab40,two quasi two dimensional perovskite based heterostructures construction properties and applications,19.45910149055313,0.7,0.0,0.0,0.0,0.0,,,0.0,0.0,0.0,20.15910149055313
Recent advances of carbon nanotubes in perovskite solar cells,2023,10.1002/sus2.158,https://openalex.org/W4386834974,47,True,https://onlinelibrary.wiley.com/doi/pdfdirect/10.1002/sus2.158,https://doi.org/10.1002/sus2.158,SusMat,10.1002sus2.158,recent advances of carbon nanotubes in perovskite solar cells,19.356005054539455,0.8,0.0,0.0,0.0,0.0,,,0.0,0.0,0.0,20.156005054539456
Advancements in stretchable organic optoelectronic devices and flexible transparent conducting electrodes: Current progress and future prospects,2024,10.1016/j.heliyon.2024.e33002,https://openalex.org/W4399813829,46,True,,https://doi.org/10.1016/j.heliyon.2024.e33002,Heliyon,10.1016j.heliyon.2024.e33002,advancements in stretchable organic optoelectronic devices and flexible transparent conducting electrodes current progress and future prospects,19.250738008550293,0.9,0.0,0.0,0.0,0.0,,,0.0,0.0,0.0,20.15073800855029
"Flexible, Transparent, and Bifacial Perovskite Solar Cells and Modules Using the Wide-Band Gap FAPbBr 3 Perovskite Absorber",2024,10.1021/acsami.4c01071,https://openalex.org/W4393380160,46,True,https://hal.science/hal-04782312v1/document,https://hal.science/hal-04782312,ACS Applied Materials & Interfaces,10.1021acsami.4c01071,flexible transparent and bifacial perovskite solar cells and modules using the wide band gap fapbbr 3 perovskite absorber,19.250738008550293,0.9,0.0,0.0,0.0,0.0,,,0.0,0.0,0.0,20.15073800855029
A synopsis of progressive transition in precursor inks development for metal halide perovskites-based photovoltaic technology,2021,10.1039/d1ta06556d,https://openalex.org/W3199216343,9,True,https://pubs.rsc.org/en/content/articlepdf/2021/ta/d1ta06556d,https://doi.org/10.1039/d1ta06556d,Journal of Materials Chemistry A,10.1039d1ta06556d,a synopsis of progressive transition in precursor inks development for metal halide perovskites based photovoltaic technology,11.51292546497023,0.6,4.0,8.0,0.0,0.0,,,0.0,0.0,0.0,20.112925464970232
Group-III-nitride and halide-perovskite semiconductor gain media for amplified spontaneous emission and lasing applications,2021,10.1088/1361-6463/abd65a,https://openalex.org/W3124671547,48,True,https://iopscience.iop.org/article/10.1088/1361-6463/abd65a/pdf,https://doi.org/10.1088/1361-6463/abd65a,Journal of Physics D Applied Physics,10.10881361-6463abd65a,group iii nitride and halide perovskite semiconductor gain media for amplified spontaneous emission and lasing applications,19.45910149055313,0.6,0.0,0.0,0.0,0.0,,,0.0,0.0,0.0,20.059101490553132
Dimethylammonium Incorporation in Lead Acetate Based MAPbI3 Perovskite Solar Cells,2018,10.1002/cphc.201800732,https://openalex.org/W2891524630,51,True,https://onlinelibrary.wiley.com/doi/pdfdirect/10.1002/cphc.201800732,https://doi.org/10.1002/cphc.201800732,ChemPhysChem,10.1002cphc.201800732,dimethylammonium incorporation in lead acetate based mapbi3 perovskite solar cells,19.75621859290714,0.3,0.0,0.0,0.0,0.0,,,0.0,0.0,0.0,20.05621859290714
One-Dimensional Electron Transport Layers for Perovskite Solar Cells,2017,10.3390/nano7050095,https://openalex.org/W2611631135,52,True,https://www.mdpi.com/2079-4991/7/5/95/pdf?version=1493468282,https://doi.org/10.3390/nano7050095,Nanomaterials,10.3390nano7050095,one dimensional electron transport layers for perovskite solar cells,19.85145956776061,0.2,0.0,0.0,0.0,0.0,,,0.0,0.0,0.0,20.05145956776061
A Review of the Technological Advances in the Design of Highly Efficient Perovskite Solar Cells,2023,10.1155/2023/3801813,https://openalex.org/W4385623268,46,True,https://downloads.hindawi.com/journals/ijp/2023/3801813.pdf,https://doi.org/10.1155/2023/3801813,International Journal of Photoenergy,10.115520233801813,a review of the technological advances in the design of highly efficient perovskite solar cells,19.250738008550293,0.8,0.0,0.0,0.0,0.0,,,0.0,0.0,0.0,20.050738008550294
Investigation into the Advantages of Pure Perovskite Film without PbI2 for High Performance Solar Cell,2016,10.1038/srep35994,https://openalex.org/W2543918067,53,True,https://www.nature.com/articles/srep35994.pdf,https://doi.org/10.1038/srep35994,Scientific Reports,10.1038srep35994,investigation into the advantages of pure perovskite film without pbi2 for high performance solar cell,19.944920232821374,0.1,0.0,0.0,0.0,0.0,,,0.0,0.0,0.0,20.044920232821376
Decoupling Nucleation and Growth of Crystal for DMSO‐Free Self‐Assembly Tin Perovskite Films and Their Optoelectronic Application,2025,10.1002/adfm.202420593,https://openalex.org/W4406271981,19,True,https://onlinelibrary.wiley.com/doi/pdfdirect/10.1002/adfm.202420593,https://doi.org/10.1002/adfm.202420593,Advanced Functional Materials,10.1002adfm.202420593,decoupling nucleation and growth of crystal for dmso free self assembly tin perovskite films and their optoelectronic application,14.978661367769954,1.0,2.0,4.0,0.0,0.0,,,0.0,0.0,0.0,19.978661367769952
Micropatterned 2D Hybrid Perovskite Thin Films with Enhanced Photoluminescence Lifetimes,2018,10.1021/acsami.8b02236,https://openalex.org/W2791851704,50,True,,https://doi.org/10.1021/acsami.8b02236,ACS Applied Materials & Interfaces,10.1021acsami.8b02236,micropatterned 2d hybrid perovskite thin films with enhanced photoluminescence lifetimes,19.659128163621627,0.3,0.0,0.0,0.0,0.0,,,0.0,0.0,0.0,19.959128163621628
Beyond 17% stable perovskite solar module via polaron arrangement of tuned polymeric hole transport layer,2020,10.1016/j.nanoen.2020.105685,https://openalex.org/W3111611631,48,True,https://ars.els-cdn.com/content/image/1-s2.0-S2211285520312581-ga1_lrg.jpg,https://doi.org/10.1016/j.nanoen.2020.105685,Nano Energy,10.1016j.nanoen.2020.105685,beyond 17 stable perovskite solar module via polaron arrangement of tuned polymeric hole transport layer,19.45910149055313,0.5,0.0,0.0,0.0,0.0,,,0.0,0.0,0.0,19.95910149055313
Synthesis conditions influencing formation of MAPbBr3 perovskite nanoparticles prepared by the ligand-assisted precipitation method,2020,10.1038/s41598-020-72826-6,https://openalex.org/W3088738423,48,True,https://www.nature.com/articles/s41598-020-72826-6.pdf,https://doi.org/10.1038/s41598-020-72826-6,Scientific Reports,10.1038s41598-020-72826-6,synthesis conditions influencing formation of mapbbr3 perovskite nanoparticles prepared by the ligand assisted precipitation method,19.45910149055313,0.5,0.0,0.0,0.0,0.0,,,0.0,0.0,0.0,19.95910149055313
"A transparent, solvent-free laminated top electrode for perovskite solar cells",2016,10.1080/14686996.2016.1176512,https://openalex.org/W2428994375,52,True,https://www.tandfonline.com/doi/pdf/10.1080/14686996.2016.1176512?needAccess=true,https://doi.org/10.1080/14686996.2016.1176512,Science and Technology of Advanced Materials,10.108014686996.2016.1176512,a transparent solvent free laminated top electrode for perovskite solar cells,19.85145956776061,0.1,0.0,0.0,0.0,0.0,,,0.0,0.0,0.0,19.95145956776061
Review on Perovskite Semiconductor Field–Effect Transistors and Their Applications,2022,10.3390/nano12142396,https://openalex.org/W4285392516,46,True,https://www.mdpi.com/2079-4991/12/14/2396/pdf?version=1658226255,https://doi.org/10.3390/nano12142396,Nanomaterials,10.3390nano12142396,review on perovskite semiconductor field effect transistors and their applications,19.250738008550293,0.7,0.0,0.0,0.0,0.0,,,0.0,0.0,0.0,19.950738008550292
Eco‐friendly perovskite solar cells: From materials design to device processing and recycling,2023,10.1002/eom2.12352,https://openalex.org/W4366998404,45,True,https://onlinelibrary.wiley.com/doi/pdfdirect/10.1002/eom2.12352,https://doi.org/10.1002/eom2.12352,EcoMat,10.1002eom2.12352,eco friendly perovskite solar cells from materials design to device processing and recycling,19.143206982445477,0.8,0.0,0.0,0.0,0.0,,,0.0,0.0,0.0,19.943206982445478
Review on Surface Modification of SnO2 Electron Transport Layer for High-Efficiency Perovskite Solar Cells,2023,10.3390/app131910715,https://openalex.org/W4387105303,45,True,https://www.mdpi.com/2076-3417/13/19/10715/pdf?version=1695784899,https://doi.org/10.3390/app131910715,Applied Sciences,10.3390app131910715,review on surface modification of sno2 electron transport layer for high efficiency perovskite solar cells,19.143206982445477,0.8,0.0,0.0,0.0,0.0,,,0.0,0.0,0.0,19.943206982445478
Recent Progress in Large-Area Perovskite Photovoltaic Modules,2022,10.1007/s12209-022-00341-y,https://openalex.org/W4299802996,30,True,https://link.springer.com/content/pdf/10.1007/s12209-022-00341-y.pdf,https://doi.org/10.1007/s12209-022-00341-y,Transactions of Tianjin University,10.1007s12209-022-00341-y,recent progress in large area perovskite photovoltaic modules,17.16993602242573,0.7,1.0,2.0,0.0,0.0,,,0.0,0.0,0.0,19.86993602242573
Origin of Hysteresis in Perovskite Solar Cells,2020,10.1063/9780735422414_001,https://openalex.org/W3125892177,47,True,https://pubs.aip.org/books/monograph/chapter-pdf/9012949/9780735422414_001.pdf,https://doi.org/10.1063/9780735422414_001,UNKNOWN,10.10639780735422414001,origin of hysteresis in perovskite solar cells,19.356005054539455,0.5,0.0,0.0,0.0,0.0,,,0.0,0.0,0.0,19.856005054539455
Bilayer metal halide perovskite for efficient and stable solar cells and modules,2022,10.1088/2752-5724/ac9248,https://openalex.org/W4296127381,45,True,https://iopscience.iop.org/article/10.1088/2752-5724/ac9248/pdf,https://doi.org/10.1088/2752-5724/ac9248,Materials Futures,10.10882752-5724ac9248,bilayer metal halide perovskite for efficient and stable solar cells and modules,19.143206982445477,0.7,0.0,0.0,0.0,0.0,,,0.0,0.0,0.0,19.843206982445476
All-Inorganic Perovskite Solar Cells: Recent Advancements and Challenges,2022,10.3390/nano12101651,https://openalex.org/W4280636605,45,True,https://www.mdpi.com/2079-4991/12/10/1651/pdf?version=1652353469,https://doi.org/10.3390/nano12101651,Nanomaterials,10.3390nano12101651,all inorganic perovskite solar cells recent advancements and challenges,19.143206982445477,0.7,0.0,0.0,0.0,0.0,,,0.0,0.0,0.0,19.843206982445476
Ultra-uniform perovskite crystals formed in the presence of tetrabutylammonium bistriflimide afford efficient and stable perovskite solar cells,2024,10.1039/d4ee01841a,https://openalex.org/W4402851373,43,True,https://pubs.rsc.org/en/content/articlepdf/2024/ee/d4ee01841a,https://doi.org/10.1039/d4ee01841a,Energy & Environmental Science,10.1039d4ee01841a,ultra uniform perovskite crystals formed in the presence of tetrabutylammonium bistriflimide afford efficient and stable perovskite solar cells,18.920948169591306,0.9,0.0,0.0,0.0,0.0,,,0.0,0.0,0.0,19.820948169591304
A Comprehensive Review on Defects-Induced Voltage Losses and Strategies toward Highly Efficient and Stable Perovskite Solar Cells,2024,10.3390/photonics11010087,https://openalex.org/W4390942003,43,True,https://www.mdpi.com/2304-6732/11/1/87/pdf?version=1705502325,https://doi.org/10.3390/photonics11010087,Photonics,10.3390photonics11010087,a comprehensive review on defects induced voltage losses and strategies toward highly efficient and stable perovskite solar cells,18.920948169591306,0.9,0.0,0.0,0.0,0.0,,,0.0,0.0,0.0,19.820948169591304
Shallow-level defect passivation by 6H perovskite polytype for highly efficient and stable perovskite solar cells,2024,10.1038/s41467-024-50016-6,https://openalex.org/W4400311850,43,True,https://www.nature.com/articles/s41467-024-50016-6.pdf,https://doi.org/10.1038/s41467-024-50016-6,Nature Communications,10.1038s41467-024-50016-6,shallow level defect passivation by 6h perovskite polytype for highly efficient and stable perovskite solar cells,18.920948169591306,0.9,0.0,0.0,0.0,0.0,,,0.0,0.0,0.0,19.820948169591304
Two‐Step Inverted Perovskite Solar Cells with > 25% Efficiency Fabricated in Ambient Air,2025,10.1002/aenm.202500830,https://openalex.org/W4409181511,42,True,https://onlinelibrary.wiley.com/doi/pdfdirect/10.1002/aenm.202500830,https://doi.org/10.1002/aenm.202500830,Advanced Energy Materials,10.1002aenm.202500830,two step inverted perovskite solar cells with 25 efficiency fabricated in ambient air,18.806000578467813,1.0,0.0,0.0,0.0,0.0,,,0.0,0.0,0.0,19.806000578467813
Rapid and low temperature processing of mesoporous TiO2 for perovskite solar cells on flexible and rigid substrates,2017,10.1016/j.mtcomm.2017.09.007,https://openalex.org/W2756549186,49,True,,https://research.tue.nl/en/publications/b9a56810-fe6e-4cfc-ad79-c10191c9687c,Materials Today Communications,10.1016j.mtcomm.2017.09.007,rapid and low temperature processing of mesoporous tio2 for perovskite solar cells on flexible and rigid substrates,19.56011502714073,0.2,0.0,0.0,0.0,0.0,,,0.0,0.0,0.0,19.760115027140728
Perovskite Nanowire Extrusion,2017,10.1021/acs.nanolett.7b02213,https://openalex.org/W2761664025,49,True,,https://doi.org/10.1021/acs.nanolett.7b02213,Nano Letters,10.1021acs.nanolett.7b02213,perovskite nanowire extrusion,19.56011502714073,0.2,0.0,0.0,0.0,0.0,,,0.0,0.0,0.0,19.760115027140728
Transamidation of dimethylformamide during alkylammonium lead triiodide film formation for perovskite solar cells,2016,10.1557/jmr.2016.272,https://openalex.org/W2479067080,50,True,https://www.cambridge.org/core/services/aop-cambridge-core/content/view/431695D526CAA2CFEDC3AA80B16D8F10/S0884291416002727a.pdf/div-class-title-transamidation-of-dimethylformamide-during-alkylammonium-lead-triiodide-film-formation-for-perovskite-solar-cells-div.pdf,https://doi.org/10.1557/jmr.2016.272,Journal of materials research/Pratt's guide to venture capital sources,10.1557jmr.2016.272,transamidation of dimethylformamide during alkylammonium lead triiodide film formation for perovskite solar cells,19.659128163621627,0.1,0.0,0.0,0.0,0.0,,,0.0,0.0,0.0,19.75912816362163
Metal halide perovskite nanocrystals: application in high-performance photodetectors,2020,10.1039/d0ma00796j,https://openalex.org/W3110854730,46,True,https://pubs.rsc.org/en/content/articlepdf/2021/ma/d0ma00796j,https://doi.org/10.1039/d0ma00796j,Materials Advances,10.1039d0ma00796j,metal halide perovskite nanocrystals application in high performance photodetectors,19.250738008550293,0.5,0.0,0.0,0.0,0.0,,,0.0,0.0,0.0,19.750738008550293
"Triple-Mesoscopic Carbon Perovskite Solar Cells: Materials, Processing and Applications",2021,10.3390/en14020386,https://openalex.org/W3119765560,45,True,https://www.mdpi.com/1996-1073/14/2/386/pdf?version=1610523717,https://doi.org/10.3390/en14020386,Energies,10.3390en14020386,triple mesoscopic carbon perovskite solar cells materials processing and applications,19.143206982445477,0.6,0.0,0.0,0.0,0.0,,,0.0,0.0,0.0,19.74320698244548
Potassium Thiocyanate‐Assisted Enhancement of Slot‐Die‐Coated Perovskite Films for High‐Performance Solar Cells,2021,10.1002/smsc.202000044,https://openalex.org/W3128470674,45,True,https://onlinelibrary.wiley.com/doi/pdfdirect/10.1002/smsc.202000044,https://doi.org/10.1002/smsc.202000044,Small Science,10.1002smsc.202000044,potassium thiocyanate assisted enhancement of slot die coated perovskite films for high performance solar cells,19.143206982445477,0.6,0.0,0.0,0.0,0.0,,,0.0,0.0,0.0,19.74320698244548
Controlling Tin Halide Perovskite Oxidation Dynamics in Solution for Perovskite Optoelectronic Devices,2024,10.1002/anie.202407193,https://openalex.org/W4396935921,28,True,https://onlinelibrary.wiley.com/doi/pdfdirect/10.1002/anie.202407193,https://doi.org/10.1002/anie.202407193,Angewandte Chemie International Edition,10.1002anie.202407193,controlling tin halide perovskite oxidation dynamics in solution for perovskite optoelectronic devices,16.83647914993237,0.9,1.0,2.0,0.0,0.0,,,0.0,0.0,0.0,19.736479149932368
A universal all-solid synthesis for high throughput production of halide perovskite,2022,10.1038/s41467-022-35122-7,https://openalex.org/W4310633711,44,True,https://www.nature.com/articles/s41467-022-35122-7.pdf,https://doi.org/10.1038/s41467-022-35122-7,Nature Communications,10.1038s41467-022-35122-7,a universal all solid synthesis for high throughput production of halide perovskite,19.033312448851596,0.7,0.0,0.0,0.0,0.0,,,0.0,0.0,0.0,19.733312448851596
"Carbon Electrodes for Perovskite Photovoltaics: Interfacial Properties, Meta‐analysis, and Prospects",2024,10.1002/solr.202300929,https://openalex.org/W4391232241,42,True,https://onlinelibrary.wiley.com/doi/pdfdirect/10.1002/solr.202300929,https://doi.org/10.1002/solr.202300929,Solar RRL,10.1002solr.202300929,carbon electrodes for perovskite photovoltaics interfacial properties meta analysis and prospects,18.806000578467813,0.9,0.0,0.0,0.0,0.0,,,0.0,0.0,0.0,19.706000578467812
Split-Ring Structured All-Inorganic Perovskite Photodetector Arrays for Masterly Internet of Things,2022,10.1007/s40820-022-00961-y,https://openalex.org/W4310588886,43,True,https://link.springer.com/content/pdf/10.1007/s40820-022-00961-y.pdf,https://doi.org/10.1007/s40820-022-00961-y,Nano-Micro Letters,10.1007s40820-022-00961-y,split ring structured all inorganic perovskite photodetector arrays for masterly internet of things,18.920948169591306,0.7,0.0,0.0,0.0,0.0,,,0.0,0.0,0.0,19.620948169591305
"Novel Materials in Perovskite Solar Cells: Efficiency, Stability, and Future Perspectives",2023,10.3390/nano13111724,https://openalex.org/W4378227681,42,True,https://www.mdpi.com/2079-4991/13/11/1724/pdf?version=1684994008,https://doi.org/10.3390/nano13111724,Nanomaterials,10.3390nano13111724,novel materials in perovskite solar cells efficiency stability and future perspectives,18.806000578467813,0.8,0.0,0.0,0.0,0.0,,,0.0,0.0,0.0,19.606000578467814
Template‐Assisted Formation of High‐Quality α‐Phase HC(NH2)2PbI3 Perovskite Solar Cells,2019,10.1002/advs.201901591,https://openalex.org/W2972755303,45,True,https://onlinelibrary.wiley.com/doi/pdfdirect/10.1002/advs.201901591,https://doi.org/10.1002/advs.201901591,Advanced Science,10.1002advs.201901591,template assisted formation of high quality phase hc nh2 2pbi3 perovskite solar cells,19.143206982445477,0.4,0.0,0.0,0.0,0.0,,,0.0,0.0,0.0,19.543206982445476
Controlling Homogenous Spherulitic Crystallization for High‐Efficiency Planar Perovskite Solar Cells Fabricated under Ambient High‐Humidity Conditions,2019,10.1002/smll.201904422,https://openalex.org/W2982149359,45,True,https://onlinelibrary.wiley.com/doi/pdfdirect/10.1002/smll.201904422,https://doi.org/10.1002/smll.201904422,Small,10.1002smll.201904422,controlling homogenous spherulitic crystallization for high efficiency planar perovskite solar cells fabricated under ambient high humidity conditions,19.143206982445477,0.4,0.0,0.0,0.0,0.0,,,0.0,0.0,0.0,19.543206982445476
Single‐particle perovskite lasers: from material properties to cavity design,2020,10.1515/nanoph-2019-0443,https://openalex.org/W3005424469,44,True,https://www.degruyter.com/document/doi/10.1515/nanoph-2019-0443/pdf,https://doi.org/10.1515/nanoph-2019-0443,Nanophotonics,10.1515nanoph-2019-0443,single particle perovskite lasers from material properties to cavity design,19.033312448851596,0.5,0.0,0.0,0.0,0.0,,,0.0,0.0,0.0,19.533312448851596
Multidimensional perovskite solar cells,2021,10.1016/j.fmre.2021.07.003,https://openalex.org/W3185295334,43,True,https://www.sciencedirect.com/science/article/pii/S2667325821001321/pdf,https://doi.org/10.1016/j.fmre.2021.07.003,Fundamental Research,10.1016j.fmre.2021.07.003,multidimensional perovskite solar cells,18.920948169591306,0.6,0.0,0.0,0.0,0.0,,,0.0,0.0,0.0,19.520948169591307
Probing charge carrier dynamics in metal halide perovskite solar cells,2022,10.1002/eom2.12268,https://openalex.org/W4306248822,42,True,https://onlinelibrary.wiley.com/doi/pdfdirect/10.1002/eom2.12268,https://doi.org/10.1002/eom2.12268,EcoMat,10.1002eom2.12268,probing charge carrier dynamics in metal halide perovskite solar cells,18.806000578467813,0.7,0.0,0.0,0.0,0.0,,,0.0,0.0,0.0,19.506000578467813
Advances in Photoelectric Detection Units for Imaging Based on Perovskite Materials,2022,10.1002/lpor.202100713,https://openalex.org/W4298314925,42,True,https://onlinelibrary.wiley.com/doi/pdfdirect/10.1002/lpor.202100713,https://doi.org/10.1002/lpor.202100713,Laser & Photonics Review,10.1002lpor.202100713,advances in photoelectric detection units for imaging based on perovskite materials,18.806000578467813,0.7,0.0,0.0,0.0,0.0,,,0.0,0.0,0.0,19.506000578467813
Surface Passivation by Sulfur-Based 2D (TEA)2PbI4 for Stable and Efficient Perovskite Solar Cells,2023,10.1021/acsomega.2c08126,https://openalex.org/W4361297883,41,True,,https://doi.org/10.1021/acsomega.2c08126,ACS Omega,10.1021acsomega.2c08126,surface passivation by sulfur based 2d tea 2pbi4 for stable and efficient perovskite solar cells,18.68834809141684,0.8,0.0,0.0,0.0,0.0,,,0.0,0.0,0.0,19.488348091416842
Bifunctional trifluorophenylacetic acid additive for stable and highly efficient flexible perovskite solar cell,2023,10.1002/inf2.12423,https://openalex.org/W4385581009,41,True,https://onlinelibrary.wiley.com/doi/pdfdirect/10.1002/inf2.12423,https://doi.org/10.1002/inf2.12423,InfoMat,10.1002inf2.12423,bifunctional trifluorophenylacetic acid additive for stable and highly efficient flexible perovskite solar cell,18.68834809141684,0.8,0.0,0.0,0.0,0.0,,,0.0,0.0,0.0,19.488348091416842
Two-dimensional materials in perovskite solar cells,2020,10.1088/2515-7655/ab9eab,https://openalex.org/W3036326460,43,True,https://iopscience.iop.org/article/10.1088/2515-7655/ab9eab/pdf,https://doi.org/10.1088/2515-7655/ab9eab,Journal of Physics Energy,10.10882515-7655ab9eab,two dimensional materials in perovskite solar cells,18.920948169591306,0.5,0.0,0.0,0.0,0.0,,,0.0,0.0,0.0,19.420948169591306
Toward high‐efficiency stable 2D/3D perovskite solar cells by incorporating multifunctional CNT:TiO2 additives into 3D perovskite layer,2022,10.1002/eom2.12166,https://openalex.org/W4206379827,41,True,https://onlinelibrary.wiley.com/doi/pdfdirect/10.1002/eom2.12166,https://doi.org/10.1002/eom2.12166,EcoMat,10.1002eom2.12166,toward high efficiency stable 2d 3d perovskite solar cells by incorporating multifunctional cnt tio2 additives into 3d perovskite layer,18.68834809141684,0.7,0.0,0.0,0.0,0.0,,,0.0,0.0,0.0,19.38834809141684
A Comprehensive Review of Tandem Solar Cells Integrated on Silicon Substrate: III/V vs Perovskite,2023,10.1007/s12633-023-02466-8,https://openalex.org/W4377942394,40,True,https://link.springer.com/content/pdf/10.1007/s12633-023-02466-8.pdf,https://doi.org/10.1007/s12633-023-02466-8,Silicon,10.1007s12633-023-02466-8,a comprehensive review of tandem solar cells integrated on silicon substrate iii v vs perovskite,18.56786033352154,0.8,0.0,0.0,0.0,0.0,,,0.0,0.0,0.0,19.36786033352154
Perceiving the temperature coefficients of carbon-based perovskite solar cells,2020,10.1039/d0se00782j,https://openalex.org/W3092765299,42,True,https://pubs.rsc.org/en/content/articlepdf/2020/se/d0se00782j,https://doi.org/10.1039/d0se00782j,Sustainable Energy & Fuels,10.1039d0se00782j,perceiving the temperature coefficients of carbon based perovskite solar cells,18.806000578467813,0.5,0.0,0.0,0.0,0.0,,,0.0,0.0,0.0,19.306000578467813
Using Soft Polymer Template Engineering of Mesoporous TiO2 Scaffolds to Increase Perovskite Grain Size and Solar Cell Efficiency,2020,10.1021/acsami.0c02248,https://openalex.org/W3014191866,42,True,https://pubs.acs.org/doi/pdf/10.1021/acsami.0c02248,https://doi.org/10.1021/acsami.0c02248,ACS Applied Materials & Interfaces,10.1021acsami.0c02248,using soft polymer template engineering of mesoporous tio2 scaffolds to increase perovskite grain size and solar cell efficiency,18.806000578467813,0.5,0.0,0.0,0.0,0.0,,,0.0,0.0,0.0,19.306000578467813
Mechanism of Additive-Assisted Room-Temperature Processing of Metal Halide Perovskite Thin Films,2021,10.1021/acsami.0c22630,https://openalex.org/W3135906013,41,True,https://www.osti.gov/servlets/purl/1777974,https://www.osti.gov/biblio/1782080,ACS Applied Materials & Interfaces,10.1021acsami.0c22630,mechanism of additive assisted room temperature processing of metal halide perovskite thin films,18.68834809141684,0.6,0.0,0.0,0.0,0.0,,,0.0,0.0,0.0,19.288348091416843
Columnar Grain Growth of Lead-Free Double Perovskite Using Mist Deposition Method for Sensitive X-ray Detectors,2021,10.1021/acs.cgd.1c00331,https://openalex.org/W3175486237,41,True,https://repository.kulib.kyoto-u.ac.jp/dspace/bitstream/2433/267475/1/acs.cgd.1c00331.pdf,http://hdl.handle.net/2433/267475,Crystal Growth & Design,10.1021acs.cgd.1c00331,columnar grain growth of lead free double perovskite using mist deposition method for sensitive x ray detectors,18.68834809141684,0.6,0.0,0.0,0.0,0.0,,,0.0,0.0,0.0,19.288348091416843
Phase Aggregation Suppression of Homogeneous Perovskites Processed in Ambient Condition toward Efficient Light‐Emitting Diodes,2021,10.1002/adfm.202103399,https://openalex.org/W3172036604,41,True,https://oist.repo.nii.ac.jp/record/2177/files/Manuscript.pdf,https://oist.repo.nii.ac.jp/records/2177,Advanced Functional Materials,10.1002adfm.202103399,phase aggregation suppression of homogeneous perovskites processed in ambient condition toward efficient light emitting diodes,18.68834809141684,0.6,0.0,0.0,0.0,0.0,,,0.0,0.0,0.0,19.288348091416843
Moisture resistance in perovskite solar cells attributed to a water-splitting layer,2021,10.1038/s43246-020-00104-z,https://openalex.org/W3127960326,41,True,https://www.nature.com/articles/s43246-020-00104-z.pdf,https://doi.org/10.1038/s43246-020-00104-z,Communications Materials,10.1038s43246-020-00104-z,moisture resistance in perovskite solar cells attributed to a water splitting layer,18.68834809141684,0.6,0.0,0.0,0.0,0.0,,,0.0,0.0,0.0,19.288348091416843
Advanced Strategies to Tailor the Nucleation and Crystal Growth in Hybrid Halide Perovskite Thin Films,2022,10.3389/fchem.2022.842924,https://openalex.org/W4224101315,40,True,https://www.frontiersin.org/articles/10.3389/fchem.2022.842924/pdf,https://doi.org/10.3389/fchem.2022.842924,Frontiers in Chemistry,10.3389fchem.2022.842924,advanced strategies to tailor the nucleation and crystal growth in hybrid halide perovskite thin films,18.56786033352154,0.7,0.0,0.0,0.0,0.0,,,0.0,0.0,0.0,19.26786033352154
Fully Printed HTL-Free MAPbI3 Perovskite Solar Cells with Carbon Electrodes,2023,10.3390/coatings13081338,https://openalex.org/W4385423349,21,True,https://www.mdpi.com/2079-6412/13/8/1338/pdf?version=1690625419,https://doi.org/10.3390/coatings13081338,Coatings,10.3390coatings13081338,fully printed htl free mapbi3 perovskite solar cells with carbon electrodes,15.45521226679158,0.8,1.5,3.0,0.0,0.0,,,0.0,0.0,0.0,19.25521226679158
3D Printing of Arbitrary Perovskite Nanowire Heterostructures,2023,10.1002/adfm.202212146,https://openalex.org/W4317584481,39,True,https://onlinelibrary.wiley.com/doi/pdfdirect/10.1002/adfm.202212146,https://doi.org/10.1002/adfm.202212146,Advanced Functional Materials,10.1002adfm.202212146,3d printing of arbitrary perovskite nanowire heterostructures,18.44439727056968,0.8,0.0,0.0,0.0,0.0,,,0.0,0.0,0.0,19.24439727056968
Research Progress of Green Solvent in CsPbBr3 Perovskite Solar Cells,2023,10.3390/nano13060991,https://openalex.org/W4323842689,39,True,https://www.mdpi.com/2079-4991/13/6/991/pdf?version=1678354053,https://doi.org/10.3390/nano13060991,Nanomaterials,10.3390nano13060991,research progress of green solvent in cspbbr3 perovskite solar cells,18.44439727056968,0.8,0.0,0.0,0.0,0.0,,,0.0,0.0,0.0,19.24439727056968
Toxicity of Perovskite Solar Cells,2023,10.3390/en16104007,https://openalex.org/W4376115372,39,True,https://www.mdpi.com/1996-1073/16/10/4007/pdf?version=1683705304,https://doi.org/10.3390/en16104007,Energies,10.3390en16104007,toxicity of perovskite solar cells,18.44439727056968,0.8,0.0,0.0,0.0,0.0,,,0.0,0.0,0.0,19.24439727056968
Perovskite-Based X-ray Detectors,2023,10.3390/nano13132024,https://openalex.org/W4383724316,39,True,https://www.mdpi.com/2079-4991/13/13/2024/pdf?version=1688716972,https://doi.org/10.3390/nano13132024,Nanomaterials,10.3390nano13132024,perovskite based x ray detectors,18.44439727056968,0.8,0.0,0.0,0.0,0.0,,,0.0,0.0,0.0,19.24439727056968
Roadmap on perovskite light-emitting diodes,2024,10.1088/2515-7647/ad46a6,https://openalex.org/W4396571115,38,True,,https://doi.org/10.1088/2515-7647/ad46a6,Journal of Physics Photonics,10.10882515-7647ad46a6,roadmap on perovskite light emitting diodes,18.317808230648232,0.9,0.0,0.0,0.0,0.0,,,0.0,0.0,0.0,19.21780823064823
Lead-Free Perovskites for Lighting and Lasing Applications: A Minireview,2019,10.3390/ma12233845,https://openalex.org/W2989855195,42,True,https://www.mdpi.com/1996-1944/12/23/3845/pdf?version=1574393010,https://doi.org/10.3390/ma12233845,Materials,10.3390ma12233845,lead free perovskites for lighting and lasing applications a minireview,18.806000578467813,0.4,0.0,0.0,0.0,0.0,,,0.0,0.0,0.0,19.206000578467812
Mixed-halide perovskite synthesis by chemical reaction and crystal nucleation under an optical potential,2019,10.1038/s41427-019-0131-0,https://openalex.org/W2954733184,42,True,https://www.nature.com/articles/s41427-019-0131-0.pdf,https://doi.org/10.1038/s41427-019-0131-0,NPG Asia Materials,10.1038s41427-019-0131-0,mixed halide perovskite synthesis by chemical reaction and crystal nucleation under an optical potential,18.806000578467813,0.4,0.0,0.0,0.0,0.0,,,0.0,0.0,0.0,19.206000578467812
Recent Progress in 2D/3D Multidimensional Metal Halide Perovskites Solar Cells,2020,10.3389/fmats.2020.601179,https://openalex.org/W3096768301,41,True,https://www.frontiersin.org/articles/10.3389/fmats.2020.601179/pdf,https://doi.org/10.3389/fmats.2020.601179,Frontiers in Materials,10.3389fmats.2020.601179,recent progress in 2d 3d multidimensional metal halide perovskites solar cells,18.68834809141684,0.5,0.0,0.0,0.0,0.0,,,0.0,0.0,0.0,19.18834809141684
Design Strategies and Emerging Applications of Perovskite‐Based Sensors,2025,10.1002/smm2.70022,https://openalex.org/W4411094334,37,True,https://onlinelibrary.wiley.com/doi/pdfdirect/10.1002/smm2.70022,https://doi.org/10.1002/smm2.70022,SmartMat,10.1002smm2.70022,design strategies and emerging applications of perovskite based sensors,18.18793079863193,1.0,0.0,0.0,0.0,0.0,,,0.0,0.0,0.0,19.18793079863193
DMSO-Free Tin Halide Perovskites for Indoor Photovoltaics,2025,10.1021/acsenergylett.5c01581,https://openalex.org/W4412400503,16,True,https://pubs.acs.org/doi/pdf/10.1021/acsenergylett.5c01581?ref=article_openPDF,https://doi.org/10.1021/acsenergylett.5c01581,ACS Energy Letters,10.1021acsenergylett.5c01581,dmso free tin halide perovskites for indoor photovoltaics,14.16606672028108,1.0,2.0,4.0,0.0,0.0,,,0.0,0.0,0.0,19.16606672028108
Review on flexible perovskite photodetector: processing and applications,2023,10.1007/s11465-023-0749-z,https://openalex.org/W4384073865,38,True,https://link.springer.com/content/pdf/10.1007/s11465-023-0749-z.pdf,https://doi.org/10.1007/s11465-023-0749-z,Frontiers of Mechanical Engineering,10.1007s11465-023-0749-z,review on flexible perovskite photodetector processing and applications,18.317808230648232,0.8,0.0,0.0,0.0,0.0,,,0.0,0.0,0.0,19.117808230648233
Graphene-engineered automated sprayed mesoscopic structure for perovskite device scaling-up,2018,10.1088/2053-1583/aad983,https://openalex.org/W2887422552,42,True,https://iopscience.iop.org/article/10.1088/2053-1583/aad983/pdf,https://doi.org/10.1088/2053-1583/aad983,2D Materials,10.10882053-1583aad983,graphene engineered automated sprayed mesoscopic structure for perovskite device scaling up,18.806000578467813,0.3,0.0,0.0,0.0,0.0,,,0.0,0.0,0.0,19.106000578467814
Laser Technology for Perovskite: Fabrication and Applications,2024,10.1002/admt.202302033,https://openalex.org/W4392467172,37,True,https://onlinelibrary.wiley.com/doi/pdfdirect/10.1002/admt.202302033,https://doi.org/10.1002/admt.202302033,Advanced Materials Technologies,10.1002admt.202302033,laser technology for perovskite fabrication and applications,18.18793079863193,0.9,0.0,0.0,0.0,0.0,,,0.0,0.0,0.0,19.087930798631927
Room temperature nanoparticulate interfacial layers for perovskite solar cells via solvothermal synthesis,2017,10.1039/c7ta03802j,https://openalex.org/W2750740571,42,True,https://pubs.rsc.org/en/content/articlepdf/2017/ta/c7ta03802j,https://doi.org/10.1039/c7ta03802j,Journal of Materials Chemistry A,10.1039c7ta03802j,room temperature nanoparticulate interfacial layers for perovskite solar cells via solvothermal synthesis,18.806000578467813,0.2,0.0,0.0,0.0,0.0,,,0.0,0.0,0.0,19.006000578467813
Role of fullerene electron transport layer on the morphology and optoelectronic properties of perovskite solar cells,2017,10.1016/j.orgel.2017.08.001,https://openalex.org/W2742750024,42,True,https://unsworks.unsw.edu.au/bitstreams/a20c75ad-ef9b-4320-a430-f25db77295d3/download,http://hdl.handle.net/1959.4/unsworks_55361,Organic Electronics,10.1016j.orgel.2017.08.001,role of fullerene electron transport layer on the morphology and optoelectronic properties of perovskite solar cells,18.806000578467813,0.2,0.0,0.0,0.0,0.0,,,0.0,0.0,0.0,19.006000578467813
Stability improvements of metal halide perovskite nanocrystals and their optoelectrical applications,2023,10.1039/d2qm01355j,https://openalex.org/W4321796010,37,True,https://pubs.rsc.org/en/content/articlepdf/2023/qm/d2qm01355j,https://doi.org/10.1039/d2qm01355j,Materials Chemistry Frontiers,10.1039d2qm01355j,stability improvements of metal halide perovskite nanocrystals and their optoelectrical applications,18.18793079863193,0.8,0.0,0.0,0.0,0.0,,,0.0,0.0,0.0,18.98793079863193
Inductive and Capacitive Hysteresis of Halide Perovskite Solar Cells and Memristors Under Illumination,2022,10.3389/fenrg.2022.914115,https://openalex.org/W4285794897,37,True,https://www.frontiersin.org/articles/10.3389/fenrg.2022.914115/pdf,https://doi.org/10.3389/fenrg.2022.914115,Frontiers in Energy Research,10.3389fenrg.2022.914115,inductive and capacitive hysteresis of halide perovskite solar cells and memristors under illumination,18.18793079863193,0.7,0.0,0.0,0.0,0.0,,,0.0,0.0,0.0,18.887930798631928
"Major Impediment to Highly Efficient, Stable and Low-Cost Perovskite Solar Cells",2018,10.3390/met8110964,https://openalex.org/W2900951579,39,True,https://www.mdpi.com/2075-4701/8/11/964/pdf?version=1542627031,https://doi.org/10.3390/met8110964,Metals,10.3390met8110964,major impediment to highly efficient stable and low cost perovskite solar cells,18.44439727056968,0.3,0.0,0.0,0.0,0.0,,,0.0,0.0,0.0,18.74439727056968
Controlling Nuclei Growth and Phase Transition of CsFA‐Based Perovskite During Slot‐Die Coating via Solvent Engineering for High‐Performance Solar Cells and Modules,2025,10.1002/adfm.202418777,https://openalex.org/W4407382215,18,True,https://onlinelibrary.wiley.com/doi/pdfdirect/10.1002/adfm.202418777,https://doi.org/10.1002/adfm.202418777,Advanced Functional Materials,10.1002adfm.202418777,controlling nuclei growth and phase transition of csfa based perovskite during slot die coating via solvent engineering for high performance solar cells and modules,14.722194895832201,1.0,1.5,3.0,0.0,0.0,,,0.0,0.0,0.0,18.722194895832203
Fast Solidification and Slow Growth Strategy for High‐Performance Quasi‐2D Perovskite Solar Cells,2023,10.1002/aenm.202300168,https://openalex.org/W4327968165,35,True,https://onlinelibrary.wiley.com/doi/pdfdirect/10.1002/aenm.202300168,https://doi.org/10.1002/aenm.202300168,Advanced Energy Materials,10.1002aenm.202300168,fast solidification and slow growth strategy for high performance quasi 2d perovskite solar cells,17.91759469228055,0.8,0.0,0.0,0.0,0.0,,,0.0,0.0,0.0,18.71759469228055
Multi-environment phase stabilization by lattice reinforcement for efficient perovskite solar cells,2023,10.1007/s40843-022-2400-9,https://openalex.org/W4366549122,35,True,https://link.springer.com/content/pdf/10.1007/s40843-022-2400-9.pdf,https://doi.org/10.1007/s40843-022-2400-9,Science China Materials,10.1007s40843-022-2400-9,multi environment phase stabilization by lattice reinforcement for efficient perovskite solar cells,17.91759469228055,0.8,0.0,0.0,0.0,0.0,,,0.0,0.0,0.0,18.71759469228055
Scribing Method for Carbon Perovskite Solar Modules,2020,10.3390/en13071589,https://openalex.org/W3014500870,37,True,https://www.mdpi.com/1996-1073/13/7/1589/pdf?version=1585735232,https://doi.org/10.3390/en13071589,Energies,10.3390en13071589,scribing method for carbon perovskite solar modules,18.18793079863193,0.5,0.0,0.0,0.0,0.0,,,0.0,0.0,0.0,18.68793079863193
Femtosecond laser direct nanolithography of perovskite hydration for temporally programmable holograms,2024,10.1038/s41467-024-51148-5,https://openalex.org/W4401407835,34,True,https://www.nature.com/articles/s41467-024-51148-5.pdf,https://doi.org/10.1038/s41467-024-51148-5,Nature Communications,10.1038s41467-024-51148-5,femtosecond laser direct nanolithography of perovskite hydration for temporally programmable holograms,17.776740307447067,0.9,0.0,0.0,0.0,0.0,,,0.0,0.0,0.0,18.676740307447066
Revolutionizing Perovskite Solar Cells with Carbon Electrodes: Innovations and Economic Potential,2025,10.1002/adfm.202422020,https://openalex.org/W4406272038,33,True,https://onlinelibrary.wiley.com/doi/pdfdirect/10.1002/adfm.202422020,https://doi.org/10.1002/adfm.202422020,Advanced Functional Materials,10.1002adfm.202422020,revolutionizing perovskite solar cells with carbon electrodes innovations and economic potential,17.63180262308081,1.0,0.0,0.0,0.0,0.0,,,0.0,0.0,0.0,18.63180262308081
Key Advancements and Emerging Trends of Perovskite Solar Cells in 2024–2025,2026,10.1007/s40820-025-02022-6,https://openalex.org/W7124275782,32,True,https://link.springer.com/content/pdf/10.1007/s40820-025-02022-6.pdf,https://doi.org/10.1007/s40820-025-02022-6,Nano-Micro Letters,10.1007s40820-025-02022-6,key advancements and emerging trends of perovskite solar cells in 2024 2025,17.482537807332402,1.1,0.0,0.0,0.0,0.0,,,0.0,0.0,0.0,18.582537807332404
SnO 2 ink engineering for printing efficient flexible perovskite solar modules,2025,10.1126/sciadv.adu1116,https://openalex.org/W4415525431,14,True,https://www.science.org/doi/pdf/10.1126/sciadv.adu1116?download=true,https://doi.org/10.1126/sciadv.adu1116,Science Advances,10.1126sciadv.adu1116,sno 2 ink engineering for printing efficient flexible perovskite solar modules,13.54025100551105,1.0,2.0,4.0,0.0,0.0,,,0.0,0.0,0.0,18.540251005511053
Tailoring Precursor‐Solvent Coordination Controls the Crystallization Kinetics and Nuclei Growth for Phase Homogenization in Wide‐Bandgap Perovskite Solar Cells,2025,10.1002/advs.202507660,https://openalex.org/W4416228688,14,True,https://onlinelibrary.wiley.com/doi/pdfdirect/10.1002/advs.202507660,https://doi.org/10.1002/advs.202507660,Advanced Science,10.1002advs.202507660,tailoring precursor solvent coordination controls the crystallization kinetics and nuclei growth for phase homogenization in wide bandgap perovskite solar cells,13.54025100551105,1.0,2.0,4.0,0.0,0.0,,,0.0,0.0,0.0,18.540251005511053
Progress of Perovskite Solar Modules,2021,10.1002/aesr.202000051,https://openalex.org/W3157605179,35,True,https://onlinelibrary.wiley.com/doi/pdfdirect/10.1002/aesr.202000051,https://doi.org/10.1002/aesr.202000051,Advanced Energy and Sustainability Research,10.1002aesr.202000051,progress of perovskite solar modules,17.91759469228055,0.6,0.0,0.0,0.0,0.0,,,0.0,0.0,0.0,18.51759469228055
Vapour-deposited high-performance tin perovskite transistors,2025,10.1038/s41928-025-01380-8,https://openalex.org/W4409868553,32,True,https://www.nature.com/articles/s41928-025-01380-8.pdf,https://doi.org/10.1038/s41928-025-01380-8,Nature Electronics,10.1038s41928-025-01380-8,vapour deposited high performance tin perovskite transistors,17.482537807332402,1.0,0.0,0.0,0.0,0.0,,,0.0,0.0,0.0,18.482537807332402
Advances in components engineering in vapor deposited perovskite thin film for photovoltaic application,2022,10.1016/j.mtadv.2022.100277,https://openalex.org/W4292289372,34,True,https://www.sciencedirect.com/science/article/pii/S259004982200073X/pdf,https://doi.org/10.1016/j.mtadv.2022.100277,Materials Today Advances,10.1016j.mtadv.2022.100277,advances in components engineering in vapor deposited perovskite thin film for photovoltaic application,17.776740307447067,0.7,0.0,0.0,0.0,0.0,,,0.0,0.0,0.0,18.476740307447066
Opportunities for machine learning to accelerate halide-perovskite commercialization and scale-up,2022,10.1016/j.matt.2022.04.016,https://openalex.org/W3206564097,34,True,https://dspace.mit.edu/bitstream/1721.1/155228/1/2110.03923v1.pdf,https://hdl.handle.net/1721.1/155228,Matter,10.1016j.matt.2022.04.016,opportunities for machine learning to accelerate halide perovskite commercialization and scale up,17.776740307447067,0.7,0.0,0.0,0.0,0.0,,,0.0,0.0,0.0,18.476740307447066
Highly Efficient 3D‐Printed PVDF‐Based Triboelectric Nanogenerators Featuring Polymorphic Perovskite Nanofillers,2025,10.1002/adfm.202424271,https://openalex.org/W4409966556,17,True,https://onlinelibrary.wiley.com/doi/pdfdirect/10.1002/adfm.202424271,https://doi.org/10.1002/adfm.202424271,Advanced Functional Materials,10.1002adfm.202424271,highly efficient 3d printed pvdf based triboelectric nanogenerators featuring polymorphic perovskite nanofillers,14.451858789480823,1.0,1.5,3.0,0.0,0.0,,,0.0,0.0,0.0,18.451858789480823
Sustainable materials acceleration platform reveals stable and efficient wide-bandgap metal halide perovskite alloys,2023,10.1016/j.matt.2023.06.040,https://openalex.org/W4385238037,33,True,https://eciencia.urjc.es/bitstream/10115/26799/3/Accepted_RoboMapper%20Manuscript_revision_Final.pdf,https://hdl.handle.net/10115/26799,Matter,10.1016j.matt.2023.06.040,sustainable materials acceleration platform reveals stable and efficient wide bandgap metal halide perovskite alloys,17.63180262308081,0.8,0.0,0.0,0.0,0.0,,,0.0,0.0,0.0,18.43180262308081
Flexible Perovskite Solar Cells: Progress and Prospects,2021,10.3389/fmats.2021.634353,https://openalex.org/W3136462598,34,True,https://www.frontiersin.org/articles/10.3389/fmats.2021.634353/pdf,https://doi.org/10.3389/fmats.2021.634353,Frontiers in Materials,10.3389fmats.2021.634353,flexible perovskite solar cells progress and prospects,17.776740307447067,0.6,0.0,0.0,0.0,0.0,,,0.0,0.0,0.0,18.37674030744707
Green Light-Emitting Devices Based on Perovskite CsPbBr3 Quantum Dots,2018,10.3389/fchem.2018.00381,https://openalex.org/W2888955107,36,True,https://www.frontiersin.org/articles/10.3389/fchem.2018.00381/pdf,https://doi.org/10.3389/fchem.2018.00381,Frontiers in Chemistry,10.3389fchem.2018.00381,green light emitting devices based on perovskite cspbbr3 quantum dots,18.05458956322112,0.3,0.0,0.0,0.0,0.0,,,0.0,0.0,0.0,18.354589563221122
Upscaling of Carbon-Based Perovskite Solar Module,2023,10.3390/nano13020313,https://openalex.org/W4315781425,32,True,https://www.mdpi.com/2079-4991/13/2/313/pdf?version=1673497275,https://doi.org/10.3390/nano13020313,Nanomaterials,10.3390nano13020313,upscaling of carbon based perovskite solar module,17.482537807332402,0.8,0.0,0.0,0.0,0.0,,,0.0,0.0,0.0,18.282537807332403
Key Parameters and Thresholds Values for Obtaining High Performance Perovskite Solar Cells Indoors from Full Br Compositional and Bandgap Engineering,2023,10.1021/acsaem.2c03394,https://openalex.org/W4360827087,32,True,https://pubs.acs.org/doi/pdf/10.1021/acsaem.2c03394,https://doi.org/10.1021/acsaem.2c03394,ACS Applied Energy Materials,10.1021acsaem.2c03394,key parameters and thresholds values for obtaining high performance perovskite solar cells indoors from full br compositional and bandgap engineering,17.482537807332402,0.8,0.0,0.0,0.0,0.0,,,0.0,0.0,0.0,18.282537807332403
Organic–inorganic hybrid perovskite materials and their application in transistors,2023,10.1039/d3qm00697b,https://openalex.org/W4384914661,32,True,https://pubs.rsc.org/en/content/articlepdf/2023/qm/d3qm00697b,https://doi.org/10.1039/d3qm00697b,Materials Chemistry Frontiers,10.1039d3qm00697b,organic inorganic hybrid perovskite materials and their application in transistors,17.482537807332402,0.8,0.0,0.0,0.0,0.0,,,0.0,0.0,0.0,18.282537807332403
Remanufacturing Perovskite Solar Cells and Modules–A Holistic Case Study,2024,10.1021/acssusresmgt.3c00042,https://openalex.org/W4391401354,31,True,,https://doi.org/10.1021/acssusresmgt.3c00042,ACS Sustainable Resource Management,10.1021acssusresmgt.3c00042,remanufacturing perovskite solar cells and modules a holistic case study,17.328679513998633,0.9,0.0,0.0,0.0,0.0,,,0.0,0.0,0.0,18.22867951399863
Selection of the ultimate perovskite solar cell materials and fabrication processes towards its industrialization: A review,2022,10.1002/ese3.1084,https://openalex.org/W4213453666,32,True,https://onlinelibrary.wiley.com/doi/pdfdirect/10.1002/ese3.1084,https://doi.org/10.1002/ese3.1084,Energy Science & Engineering,10.1002ese3.1084,selection of the ultimate perovskite solar cell materials and fabrication processes towards its industrialization a review,17.482537807332402,0.7,0.0,0.0,0.0,0.0,,,0.0,0.0,0.0,18.1825378073324
Recent Advances in Inverted Perovskite Solar Cells: Designing and Fabrication,2022,10.3390/ijms231911792,https://openalex.org/W4303699242,32,True,https://www.mdpi.com/1422-0067/23/19/11792/pdf?version=1665311913,https://doi.org/10.3390/ijms231911792,International Journal of Molecular Sciences,10.3390ijms231911792,recent advances in inverted perovskite solar cells designing and fabrication,17.482537807332402,0.7,0.0,0.0,0.0,0.0,,,0.0,0.0,0.0,18.1825378073324
A Review on Improving the Quality of Perovskite Films in Perovskite Solar Cells via the Weak Forces Induced by Additives,2019,10.3390/app9204393,https://openalex.org/W2980846990,34,True,https://www.mdpi.com/2076-3417/9/20/4393/pdf?version=1571302414,https://doi.org/10.3390/app9204393,Applied Sciences,10.3390app9204393,a review on improving the quality of perovskite films in perovskite solar cells via the weak forces induced by additives,17.776740307447067,0.4,0.0,0.0,0.0,0.0,,,0.0,0.0,0.0,18.176740307447066
Patterning of Metal Halide Perovskite Thin Films and Functional Layers for Optoelectronic Applications,2023,10.1007/s40820-023-01154-x,https://openalex.org/W4384625968,31,True,https://link.springer.com/content/pdf/10.1007/s40820-023-01154-x.pdf,https://doi.org/10.1007/s40820-023-01154-x,Nano-Micro Letters,10.1007s40820-023-01154-x,patterning of metal halide perovskite thin films and functional layers for optoelectronic applications,17.328679513998633,0.8,0.0,0.0,0.0,0.0,,,0.0,0.0,0.0,18.128679513998634
Polymer Boosts High Performance Perovskite Solar Cells: A Review,2023,10.1002/adom.202301623,https://openalex.org/W4386380544,31,True,https://onlinelibrary.wiley.com/doi/pdfdirect/10.1002/adom.202301623,https://doi.org/10.1002/adom.202301623,Advanced Optical Materials,10.1002adom.202301623,polymer boosts high performance perovskite solar cells a review,17.328679513998633,0.8,0.0,0.0,0.0,0.0,,,0.0,0.0,0.0,18.128679513998634
Review—Perovskite/Spinel Based Graphene Derivatives Electrochemical and Biosensors,2021,10.1149/1945-7111/ac0306,https://openalex.org/W3163801970,32,True,https://iopscience.iop.org/article/10.1149/1945-7111/ac0306/pdf,https://doi.org/10.1149/1945-7111/ac0306,Journal of The Electrochemical Society,10.11491945-7111ac0306,review perovskite spinel based graphene derivatives electrochemical and biosensors,17.482537807332402,0.6,0.0,0.0,0.0,0.0,,,0.0,0.0,0.0,18.082537807332404
Regulating the Crystallization of FAPbI3‐Based Perovskite with a Furan Substituted Ethylammonium Additive for Achieving Highly Efficient Solar Cells,2024,10.1002/adfm.202404099,https://openalex.org/W4399290961,30,True,https://documentserver.uhasselt.be//bitstream/1942/43266/2/AFM_Additive.pdf,http://hdl.handle.net/1942/43266,Advanced Functional Materials,10.1002adfm.202404099,regulating the crystallization of fapbi3 based perovskite with a furan substituted ethylammonium additive for achieving highly efficient solar cells,17.16993602242573,0.9,0.0,0.0,0.0,0.0,,,0.0,0.0,0.0,18.06993602242573
Perovskite photo-detectors (PVSK-PDs) for visible light communication,2019,10.1016/j.orgel.2019.03.008,https://openalex.org/W2922502678,33,True,https://iris.uniroma1.it/bitstream/11573/1247018/5/Perovskite%20Photo-Detectors%20%28PVSK-PDs%29%20for%20Visible%20Light%20Communication%20PREPRINT.pdf,http://hdl.handle.net/11573/1247018,Organic Electronics,10.1016j.orgel.2019.03.008,perovskite photo detectors pvsk pds for visible light communication,17.63180262308081,0.4,0.0,0.0,0.0,0.0,,,0.0,0.0,0.0,18.031802623080807
Charge transport materials for mesoscopic perovskite solar cells,2022,10.1039/d2tc00828a,https://openalex.org/W4285263206,31,True,https://pubs.rsc.org/en/content/articlepdf/2022/tc/d2tc00828a,https://doi.org/10.1039/d2tc00828a,Journal of Materials Chemistry C,10.1039d2tc00828a,charge transport materials for mesoscopic perovskite solar cells,17.328679513998633,0.7,0.0,0.0,0.0,0.0,,,0.0,0.0,0.0,18.028679513998632
Pathways to High Efficiency Perovskite Monolithic Solar Modules,2022,10.1103/prxenergy.1.013004,https://openalex.org/W4280542502,31,True,http://link.aps.org/pdf/10.1103/PRXEnergy.1.013004,https://doi.org/10.1103/prxenergy.1.013004,PRX Energy,10.1103prxenergy.1.013004,pathways to high efficiency perovskite monolithic solar modules,17.328679513998633,0.7,0.0,0.0,0.0,0.0,,,0.0,0.0,0.0,18.028679513998632
Unraveling the roles of mesoporous TiO2 framework in CH3NH3PbI3 perovskite solar cells,2020,10.1007/s40843-020-1306-0,https://openalex.org/W3024762574,32,True,https://link.springer.com/content/pdf/10.1007/s40843-020-1306-0.pdf,https://doi.org/10.1007/s40843-020-1306-0,Science China Materials,10.1007s40843-020-1306-0,unraveling the roles of mesoporous tio2 framework in ch3nh3pbi3 perovskite solar cells,17.482537807332402,0.5,0.0,0.0,0.0,0.0,,,0.0,0.0,0.0,17.982537807332402
Transfer-Printed Cuprous Iodide (CuI) Hole Transporting Layer for Low Temperature Processed Perovskite Solar Cells,2022,10.3390/nano12091467,https://openalex.org/W4224853196,16,True,https://www.mdpi.com/2079-4991/12/9/1467/pdf?version=1650958017,https://doi.org/10.3390/nano12091467,Nanomaterials,10.3390nano12091467,transfer printed cuprous iodide cui hole transporting layer for low temperature processed perovskite solar cells,14.16606672028108,0.7,1.5,3.0,0.0,0.0,,,0.0,0.0,0.0,17.86606672028108
Extraordinary Interfacial Stitching between Single All-Inorganic Perovskite Nanocrystals,2018,10.1021/acsami.7b17432,https://openalex.org/W2790995860,32,True,https://pubs.acs.org/doi/pdf/10.1021/acsami.7b17432,https://doi.org/10.1021/acsami.7b17432,ACS Applied Materials & Interfaces,10.1021acsami.7b17432,extraordinary interfacial stitching between single all inorganic perovskite nanocrystals,17.482537807332402,0.3,0.0,0.0,0.0,0.0,,,0.0,0.0,0.0,17.782537807332403
Progress in flexible perovskite solar cells with improved efficiency,2021,10.1088/1674-4926/42/10/101605,https://openalex.org/W3199379277,30,True,https://iopscience.iop.org/article/10.1088/1674-4926/42/10/101605/pdf,https://doi.org/10.1088/1674-4926/42/10/101605,Journal of Semiconductors,10.10881674-49264210101605,progress in flexible perovskite solar cells with improved efficiency,17.16993602242573,0.6,0.0,0.0,0.0,0.0,,,0.0,0.0,0.0,17.769936022425732
Growth and Characterization of PDMS-Stamped Halide Perovskite Single Microcrystals,2016,10.1021/acs.jpcc.6b02011,https://openalex.org/W2329877484,33,True,,https://dare.uva.nl/personal/pure/en/publications/growth-and-characterization-of-pdmsstamped-halide-perovskite-single-microcrystals(e9a6a5c4-69c2-4c07-b9ce-a2536bd253cd).html,The Journal of Physical Chemistry C,10.1021acs.jpcc.6b02011,growth and characterization of pdms stamped halide perovskite single microcrystals,17.63180262308081,0.1,0.0,0.0,0.0,0.0,,,0.0,0.0,0.0,17.73180262308081
Photoluminescence Intensity Enhancement in Tin Halide Perovskites,2022,10.1002/advs.202202795,https://openalex.org/W4295911134,29,True,https://onlinelibrary.wiley.com/doi/pdfdirect/10.1002/advs.202202795,https://doi.org/10.1002/advs.202202795,Advanced Science,10.1002advs.202202795,photoluminescence intensity enhancement in tin halide perovskites,17.005986908310778,0.7,0.0,0.0,0.0,0.0,,,0.0,0.0,0.0,17.705986908310777
Innovative Approaches to Semi-Transparent Perovskite Solar Cells,2023,10.3390/nano13061084,https://openalex.org/W4327737245,28,True,,https://doi.org/10.3390/nano13061084,Nanomaterials,10.3390nano13061084,innovative approaches to semi transparent perovskite solar cells,16.83647914993237,0.8,0.0,0.0,0.0,0.0,,,0.0,0.0,0.0,17.63647914993237
Robust perovskite formation via vacuum thermal annealing for indoor perovskite solar cells,2023,10.1038/s41598-023-37155-4,https://openalex.org/W4383374967,28,True,https://www.nature.com/articles/s41598-023-37155-4.pdf,https://doi.org/10.1038/s41598-023-37155-4,Scientific Reports,10.1038s41598-023-37155-4,robust perovskite formation via vacuum thermal annealing for indoor perovskite solar cells,16.83647914993237,0.8,0.0,0.0,0.0,0.0,,,0.0,0.0,0.0,17.63647914993237
Weakening Solvent‐Solute Interactions for High‐Efficiency Screen‐Printed Perovskite Solar Cells,2025,10.1002/anie.202501350,https://openalex.org/W4407371774,14,True,https://onlinelibrary.wiley.com/doi/pdfdirect/10.1002/anie.202501350,https://doi.org/10.1002/anie.202501350,Angewandte Chemie International Edition,10.1002anie.202501350,weakening solvent solute interactions for high efficiency screen printed perovskite solar cells,13.54025100551105,1.0,1.5,3.0,0.0,0.0,,,0.0,0.0,0.0,17.540251005511053
Potential and perspectives of halide perovskites in light emitting devices,2023,10.1186/s40580-023-00395-1,https://openalex.org/W4387597466,27,True,https://nanoconvergencejournal.springeropen.com/counter/pdf/10.1186/s40580-023-00395-1,https://doi.org/10.1186/s40580-023-00395-1,Nano Convergence,10.1186s40580-023-00395-1,potential and perspectives of halide perovskites in light emitting devices,16.66102255087602,0.8,0.0,0.0,0.0,0.0,,,0.0,0.0,0.0,17.46102255087602
The role of solvents in the formation of methylammonium lead triiodide perovskite,2021,10.1016/j.jechem.2021.12.030,https://openalex.org/W3208786999,28,True,https://www.sciencedirect.com/science/article/pii/S2095495621006926/pdf,https://doi.org/10.1016/j.jechem.2021.12.030,Journal of Energy Chemistry,10.1016j.jechem.2021.12.030,the role of solvents in the formation of methylammonium lead triiodide perovskite,16.83647914993237,0.6,0.0,0.0,0.0,0.0,,,0.0,0.0,0.0,17.43647914993237
Advances in Perovskite Light-Emitting Diodes Possessing Improved Lifetime,2021,10.3390/nano11010103,https://openalex.org/W3119191501,28,True,https://www.mdpi.com/2079-4991/11/1/103/pdf?version=1609852088,https://doi.org/10.3390/nano11010103,Nanomaterials,10.3390nano11010103,advances in perovskite light emitting diodes possessing improved lifetime,16.83647914993237,0.6,0.0,0.0,0.0,0.0,,,0.0,0.0,0.0,17.43647914993237
Novel Solvent-free Perovskite Deposition in Fabrication of Normal and Inverted Architectures of Perovskite Solar Cells,2016,10.1038/srep33649,https://openalex.org/W2522599436,31,True,https://www.nature.com/articles/srep33649.pdf,https://doi.org/10.1038/srep33649,Scientific Reports,10.1038srep33649,novel solvent free perovskite deposition in fabrication of normal and inverted architectures of perovskite solar cells,17.328679513998633,0.1,0.0,0.0,0.0,0.0,,,0.0,0.0,0.0,17.428679513998635
Piezoelectricity in chalcogenide perovskites,2024,10.1038/s41467-024-50130-5,https://openalex.org/W4400439429,26,True,,https://doi.org/10.1038/s41467-024-50130-5,Nature Communications,10.1038s41467-024-50130-5,piezoelectricity in chalcogenide perovskites,16.479184330021646,0.9,0.0,0.0,0.0,0.0,,,0.0,0.0,0.0,17.379184330021644
Rapid Crystallization of All-Inorganic CsPbBr 3 Perovskite for High-Brightness Light-Emitting Diodes,2017,10.1021/acsomega.7b00360,https://openalex.org/W2625638906,30,True,https://pubs.acs.org/doi/pdf/10.1021/acsomega.7b00360?ref=article_openPDF,https://doi.org/10.1021/acsomega.7b00360,ACS Omega,10.1021acsomega.7b00360,rapid crystallization of all inorganic cspbbr 3 perovskite for high brightness light emitting diodes,17.16993602242573,0.2,0.0,0.0,0.0,0.0,,,0.0,0.0,0.0,17.36993602242573
Binary solvent engineering for small-molecular organic semiconductor crystallization,2023,10.1039/d2ma00726f,https://openalex.org/W4313909085,26,True,https://pubs.rsc.org/en/content/articlepdf/2023/ma/d2ma00726f,https://doi.org/10.1039/d2ma00726f,Materials Advances,10.1039d2ma00726f,binary solvent engineering for small molecular organic semiconductor crystallization,16.479184330021646,0.8,0.0,0.0,0.0,0.0,,,0.0,0.0,0.0,17.279184330021646
The Impact of Stoichiometry on the Photophysical Properties of Ruddlesden–Popper Perovskites,2019,10.1002/adfm.201907505,https://openalex.org/W2990003664,28,True,https://onlinelibrary.wiley.com/doi/pdfdirect/10.1002/adfm.201907505,https://doi.org/10.1002/adfm.201907505,Advanced Functional Materials,10.1002adfm.201907505,the impact of stoichiometry on the photophysical properties of ruddlesden popper perovskites,16.83647914993237,0.4,0.0,0.0,0.0,0.0,,,0.0,0.0,0.0,17.236479149932368
Governing the dispersion of quasi-2D perovskite phases toward efficient and stable perovskite solar cells,2024,10.1016/j.matt.2024.05.047,https://openalex.org/W4400040747,25,True,http://www.cell.com/article/S2590238524003175/pdf,https://doi.org/10.1016/j.matt.2024.05.047,Matter,10.1016j.matt.2024.05.047,governing the dispersion of quasi 2d perovskite phases toward efficient and stable perovskite solar cells,16.29048269010741,0.9,0.0,0.0,0.0,0.0,,,0.0,0.0,0.0,17.19048269010741
Semitransparent organic and perovskite photovoltaics for agrivoltaic applications,2024,10.1039/d4ya00492b,https://openalex.org/W4404187972,25,True,https://pubs.rsc.org/en/content/articlepdf/2025/ya/d4ya00492b,https://doi.org/10.1039/d4ya00492b,Energy Advances,10.1039d4ya00492b,semitransparent organic and perovskite photovoltaics for agrivoltaic applications,16.29048269010741,0.9,0.0,0.0,0.0,0.0,,,0.0,0.0,0.0,17.19048269010741
Perovskite photonic crystal photoelectric devices,2022,10.1063/5.0106118,https://openalex.org/W4312118566,26,True,https://aip.scitation.org/doi/pdf/10.1063/5.0106118,https://doi.org/10.1063/5.0106118,Applied Physics Reviews,10.10635.0106118,perovskite photonic crystal photoelectric devices,16.479184330021646,0.7,0.0,0.0,0.0,0.0,,,0.0,0.0,0.0,17.179184330021645
Perovskite solar cells from lab to fab: the main challenges to access the market,2020,10.1093/oxfmat/itaa007,https://openalex.org/W3113273757,27,True,https://academic.oup.com/ooms/article-pdf/1/1/itaa007/45723512/itaa007.pdf,https://doi.org/10.1093/oxfmat/itaa007,Oxford Open Materials Science,10.1093oxfmatitaa007,perovskite solar cells from lab to fab the main challenges to access the market,16.66102255087602,0.5,0.0,0.0,0.0,0.0,,,0.0,0.0,0.0,17.16102255087602
Interlayer Engineering for Flexible Large-Area Planar Perovskite Solar Cells,2019,10.1021/acsaem.9b01924,https://openalex.org/W2995572235,18,True,https://dr.ntu.edu.sg/bitstream/10356/142542/2/LIJIA_etal.pdf,https://hdl.handle.net/10356/142542,ACS Applied Energy Materials,10.1021acsaem.9b01924,interlayer engineering for flexible large area planar perovskite solar cells,14.722194895832201,0.4,1.0,2.0,0.0,0.0,,,0.0,0.0,0.0,17.1221948958322
Printed High‐Entropy Prussian Blue Analogs for Advanced Non‐Volatile Memristive Devices,2024,10.1002/adma.202410060,https://openalex.org/W4404544314,13,True,,https://doi.org/10.1002/adma.202410060,Advanced Materials,10.1002adma.202410060,printed high entropy prussian blue analogs for advanced non volatile memristive devices,13.195286648076292,0.9,1.5,3.0,0.0,0.0,,,0.0,0.0,0.0,17.095286648076293
Predicting Low Toxicity and Scalable Solvent Systems for High‐Speed Roll‐to‐Roll Perovskite Manufacturing,2021,10.1002/solr.202100567,https://openalex.org/W3138613296,17,True,https://onlinelibrary.wiley.com/doi/pdfdirect/10.1002/solr.202100567,https://doi.org/10.1002/solr.202100567,Solar RRL,10.1002solr.202100567,predicting low toxicity and scalable solvent systems for high speed roll to roll perovskite manufacturing,14.451858789480823,0.6,1.0,2.0,0.0,0.0,,,0.0,0.0,0.0,17.051858789480825
Rapid 2D Patterning of High‐Performance Perovskites Using Large Area Flexography,2023,10.1002/adfm.202306312,https://openalex.org/W4386330446,16,True,https://onlinelibrary.wiley.com/doi/pdfdirect/10.1002/adfm.202306312,https://doi.org/10.1002/adfm.202306312,Advanced Functional Materials,10.1002adfm.202306312,rapid 2d patterning of high performance perovskites using large area flexography,14.16606672028108,0.8,1.0,2.0,0.0,0.0,,,0.0,0.0,0.0,16.96606672028108
How crystallization additives govern halide perovskite grain growth,2025,10.1038/s41467-025-65484-7,https://openalex.org/W4416087727,22,True,https://www.nature.com/articles/s41467-025-65484-7.pdf,https://doi.org/10.1038/s41467-025-65484-7,Nature Communications,10.1038s41467-025-65484-7,how crystallization additives govern halide perovskite grain growth,15.677471079645748,1.0,0.0,0.0,0.0,0.0,,,0.0,0.0,0.0,16.67747107964575
Multifunctional anion-cation modulation engineering for Sn-Pb perovskite solar cells,2024,10.1016/j.nanoen.2024.109851,https://openalex.org/W4399366344,22,True,https://hal.science/hal-04763098/document,https://hal.science/hal-04763098,Nano Energy,10.1016j.nanoen.2024.109851,multifunctional anion cation modulation engineering for sn pb perovskite solar cells,15.677471079645748,0.9,0.0,0.0,0.0,0.0,,,0.0,0.0,0.0,16.577471079645747
Photo‐Induced Bandgap Engineering of Metal Halide Perovskite Quantum Dots In Flow,2025,10.1002/adma.202419668,https://openalex.org/W4407421009,21,True,https://onlinelibrary.wiley.com/doi/pdfdirect/10.1002/adma.202419668,https://doi.org/10.1002/adma.202419668,Advanced Materials,10.1002adma.202419668,photo induced bandgap engineering of metal halide perovskite quantum dots in flow,15.45521226679158,1.0,0.0,0.0,0.0,0.0,,,0.0,0.0,0.0,16.45521226679158
Interface modification for organic and perovskite solar cells,2016,10.1007/s40843-016-5080-1,https://openalex.org/W2520438008,25,True,https://link.springer.com/content/pdf/10.1007%2Fs40843-016-5080-1.pdf,https://doi.org/10.1007/s40843-016-5080-1,Science China Materials,10.1007s40843-016-5080-1,interface modification for organic and perovskite solar cells,16.29048269010741,0.1,0.0,0.0,0.0,0.0,,,0.0,0.0,0.0,16.39048269010741
Advancement of technology towards developing perovskite-based solar cells for renewable energy harvesting and energy transformation applications,2025,10.1038/s44296-025-00073-9,https://openalex.org/W4414032579,19,True,https://www.nature.com/articles/s44296-025-00073-9.pdf,https://doi.org/10.1038/s44296-025-00073-9,npj Materials Sustainability,10.1038s44296-025-00073-9,advancement of technology towards developing perovskite based solar cells for renewable energy harvesting and energy transformation applications,14.978661367769954,1.0,0.0,0.0,0.0,0.0,,,0.0,0.0,0.0,15.978661367769954
Patterning of Hybrid Metal Halide Perovskite via Printed Molecular Templates,2024,10.1002/admt.202302043,https://openalex.org/W4392703694,10,True,https://onlinelibrary.wiley.com/doi/pdfdirect/10.1002/admt.202302043,https://doi.org/10.1002/admt.202302043,Advanced Materials Technologies,10.1002admt.202302043,patterning of hybrid metal halide perovskite via printed molecular templates,11.989476363991853,0.9,1.5,3.0,0.0,0.0,,,0.0,0.0,0.0,15.889476363991854
Expanding the solvent diversity and perovskite compatibility of SnO2 inks that are directly deposited on perovskite layers,2024,10.1016/j.isci.2024.110964,https://openalex.org/W4402703436,8,True,,https://doi.org/10.1016/j.isci.2024.110964,iScience,10.1016j.isci.2024.110964,expanding the solvent diversity and perovskite compatibility of sno2 inks that are directly deposited on perovskite layers,10.986122886681098,0.9,2.0,4.0,0.0,0.0,,,0.0,0.0,0.0,15.886122886681099
Investigation of the Effects of Various Organic Solvents on the PCBM Electron Transport Layer of Perovskite Solar Cells,2020,10.3390/coatings10030237,https://openalex.org/W3010210054,20,True,https://www.mdpi.com/2079-6412/10/3/237/pdf,https://doi.org/10.3390/coatings10030237,Coatings,10.3390coatings10030237,investigation of the effects of various organic solvents on the pcbm electron transport layer of perovskite solar cells,15.222612188617115,0.5,0.0,0.0,0.0,0.0,,,0.0,0.0,0.0,15.722612188617115
Predicting a process window for the roll-to-roll deposition of solvent-engineered SnO 2 in perovskite solar cells,2022,10.1039/d2ma00841f,https://openalex.org/W4297091352,19,True,https://pubs.rsc.org/en/content/articlepdf/2022/ma/d2ma00841f,https://doi.org/10.1039/d2ma00841f,Materials Advances,10.1039d2ma00841f,predicting a process window for the roll to roll deposition of solvent engineered sno 2 in perovskite solar cells,14.978661367769954,0.7,0.0,0.0,0.0,0.0,,,0.0,0.0,0.0,15.678661367769953
Flash-evaporation printing methodology for perovskite thin films,2017,10.1038/am.2017.91,https://openalex.org/W2731195877,21,True,https://www.nature.com/articles/am201791.pdf,https://doi.org/10.1038/am.2017.91,NPG Asia Materials,10.1038am.2017.91,flash evaporation printing methodology for perovskite thin films,15.45521226679158,0.2,0.0,0.0,0.0,0.0,,,0.0,0.0,0.0,15.65521226679158
Laser printed metal halide perovskites,2020,10.1088/2515-7639/ab9aac,https://openalex.org/W3035430419,10,True,https://iopscience.iop.org/article/10.1088/2515-7639/ab9aac/pdf,https://doi.org/10.1088/2515-7639/ab9aac,Journal of Physics Materials,10.10882515-7639ab9aac,laser printed metal halide perovskites,11.989476363991853,0.5,1.5,3.0,0.0,0.0,,,0.0,0.0,0.0,15.489476363991853
Development of High-Efficiency and High-Stability Perovskite Solar Cells with Space Environmental Resistance,2025,10.3390/en18133378,https://openalex.org/W4411709942,17,True,https://www.mdpi.com/1996-1073/18/13/3378/pdf?version=1751011688,https://doi.org/10.3390/en18133378,Energies,10.3390en18133378,development of high efficiency and high stability perovskite solar cells with space environmental resistance,14.451858789480823,1.0,0.0,0.0,0.0,0.0,,,0.0,0.0,0.0,15.451858789480823
Stability Strategies and Applications of Iodide Perovskites,2024,10.1002/smll.202311880,https://openalex.org/W4391898714,17,True,https://onlinelibrary.wiley.com/doi/pdfdirect/10.1002/smll.202311880,https://doi.org/10.1002/smll.202311880,Small,10.1002smll.202311880,stability strategies and applications of iodide perovskites,14.451858789480823,0.9,0.0,0.0,0.0,0.0,,,0.0,0.0,0.0,15.351858789480824
Carboxylic Acid-Assisted Synthesis of Tin(II) Iodide: Key for Stable Large-Area Lead-Free Perovskite Solar Cells,2024,10.1021/acsenergylett.4c02027,https://openalex.org/W4401733510,11,True,https://pubs.acs.org/doi/pdf/10.1021/acsenergylett.4c02027,https://doi.org/10.1021/acsenergylett.4c02027,ACS Energy Letters,10.1021acsenergylett.4c02027,carboxylic acid assisted synthesis of tin ii iodide key for stable large area lead free perovskite solar cells,12.424533248940001,0.9,1.0,2.0,0.0,0.0,,,0.0,0.0,0.0,15.324533248940002
Hybrid Perovskite Thin Film Formation: From Lab Scale Spin Coating to Large Area Blade Coating,2017,10.25781/kaust-0j4d8,https://openalex.org/W2789198884,3,True,http://hdl.handle.net/10754/627190,http://hdl.handle.net/10754/627190,King Abdullah University of Science and Technology Repository (King Abdullah University of Science and Technology),10.25781kaust-0j4d8,hybrid perovskite thin film formation from lab scale spin coating to large area blade coating,6.931471805599453,0.2,4.0,8.0,0.0,0.0,,,0.0,0.0,0.0,15.131471805599453
Advancements in Scaling Up Perovskite Solar Cells: From Small‐Area Devices to Large‐Scale Modules,2024,10.1002/cphc.202400587,https://openalex.org/W4400779201,16,True,https://onlinelibrary.wiley.com/doi/pdfdirect/10.1002/cphc.202400587,https://doi.org/10.1002/cphc.202400587,ChemPhysChem,10.1002cphc.202400587,advancements in scaling up perovskite solar cells from small area devices to large scale modules,14.16606672028108,0.9,0.0,0.0,0.0,0.0,,,0.0,0.0,0.0,15.06606672028108
The Path to Perovskite on Silicon PV,2018,10.32386/scivpro.000004,https://openalex.org/W2900654170,18,True,https://scivpro.com/articles/000004/10_32386_scivpro_000004.pdf,https://doi.org/10.32386/scivpro.000004,UNKNOWN,10.32386scivpro.000004,the path to perovskite on silicon pv,14.722194895832201,0.3,0.0,0.0,0.0,0.0,,,0.0,0.0,0.0,15.022194895832202
A “Guest‐Solvent” Additive Strategy for Ambient‐Printed Films with Enhanced Efficiency in FAPbI3 Perovskite Solar Cells and Modules†,2025,10.1002/cjoc.70114,https://openalex.org/W4411292203,8,True,https://onlinelibrary.wiley.com/doi/pdfdirect/10.1002/cjoc.70114,https://doi.org/10.1002/cjoc.70114,Chinese Journal of Chemistry,10.1002cjoc.70114,a guest solvent additive strategy for ambient printed films with enhanced efficiency in fapbi3 perovskite solar cells and modules,10.986122886681098,1.0,1.5,3.0,0.0,0.0,,,0.0,0.0,0.0,14.986122886681098
Green solvent strategies for the sustainable development of perovskite solar cells,2024,10.1039/d4cc05454g,https://openalex.org/W4405513169,15,True,https://pubs.rsc.org/en/content/articlepdf/2025/cc/d4cc05454g,https://doi.org/10.1039/d4cc05454g,Chemical Communications,10.1039d4cc05454g,green solvent strategies for the sustainable development of perovskite solar cells,13.862943611198906,0.9,0.0,0.0,0.0,0.0,,,0.0,0.0,0.0,14.762943611198907
A Stable Aqueous SnO2 Nanoparticle Dispersion for Roll-to-Roll Fabrication of Flexible Perovskite Solar Cells,2022,10.3390/coatings12121948,https://openalex.org/W4312125834,15,True,https://www.mdpi.com/2079-6412/12/12/1948/pdf?version=1670832253,https://doi.org/10.3390/coatings12121948,Coatings,10.3390coatings12121948,a stable aqueous sno2 nanoparticle dispersion for roll to roll fabrication of flexible perovskite solar cells,13.862943611198906,0.7,0.0,0.0,0.0,0.0,,,0.0,0.0,0.0,14.562943611198905
Solvent Engineering of Ionic Liquids for Stable and Efficient Perovskite Solar Cells,2022,10.1002/aesr.202200140,https://openalex.org/W4308562724,14,True,https://onlinelibrary.wiley.com/doi/pdfdirect/10.1002/aesr.202200140,https://doi.org/10.1002/aesr.202200140,Advanced Energy and Sustainability Research,10.1002aesr.202200140,solvent engineering of ionic liquids for stable and efficient perovskite solar cells,13.54025100551105,0.7,0.0,0.0,0.0,0.0,,,0.0,0.0,0.0,14.24025100551105
Quenching-Controlled Crystal Orientation in Inkjet-Printed Wide-Bandgap Perovskites,2026,10.1021/acsenergylett.6c01417,https://openalex.org/W7167018948,0,True,https://pubs.acs.org/doi/pdf/10.1021/acsenergylett.6c01417?ref=article_openPDF,https://doi.org/10.1021/acsenergylett.6c01417,ACS Energy Letters,10.1021acsenergylett.6c01417,quenching controlled crystal orientation in inkjet printed wide bandgap perovskites,0.0,1.1,6.5,13.0,0.0,0.0,,,0.0,0.0,0.0,14.1
"Transformation, reaction and organization of functional nanostructures using solution-based microreactor-assisted nanomaterial deposition for solar photovoltaics",2022,10.1557/s43581-022-00035-x,https://openalex.org/W4286615867,8,True,https://link.springer.com/content/pdf/10.1557/s43581-022-00035-x.pdf,https://doi.org/10.1557/s43581-022-00035-x,MRS Energy & Sustainability,10.1557s43581-022-00035-x,transformation reaction and organization of functional nanostructures using solution based microreactor assisted nanomaterial deposition for solar photovoltaics,10.986122886681098,0.7,1.0,2.0,0.0,0.0,,,0.0,0.0,0.0,13.686122886681098
Acetonitrile based single step slot-die compatible perovskite ink for flexible photovoltaics,2019,,https://openalex.org/W3161769245,0,True,https://dspace.mit.edu/bitstream/1721.1/129830/2/c9ra06631d.pdf,https://hdl.handle.net/1721.1/129830,DSpace@MIT (Massachusetts Institute of Technology),,acetonitrile based single step slot die compatible perovskite ink for flexible photovoltaics,0.0,0.4,6.5,13.0,0.0,0.0,,,0.0,0.0,0.0,13.4
Tuning FAPbI 3 for scalable perovskite indoor photovoltaics,2025,10.1039/d4el00030g,https://openalex.org/W4409709034,7,True,https://pubs.rsc.org/en/content/articlepdf/2025/el/d4el00030g,https://doi.org/10.1039/d4el00030g,EES solar.,10.1039d4el00030g,tuning fapbi 3 for scalable perovskite indoor photovoltaics,10.39720770839918,1.0,1.0,2.0,0.0,0.0,,,0.0,0.0,0.0,13.39720770839918
Beyond Solution‐Based Printing: Unveiling Innovations and Advancements in Solvent‐Free Printing Technologies,2025,10.1002/adfm.202423498,https://openalex.org/W4406766889,7,True,https://onlinelibrary.wiley.com/doi/pdfdirect/10.1002/adfm.202423498,https://doi.org/10.1002/adfm.202423498,Advanced Functional Materials,10.1002adfm.202423498,beyond solution based printing unveiling innovations and advancements in solvent free printing technologies,10.39720770839918,1.0,1.0,2.0,0.0,0.0,,,0.0,0.0,0.0,13.39720770839918
Formamidinium Perovskite Deposition in Ambient Air Environment for Inverted p-i-n Solar Cells,2024,10.3390/nano14010107,https://openalex.org/W4390507143,10,True,https://www.mdpi.com/2079-4991/14/1/107/pdf?version=1704176166,https://doi.org/10.3390/nano14010107,Nanomaterials,10.3390nano14010107,formamidinium perovskite deposition in ambient air environment for inverted p i n solar cells,11.989476363991853,0.9,0.0,0.0,0.0,0.0,,,0.0,0.0,0.0,12.889476363991854
Toward More Scalable Processes for Perovskite Solar Cells: A Comparison Between Planar and Mesoporous Architectures,2025,10.1002/nano.202400205,https://openalex.org/W4408307499,6,True,,https://doi.org/10.1002/nano.202400205,Nano Select,10.1002nano.202400205,toward more scalable processes for perovskite solar cells a comparison between planar and mesoporous architectures,9.729550745276565,1.0,1.0,2.0,0.0,0.0,,,0.0,0.0,0.0,12.729550745276565
A High‐Throughput Approach to Identifying Environment‐Friendly Artificial Antisolvents for Efficient Perovskite Solar Cells,2025,10.1002/adma.202504602,https://openalex.org/W4409810745,9,True,https://onlinelibrary.wiley.com/doi/pdfdirect/10.1002/adma.202504602,https://doi.org/10.1002/adma.202504602,Advanced Materials,10.1002adma.202504602,a high throughput approach to identifying environment friendly artificial antisolvents for efficient perovskite solar cells,11.51292546497023,1.0,0.0,0.0,0.0,0.0,,,0.0,0.0,0.0,12.51292546497023
Recent Advances in Colloidal Quantum Dots‐Based Shortwave Infrared Photodetectors,2025,10.1002/adom.202502859,https://openalex.org/W7116973504,8,True,https://onlinelibrary.wiley.com/doi/pdfdirect/10.1002/adom.202502859,https://doi.org/10.1002/adom.202502859,Advanced Optical Materials,10.1002adom.202502859,recent advances in colloidal quantum dots based shortwave infrared photodetectors,10.986122886681098,1.0,0.0,0.0,0.0,0.0,,,0.0,0.0,0.0,11.986122886681098
Cu 2 O/Cu Chiral Catalysts for Highly Selective Solar‐Assisted CO 2 ‐to‐CO Electroreduction,2025,10.1002/adfm.202508577,https://openalex.org/W4411570281,8,True,https://onlinelibrary.wiley.com/doi/pdfdirect/10.1002/adfm.202508577,https://doi.org/10.1002/adfm.202508577,Advanced Functional Materials,10.1002adfm.202508577,cu 2 o cu chiral catalysts for highly selective solar assisted co 2 to co electroreduction,10.986122886681098,1.0,0.0,0.0,0.0,0.0,,,0.0,0.0,0.0,11.986122886681098
Inclusion of polysaccharides in perovskite thin films: from in-solution interaction to film formation and stability,2025,10.1039/d4na01036a,https://openalex.org/W4408331112,5,True,https://pubs.rsc.org/en/content/articlepdf/2025/na/d4na01036a,https://doi.org/10.1039/d4na01036a,Nanoscale Advances,10.1039d4na01036a,inclusion of polysaccharides in perovskite thin films from in solution interaction to film formation and stability,8.958797346140274,1.0,1.0,2.0,0.0,0.0,,,0.0,0.0,0.0,11.958797346140274
Fabrication of Perovskite Solar Cells: A Focused Review on Manual Deposition Methods,2024,10.1002/admt.202400831,https://openalex.org/W4405726500,7,True,https://onlinelibrary.wiley.com/doi/pdfdirect/10.1002/admt.202400831,https://doi.org/10.1002/admt.202400831,Advanced Materials Technologies,10.1002admt.202400831,fabrication of perovskite solar cells a focused review on manual deposition methods,10.39720770839918,0.9,0.0,0.0,0.0,0.0,,,0.0,0.0,0.0,11.29720770839918
"Inkjet Printing to Scale Perovskite and Silicon Tandem Solar Cell: Cooperative Research and Development Final Report, CRADA Number CRD-17-00690",2026,10.2172/1686143,https://openalex.org/W7133203559,0,True,https://www.osti.gov/servlets/purl/1686143,https://doi.org/10.2172/1686143,UNKNOWN,10.21721686143,inkjet printing to scale perovskite and silicon tandem solar cell cooperative research and development final report crada number crd 17 00690,0.0,1.1,5.0,10.0,0.0,0.0,,,0.0,0.0,0.0,11.1
Eco‐Friendly Solvent System for Inkjet Deposition of Wide Bandgap Perovskite Solar Cells Enabling Tandem Integration,2026,10.5445/ir/1000195206,https://openalex.org/W7168122192,0,True,https://publikationen.bibliothek.kit.edu/1000195206/185004278,https://publikationen.bibliothek.kit.edu/1000195206,Repository KITopen (Karlsruhe Institute of Technology),10.5445ir1000195206,eco friendly solvent system for inkjet deposition of wide bandgap perovskite solar cells enabling tandem integration,0.0,1.1,5.0,10.0,0.0,0.0,,,0.0,0.0,0.0,11.1
Eco‐Friendly Solvent System for Inkjet Deposition of Wide Bandgap Perovskite Solar Cells Enabling Tandem Integration,2026,10.1002/advs.76463,https://openalex.org/W7167828069,0,True,,https://doi.org/10.1002/advs.76463,Advanced Science,10.1002advs.76463,eco friendly solvent system for inkjet deposition of wide bandgap perovskite solar cells enabling tandem integration,0.0,1.1,5.0,10.0,0.0,0.0,,,0.0,0.0,0.0,11.1
"Stable and eco-friendly inorganic lead-free perovskite solar cells: structural, electronic, and defect engineering",2026,10.1038/s43246-026-01158-1,https://openalex.org/W7154466212,6,True,https://www.nature.com/articles/s43246-026-01158-1.pdf,https://doi.org/10.1038/s43246-026-01158-1,Communications Materials,10.1038s43246-026-01158-1,stable and eco friendly inorganic lead free perovskite solar cells structural electronic and defect engineering,9.729550745276565,1.1,0.0,0.0,0.0,0.0,,,0.0,0.0,0.0,10.829550745276565
Review of Progress on Printing Techniques Towards Commercialization of Perovskite Solar Cells,2024,10.3390/en18010006,https://openalex.org/W4405759966,6,True,https://www.mdpi.com/1996-1073/18/1/6/pdf?version=1735031906,https://doi.org/10.3390/en18010006,Energies,10.3390en18010006,review of progress on printing techniques towards commercialization of perovskite solar cells,9.729550745276565,0.9,0.0,0.0,0.0,0.0,,,0.0,0.0,0.0,10.629550745276566
Water-enhanced mixed-alkylammonium chloride perovskite inks for humidity-tolerant fabrication of solar modules,2025,10.1139/cjc-2025-0140,https://openalex.org/W4413693775,2,True,https://cdnsciencepub.com/doi/pdf/10.1139/cjc-2025-0140,https://doi.org/10.1139/cjc-2025-0140,Canadian Journal of Chemistry,10.1139cjc-2025-0140,water enhanced mixed alkylammonium chloride perovskite inks for humidity tolerant fabrication of solar modules,5.493061443340549,1.0,2.0,4.0,0.0,0.0,,,0.0,0.0,0.0,10.49306144334055
A Framework for Life Cycle Assessment (LCA) of Emerging Technologies at Low Technology Readiness Levels,2020,,https://openalex.org/W3031694703,6,True,https://tigerprints.clemson.edu/cgi/viewcontent.cgi?article=3646&context=all_dissertations,https://tigerprints.clemson.edu/all_dissertations/2641,TigerPrints (Clemson University),,a framework for life cycle assessment lca of emerging technologies at low technology readiness levels,9.729550745276565,0.5,0.0,0.0,0.0,0.0,,,0.0,0.0,0.0,10.229550745276565
Modified Chemical Bath Deposition of Tin Oxide for All‐Scalable Perovskite Solar Modules,2025,10.1002/adom.202501353,https://openalex.org/W4413087838,3,True,https://onlinelibrary.wiley.com/doi/pdfdirect/10.1002/adom.202501353,https://doi.org/10.1002/adom.202501353,Advanced Optical Materials,10.1002adom.202501353,modified chemical bath deposition of tin oxide for all scalable perovskite solar modules,6.931471805599453,1.0,1.0,2.0,0.0,0.0,,,0.0,0.0,0.0,9.931471805599454
Application of tiered human health and environmental risk assessment to develop safe and sustainable by design perovskite-based devices,2024,10.1016/j.jclepro.2024.142315,https://openalex.org/W4395468734,5,True,,https://doi.org/10.1016/j.jclepro.2024.142315,Journal of Cleaner Production,10.1016j.jclepro.2024.142315,application of tiered human health and environmental risk assessment to develop safe and sustainable by design perovskite based devices,8.958797346140274,0.9,0.0,0.0,0.0,0.0,,,0.0,0.0,0.0,9.858797346140275
"A COMPREHENSIVE SYSTEMATIC LITERATURE REVIEW ON PEROVSKITE SOLAR CELLS: ADVANCEMENTS, EFFICIENCY OPTIMIZATION, AND COMMERCIALIZATION POTENTIAL FOR NEXT-GENERATION PHOTOVOLTAICS",2022,10.63125/843z2648,https://openalex.org/W4409771551,5,True,https://researchinnovationjournal.com/index.php/AJSRI/article/download/36/24,https://doi.org/10.63125/843z2648,American Journal of Scholarly Research and Innovation,10.63125843z2648,a comprehensive systematic literature review on perovskite solar cells advancements efficiency optimization and commercialization potential for next generation photovoltaics,8.958797346140274,0.7,0.0,0.0,0.0,0.0,,,0.0,0.0,0.0,9.658797346140274
Pow(d)ering up: FAPI perovskite nanopowders for air-processed blade coated perovskite solar modules,2025,10.1039/d5el00032g,https://openalex.org/W4412021103,2,True,https://pubs.rsc.org/en/content/articlepdf/2025/el/d5el00032g,https://doi.org/10.1039/d5el00032g,EES solar.,10.1039d5el00032g,pow d ering up fapi perovskite nanopowders for air processed blade coated perovskite solar modules,5.493061443340549,1.0,1.5,3.0,0.0,0.0,,,0.0,0.0,0.0,9.49306144334055
Advances in Air-Stable Perovskite Precursor Inks for Photovoltaics,2026,10.26434/chemrxiv.15000819/v1,https://openalex.org/W7134978095,0,True,https://chemrxiv.org/doi/pdf/10.26434/chemrxiv.15000819/v1,https://doi.org/10.26434/chemrxiv.15000819/v1,ChemRxiv,10.26434chemrxiv.15000819v1,advances in air stable perovskite precursor inks for photovoltaics,0.0,1.1,4.0,8.0,0.0,0.0,,,0.0,0.0,0.0,9.1
Advances in thin layer deposition techniques in perovskite solar cells,2025,10.1039/d5ra05921f,https://openalex.org/W4415431175,4,True,https://pubs.rsc.org/en/content/articlepdf/2025/ra/d5ra05921f,https://doi.org/10.1039/d5ra05921f,RSC Advances,10.1039d5ra05921f,advances in thin layer deposition techniques in perovskite solar cells,8.047189562170502,1.0,0.0,0.0,0.0,0.0,,,0.0,0.0,0.0,9.047189562170502
Progress and Prospects of Biomolecular Materials in Solar Photovoltaic Applications,2025,10.3390/molecules30153236,https://openalex.org/W4412902618,4,True,https://www.mdpi.com/1420-3049/30/15/3236/pdf?version=1754049017,https://doi.org/10.3390/molecules30153236,Molecules,10.3390molecules30153236,progress and prospects of biomolecular materials in solar photovoltaic applications,8.047189562170502,1.0,0.0,0.0,0.0,0.0,,,0.0,0.0,0.0,9.047189562170502
Morphology-driven oxygen evolution performance of NiO x nanostructures and implications for hole transport in perovskite solar cells,2026,10.1039/d6ra00607h,https://openalex.org/W7130368606,3,True,https://pubs.rsc.org/en/content/articlepdf/2026/ra/d6ra00607h,https://doi.org/10.1039/d6ra00607h,RSC Advances,10.1039d6ra00607h,morphology driven oxygen evolution performance of nio x nanostructures and implications for hole transport in perovskite solar cells,6.931471805599453,1.1,0.0,0.0,0.0,0.0,,,0.0,0.0,0.0,8.031471805599454
Progress in perovskite indoor photovoltaics,2026,10.1039/d5el00210a,https://openalex.org/W7154974497,3,True,https://pubs.rsc.org/en/content/articlepdf/2026/el/d5el00210a,https://doi.org/10.1039/d5el00210a,EES solar.,10.1039d5el00210a,progress in perovskite indoor photovoltaics,6.931471805599453,1.1,0.0,0.0,0.0,0.0,,,0.0,0.0,0.0,8.031471805599454
Regionally controlled ion-doping of organic electrochemical transistors for computing-memory co-integrated neuromorphic systems,2025,10.1038/s41528-025-00511-7,https://openalex.org/W4417420438,3,True,https://www.nature.com/articles/s41528-025-00511-7_reference.pdf,https://doi.org/10.1038/s41528-025-00511-7,npj Flexible Electronics,10.1038s41528-025-00511-7,regionally controlled ion doping of organic electrochemical transistors for computing memory co integrated neuromorphic systems,6.931471805599453,1.0,0.0,0.0,0.0,0.0,,,0.0,0.0,0.0,7.931471805599453
Vapor-assisted pre-solvation for stable and solution-processable quantum dot conductive ink,2026,10.26599/nr.2026.94908957,https://openalex.org/W7166583262,0,True,https://www.sciopen.com/local/article_pdf/10.26599/NR.2026.94908957.pdf,https://doi.org/10.26599/nr.2026.94908957,Nano Research,10.26599nr.2026.94908957,vapor assisted pre solvation for stable and solution processable quantum dot conductive ink,0.0,1.1,3.0,6.0,0.0,0.0,,,0.0,0.0,0.0,7.1
Reactive Blade Coating for Low-Cost Fabrication of Self-Assembled Metal Nanoparticles for Bio-Applications: Disinfecting SARS-CoV-2 to Limit the Spread of COVID-19 Illness,2021,10.20381/ruor-26282,https://openalex.org/W3209084628,0,True,https://ruor.uottawa.ca/bitstreams/bb728c70-a46b-4d56-b74e-a6e073b7ce75/download,http://hdl.handle.net/10393/42060,uO Research (University of Ottawa),10.20381ruor-26282,reactive blade coating for low cost fabrication of self assembled metal nanoparticles for bio applications disinfecting sars cov 2 to limit the spread of covid 19 illness,0.0,0.6,3.0,6.0,0.0,0.0,,,0.0,0.0,0.0,6.6
Combining cellulose substrates and perovskites in sustainable solar cells is possible: a systematic literature review offering realistic solutions,2026,10.1039/d5gc05281e,https://openalex.org/W7128589193,1,True,,https://doi.org/10.1039/d5gc05281e,Green Chemistry,10.1039d5gc05281e,combining cellulose substrates and perovskites in sustainable solar cells is possible a systematic literature review offering realistic solutions,3.4657359027997265,1.1,1.0,2.0,0.0,0.0,,,0.0,0.0,0.0,6.565735902799727
PEROVSKITE SOLAR CELLS AND THEIR TYPES,2025,10.71146/kjmr202,https://openalex.org/W4406437252,2,True,https://kjmr.com.pk/kjmr/article/download/202/214,https://doi.org/10.71146/kjmr202,Kashf Journal of Multidisciplinary Research,10.71146kjmr202,perovskite solar cells and their types,5.493061443340549,1.0,0.0,0.0,0.0,0.0,,,0.0,0.0,0.0,6.493061443340549
Improving the ecological index in the solution processing of hybrid perovskites,2025,10.1039/d5ta01277e,https://openalex.org/W4413097024,1,True,https://pubs.rsc.org/en/content/articlepdf/2025/ta/d5ta01277e,https://doi.org/10.1039/d5ta01277e,Journal of Materials Chemistry A,10.1039d5ta01277e,improving the ecological index in the solution processing of hybrid perovskites,3.4657359027997265,1.0,1.0,2.0,0.0,0.0,,,0.0,0.0,0.0,6.465735902799727
Chemical Process Design and Simulation of the Production of Gamma‐Valerolactone: A Green Solvent for Halide Perovskites,2023,10.1002/ente.202301172,https://openalex.org/W4389723152,2,True,https://onlinelibrary.wiley.com/doi/pdfdirect/10.1002/ente.202301172,https://doi.org/10.1002/ente.202301172,Energy Technology,10.1002ente.202301172,chemical process design and simulation of the production of gamma valerolactone a green solvent for halide perovskites,5.493061443340549,0.8,0.0,0.0,0.0,0.0,,,0.0,0.0,0.0,6.293061443340549
Rapid annealing of Perovskite solar cell thin film materials through intense pulse light.,2021,10.18297/etd/3688,https://openalex.org/W4300980863,2,True,https://ir.library.louisville.edu/cgi/viewcontent.cgi?article=4941&context=etd,https://doi.org/10.18297/etd/3688,UNKNOWN,10.18297etd3688,rapid annealing of perovskite solar cell thin film materials through intense pulse light,5.493061443340549,0.6,0.0,0.0,0.0,0.0,,,0.0,0.0,0.0,6.093061443340549
Hybrid Lead Halide Perovskite and Bismuth-Based Perovskite-Inspired Photovoltaics: An In Situ Investigation,2019,10.25781/kaust-n47hv,https://openalex.org/W2989890618,2,True,http://hdl.handle.net/10754/659517,http://hdl.handle.net/10754/659517,King Abdullah University of Science and Technology Repository (King Abdullah University of Science and Technology),10.25781kaust-n47hv,hybrid lead halide perovskite and bismuth based perovskite inspired photovoltaics an in situ investigation,5.493061443340549,0.4,0.0,0.0,0.0,0.0,,,0.0,0.0,0.0,5.8930614433405495
Triple Cation perovskites: Exploring the optimal process parameters of slot-die coated n-i-p perovskite solar cells,2022,10.21203/rs.3.rs-1722290/v1,https://openalex.org/W4281998046,0,True,https://www.researchsquare.com/article/rs-1722290/latest.pdf,https://doi.org/10.21203/rs.3.rs-1722290/v1,Research Square,10.21203rs.3.rs-1722290v1,triple cation perovskites exploring the optimal process parameters of slot die coated n i p perovskite solar cells,0.0,0.7,2.5,5.0,0.0,0.0,,,0.0,0.0,0.0,5.7
Direct ink writing for electroresponsive human machine interfaces,2021,10.32657/10356/154172,https://openalex.org/W4206333577,0,True,https://dr.ntu.edu.sg/bitstream/10356/154172/2/DIW%20for%20Electroresponsive%20HMIs%20-%20Pethe%20S.D.%20M.Eng.%20Thesis.pdf,https://doi.org/10.32657/10356/154172,UNKNOWN,10.3265710356154172,direct ink writing for electroresponsive human machine interfaces,0.0,0.6,2.0,4.0,0.0,0.0,,,0.0,0.0,0.0,4.6
AI-driven green processing and life cycle assessment for sustainable perovskite solar cells,2026,10.1038/s41467-026-73255-1,https://openalex.org/W7161818180,1,True,https://www.nature.com/articles/s41467-026-73255-1.pdf,https://doi.org/10.1038/s41467-026-73255-1,Nature Communications,10.1038s41467-026-73255-1,ai driven green processing and life cycle assessment for sustainable perovskite solar cells,3.4657359027997265,1.1,0.0,0.0,0.0,0.0,,,0.0,0.0,0.0,4.565735902799727
Printable Electrochemical Biosensors for the Detection of Neurotransmitter and Other Biological Molecule,2020,10.25394/pgs.12743957.v1,https://openalex.org/W3046864841,0,True,https://figshare.com/articles/thesis/Printable_Electrochemical_Biosensors_for_the_Detection_of_Neurotransmitter_and_Other_Biological_Molecule/12743957,https://figshare.com/articles/thesis/Printable_Electrochemical_Biosensors_for_the_Detection_of_Neurotransmitter_and_Other_Biological_Molecule/12743957,Figshare,10.25394pgs.12743957.v1,printable electrochemical biosensors for the detection of neurotransmitter and other biological molecule,0.0,0.5,2.0,4.0,0.0,0.0,,,0.0,0.0,0.0,4.5
The Study of Chemically Cross-Linked Ion Gels for Electronic Devices,2020,10.25534/tuprints-00014637,https://openalex.org/W3155436324,0,True,https://tuprints.ulb.tu-darmstadt.de/14637/1/Ph.D.%20Thesis_Jaehoon%20Jeong.pdf,https://tuprints.ulb.tu-darmstadt.de/14637/1/Ph.D.%20Thesis_Jaehoon%20Jeong.pdf,TUbilio (Technical University of Darmstadt),10.25534tuprints-00014637,the study of chemically cross linked ion gels for electronic devices,0.0,0.5,2.0,4.0,0.0,0.0,,,0.0,0.0,0.0,4.5
Perovskite Semiconductor Nanocrystals for Multi-Junction Solar Cells.,2023,,https://openalex.org/W4394737883,1,True,https://theses.hal.science/tel-04421032v1/document,https://theses.hal.science/tel-04421032,HAL (Le Centre pour la Communication Scientifique Directe),,perovskite semiconductor nanocrystals for multi junction solar cells,3.4657359027997265,0.8,0.0,0.0,0.0,0.0,,,0.0,0.0,0.0,4.265735902799727
Optimization of Deposition and Properties of Printed Complex-Composition Perovskite Films for Flexible Solar Cells,2026,10.18321/ectj1692,https://openalex.org/W7169671005,0,True,,https://doi.org/10.18321/ectj1692,Eurasian Chemico-Technological Journal,10.18321ectj1692,optimization of deposition and properties of printed complex composition perovskite films for flexible solar cells,0.0,1.1,1.5,3.0,0.0,0.0,,,0.0,0.0,0.0,4.1
Chloride modification of vacuum-assisted blade-coated perovskite solar cells and mini-modules in ambient environment,2026,10.1039/d6ta01022a,https://openalex.org/W7160246899,0,True,https://pubs.rsc.org/en/content/articlepdf/2026/ta/d6ta01022a,https://doi.org/10.1039/d6ta01022a,Journal of Materials Chemistry A,10.1039d6ta01022a,chloride modification of vacuum assisted blade coated perovskite solar cells and mini modules in ambient environment,0.0,1.1,1.5,3.0,0.0,0.0,,,0.0,0.0,0.0,4.1
Chloride Additive Optimization in Ultrasonic Spray Coating Process for High‐Performance Perovskite Solar Cell Realization,2025,10.1002/pip.70050,https://openalex.org/W7110996763,0,True,https://onlinelibrary.wiley.com/doi/pdfdirect/10.1002/pip.70050,https://doi.org/10.1002/pip.70050,Progress in Photovoltaics Research and Applications,10.1002pip.70050,chloride additive optimization in ultrasonic spray coating process for high performance perovskite solar cell realization,0.0,1.0,1.5,3.0,0.0,0.0,,,0.0,0.0,0.0,4.0
Green Solvents for All Functional Layers Enable Scalable Ambient-air Fabrication of Perovskite Solar Modules,2026,10.21203/rs.3.rs-8372676/v1,https://openalex.org/W7125428576,0,True,https://www.researchsquare.com/article/rs-8372676/latest.pdf,https://doi.org/10.21203/rs.3.rs-8372676/v1,Research Square,10.21203rs.3.rs-8372676v1,green solvents for all functional layers enable scalable ambient air fabrication of perovskite solar modules,0.0,1.1,1.0,2.0,0.0,0.0,,,0.0,0.0,0.0,3.1
28‐5: Late‐News Paper: Investigation on Enhanced Performance of All†solution Inverted Quantum Dot Light Emitting Diode via Changing a Solvent,2024,10.1002/sdtp.17532,https://openalex.org/W4401124284,0,True,https://onlinelibrary.wiley.com/doi/pdfdirect/10.1002/sdtp.17532,https://doi.org/10.1002/sdtp.17532,SID Symposium Digest of Technical Papers,10.1002sdtp.17532,28 5 late news paper investigation on enhanced performance of all solution inverted quantum dot light emitting diode via changing a solvent,0.0,0.9,1.0,2.0,0.0,0.0,,,0.0,0.0,0.0,2.9
Synthesis and characterization of solution-processed emerging hybrid perovskites and AgBiS2,2020,,https://openalex.org/W3196704719,0,True,https://nbn-resolving.org/urn:nbn:de:bvb:29-opus4-130531,https://opus4.kobv.de/opus4-fau/frontdoor/index/index/docId/13053,OPUS Repository (Kooperativer Bibliotheksverbund Berlin-Brandenburg),,synthesis and characterization of solution processed emerging hybrid perovskites and agbis2,0.0,0.5,1.0,2.0,0.0,0.0,,,0.0,0.0,0.0,2.5
Improved Charge Transport and Device Performance in p‐i‐n Carbon Electrode Perovskite Solar Cells Using SiC‐APTES Additive,2026,10.1002/smll.74393,https://openalex.org/W7167489550,0,True,,https://doi.org/10.1002/smll.74393,Small,10.1002smll.74393,improved charge transport and device performance in p i n carbon electrode perovskite solar cells using sic aptes additive,0.0,1.1,0.0,0.0,0.0,0.0,,,0.0,0.0,0.0,1.1
An In‐Line Machine Vision–Based Profilometry Tool for Non‐Destructive Thickness Assessment of Perovskite Films,2026,,https://openalex.org/W7166408355,0,True,https://cronfa.swan.ac.uk/Record/cronfa72153/Download/72153__37034__6ad0e85b00ff49548b13c2089ef0c0ae.pdf,https://cronfa.swan.ac.uk/Record/cronfa72153,Cronfa (Swansea University),,an in line machine vision based profilometry tool for non destructive thickness assessment of perovskite films,0.0,1.1,0.0,0.0,0.0,0.0,,,0.0,0.0,0.0,1.1
CuX‐Stabilized NiO x Interface Toward Efficient Flexible Perovskite Solar Cells,2026,10.1002/pip.70070,https://openalex.org/W7124264394,0,True,https://onlinelibrary.wiley.com/doi/pdfdirect/10.1002/pip.70070,https://doi.org/10.1002/pip.70070,Progress in Photovoltaics Research and Applications,10.1002pip.70070,cux stabilized nio x interface toward efficient flexible perovskite solar cells,0.0,1.1,0.0,0.0,0.0,0.0,,,0.0,0.0,0.0,1.1
Research progress of gravure printing solar cells,2026,10.1088/2058-8585/ae670e,https://openalex.org/W7160189758,0,True,https://iopscience.iop.org/article/10.1088/2058-8585/ae670e/pdf,https://doi.org/10.1088/2058-8585/ae670e,Flexible and Printed Electronics,10.10882058-8585ae670e,research progress of gravure printing solar cells,0.0,1.1,0.0,0.0,0.0,0.0,,,0.0,0.0,0.0,1.1
Quantitative Deposition Enables Dual Passivation Synergy for Efficient Inverted Perovskite Solar Cells,2026,10.1002/smll.73886,https://openalex.org/W7161800320,0,True,https://pmc.ncbi.nlm.nih.gov/articles/PMC13360518/pdf/SMLL-22-e73886.pdf,https://pmc.ncbi.nlm.nih.gov/articles/PMC13360518/,Small,10.1002smll.73886,quantitative deposition enables dual passivation synergy for efficient inverted perovskite solar cells,0.0,1.1,0.0,0.0,0.0,0.0,,,0.0,0.0,0.0,1.1
Addressing Challenges in Perovskite Thin Films for Triple Junction Tandem Development,2025,,https://openalex.org/W7161917418,0,True,http://scholar.colorado.edu/downloads/cv43nz506,https://scholar.colorado.edu/concern/graduate_thesis_or_dissertations/x059c931f,CU Scholar (University of Colorado Boulder),,addressing challenges in perovskite thin films for triple junction tandem development,0.0,1.0,0.0,0.0,0.0,0.0,,,0.0,0.0,0.0,1.0
Four Birds with One Stone: Enhancing Integrated Current Density beyond 25.5 mA cm –2 in Perovskite Solar Cells through Advanced Fabrication Strategies,2025,10.1021/acsaem.5c02387,https://openalex.org/W4415259810,0,True,https://pubs.acs.org/doi/pdf/10.1021/acsaem.5c02387?ref=article_openPDF,https://doi.org/10.1021/acsaem.5c02387,ACS Applied Energy Materials,10.1021acsaem.5c02387,four birds with one stone enhancing integrated current density beyond 25 5 ma cm 2 in perovskite solar cells through advanced fabrication strategies,0.0,1.0,0.0,0.0,0.0,0.0,,,0.0,0.0,0.0,1.0
Functional Carbazole–Cellulose Composite Binders for High-Stability Carbon Electrodes in Perovskite Solar Cells,2025,10.3390/nano15241868,https://openalex.org/W7114896868,0,True,https://www.mdpi.com/2079-4991/15/24/1868/pdf?version=1765531299,https://doi.org/10.3390/nano15241868,Nanomaterials,10.3390nano15241868,functional carbazole cellulose composite binders for high stability carbon electrodes in perovskite solar cells,0.0,1.0,0.0,0.0,0.0,0.0,,,0.0,0.0,0.0,1.0
Advances in the upscaling of high‐quality perovskite absorbers for solar cells,2025,10.1002/ifm2.70002,https://openalex.org/W4416977961,0,True,https://onlinelibrary.wiley.com/doi/pdfdirect/10.1002/ifm2.70002,https://doi.org/10.1002/ifm2.70002,Information & Functional Materials,10.1002ifm2.70002,advances in the upscaling of high quality perovskite absorbers for solar cells,0.0,1.0,0.0,0.0,0.0,0.0,,,0.0,0.0,0.0,1.0
The case of the vanishing perovskite layer,2025,10.1016/j.xcrp.2025.102890,https://openalex.org/W4414976297,0,True,,https://doi.org/10.1016/j.xcrp.2025.102890,Cell Reports Physical Science,10.1016j.xcrp.2025.102890,the case of the vanishing perovskite layer,0.0,1.0,0.0,0.0,0.0,0.0,,,0.0,0.0,0.0,1.0
How Crystallization Additives Govern Perovskite Grain Growth.,2025,10.21203/rs.3.rs-5599622/v1,https://openalex.org/W4406254756,0,True,https://www.researchsquare.com/article/rs-5599622/latest.pdf,https://doi.org/10.21203/rs.3.rs-5599622/v1,Research Square,10.21203rs.3.rs-5599622v1,how crystallization additives govern perovskite grain growth,0.0,1.0,0.0,0.0,0.0,0.0,,,0.0,0.0,0.0,1.0
ペロブスカイト太陽電池のLCAとエネルギー回収時間の比較分析,2025,,https://openalex.org/W7145470709,0,True,https://repository.dl.itc.u-tokyo.ac.jp/record/2014137/files/K-09943.pdf,https://repository.dl.itc.u-tokyo.ac.jp/records/2014137,Institutional Repositories DataBase (IRDB),,lca,0.0,1.0,0.0,0.0,0.0,0.0,,,0.0,0.0,0.0,1.0
Drivers and Challenges of Solar Photovoltaics Adoption by Turkish Manufacturers.,2024,,https://openalex.org/W7117341328,0,True,https://odtugunam.org/wp-content/uploads/PVCon2024_Abstract-Book_v2-1.pdf,https://hdl.handle.net/11511/117837,OpenMETU (Middle East Technical University),,drivers and challenges of solar photovoltaics adoption by turkish manufacturers,0.0,0.9,0.0,0.0,0.0,0.0,,,0.0,0.0,0.0,0.9
Refractory Ceramics for the Aluminium Foundries: Novel Perspectives for Greater Process and Product Sustainability,2024,,https://openalex.org/W7139538653,0,True,https://air.unimi.it/bitstream/2434/1226975/2/SCI2024_Stefano%20Pezzoli.pdf,https://hdl.handle.net/2434/1226975,Archivio Istituzionale della Ricerca (Universita Degli Studi Di Milano),,refractory ceramics for the aluminium foundries novel perspectives for greater process and product sustainability,0.0,0.9,0.0,0.0,0.0,0.0,,,0.0,0.0,0.0,0.9
Exploring various electrocatalysts and synthesis techniques in the context of the hydrogen evolution reaction,2023,10.31274/td-20240617-333,https://openalex.org/W4399729791,0,True,https://dr.lib.iastate.edu/bitstreams/381522f5-f024-4d19-b4cf-01ddcb22c31e/download,https://doi.org/10.31274/td-20240617-333,UNKNOWN,10.31274td-20240617-333,exploring various electrocatalysts and synthesis techniques in the context of the hydrogen evolution reaction,0.0,0.8,0.0,0.0,0.0,0.0,,,0.0,0.0,0.0,0.8
Modeling of Current–Voltage Characteristics of Thin-film Solar Cells Incorporating Bulk and Surface Recombination: application to perovskite solar cells,2023,,https://openalex.org/W7113071260,0,True,https://spectrum.library.concordia.ca/id/eprint/993156/1/SHUVORAJ_MA_S2024.pdf,https://spectrum.library.concordia.ca/id/eprint/993156/1/SHUVORAJ_MA_S2024.pdf,Spectrum Research Repository (Concordia University),,modeling of current voltage characteristics of thin film solar cells incorporating bulk and surface recombination application to perovskite solar cells,0.0,0.8,0.0,0.0,0.0,0.0,,,0.0,0.0,0.0,0.8
"Synthèse, caractérisation, et utilisation de systèmes π-conjugués accessibles pour l’electronique organique",2023,,https://openalex.org/W7034131734,0,True,https://theses.hal.science/tel-04473006/document,http://www.theses.fr/2023ANGE0048/document,theses.fr (ABES),,synth se caract risation et utilisation de syst mes conjugu s accessibles pour l electronique organique,0.0,0.8,0.0,0.0,0.0,0.0,,,0.0,0.0,0.0,0.8
"Synthesis, characterization, and use of accessible π-conjugated structures for organic electronics",2023,10.70675/20e212a3z1f94z4b3az9473ze8b606c1c45c,https://openalex.org/W4392534351,0,True,https://theses.hal.science/tel-04473006v1/document,https://theses.hal.science/tel-04473006,UNKNOWN,10.7067520e212a3z1f94z4b3az9473ze8b606c1c45c,synthesis characterization and use of accessible conjugated structures for organic electronics,0.0,0.8,0.0,0.0,0.0,0.0,,,0.0,0.0,0.0,0.8
Flexible Film Solar Cells,2023,10.1002/9783527838240.ch3,https://openalex.org/W4389832465,0,True,https://onlinelibrary.wiley.com/doi/pdfdirect/10.1002/9783527838240.ch3,https://doi.org/10.1002/9783527838240.ch3,UNKNOWN,10.10029783527838240.ch3,flexible film solar cells,0.0,0.8,0.0,0.0,0.0,0.0,,,0.0,0.0,0.0,0.8
"New fullerene derivative as an n-type material for highly efficient, flexible perovskite solar cells of a p-i-n configuration",2020,10.5281/zenodo.3935556,https://openalex.org/W4287725807,0,True,,https://zenodo.org/record/3935556,Zenodo (CERN European Organization for Nuclear Research),10.5281zenodo.3935556,new fullerene derivative as an n type material for highly efficient flexible perovskite solar cells of a p i n configuration,0.0,0.5,0.0,0.0,0.0,0.0,,,0.0,0.0,0.0,0.5
Development and Optimisation of Efficient Spray-Coated Perovskite Solar Cells,2019,,https://openalex.org/W2995575791,0,True,http://etheses.whiterose.ac.uk/25186/1/JEB_Thesis_Corrections_21102019.pdf,http://etheses.whiterose.ac.uk/25186/1/JEB_Thesis_Corrections_21102019.pdf,"White Rose eTheses Online (University of Leeds, The University of Sheffield, University of York)",,development and optimisation of efficient spray coated perovskite solar cells,0.0,0.4,0.0,0.0,0.0,0.0,,,0.0,0.0,0.0,0.4
Environmental Chamber to Regulate Film Morphology for Solar Energy Materials Printing Using Additive Manufacturing and Investigating the Role of Additives in Perovskites,2018,,https://openalex.org/W2916039556,0,True,http://hdl.handle.net/1773/43101,http://hdl.handle.net/1773/43101,ResearchWorks at the University of Washington (University of Washington),,environmental chamber to regulate film morphology for solar energy materials printing using additive manufacturing and investigating the role of additives in perovskites,0.0,0.3,0.0,0.0,0.0,0.0,,,0.0,0.0,0.0,0.3
Observation of crystal formation of halide perovskite thin film by wide angle X-ray scattering,2018,,https://openalex.org/W2885109488,0,True,http://etheses.whiterose.ac.uk/21245/1/Thesis%20after%20corrections.pdf,http://etheses.whiterose.ac.uk/21245/1/Thesis%20after%20corrections.pdf,"White Rose eTheses Online (University of Leeds, The University of Sheffield, University of York)",,observation of crystal formation of halide perovskite thin film by wide angle x ray scattering,0.0,0.3,0.0,0.0,0.0,0.0,,,0.0,0.0,0.0,0.3
New Materials and Processing Routes for Photovoltaics,2018,,https://openalex.org/W2947972723,0,True,http://etheses.whiterose.ac.uk/23570/1/Benjamin_Freestone_Thesis_V4_corrected.pdf,http://etheses.whiterose.ac.uk/23570/1/Benjamin_Freestone_Thesis_V4_corrected.pdf,"White Rose eTheses Online (University of Leeds, The University of Sheffield, University of York)",,new materials and processing routes for photovoltaics,0.0,0.3,0.0,0.0,0.0,0.0,,,0.0,0.0,0.0,0.3
Novel processing approaches for thin film solar and related technologies.,2017,10.18297/etd/2792,https://openalex.org/W2762471880,0,True,https://ir.library.louisville.edu/cgi/viewcontent.cgi?article=3868&context=etd,https://doi.org/10.18297/etd/2792,UNKNOWN,10.18297etd2792,novel processing approaches for thin film solar and related technologies,0.0,0.2,0.0,0.0,0.0,0.0,,,0.0,0.0,0.0,0.2
Novel Thin Film Solar Cells: Film Formation/Properties and Device Physics,2015,,https://openalex.org/W2300262894,0,True,https://escholarship.org/uc/item/0rr3z48k,https://escholarship.org/uc/item/0rr3z48k,eScholarship (California Digital Library),,novel thin film solar cells film formation properties and device physics,0.0,0.0,0.0,0.0,0.0,0.0,,,0.0,0.0,0.0,0.0
