title,year,doi,openalex_id,cited_by,is_oa,pdf_url,landing_url,venue,doi_key,title_norm,citation_score,recency_score,kw_score_raw,kw_score,gold_probability,cluster3_probability,ml_match_gold,ml_match_cluster,ml_score_gold,ml_score_cluster3,ml_score_total,final_score,pdf_file,status,final_url
Monolithic all-perovskite tandem solar cells with 24.8% efficiency exploiting comproportionation to suppress Sn(ii) oxidation in precursor ink,2019,10.1038/s41560-019-0466-3,https://openalex.org/W2973335593,1069,True,https://utoronto.scholaris.ca/bitstreams/1657147f-a8ba-4220-8150-73ca5b33a2a5/download,http://hdl.handle.net/1807/97401,Nature Energy,10.1038s41560-019-0466-3,monolithic all perovskite tandem solar cells with 24 8 efficiency exploiting comproportionation to suppress sn ii oxidation in precursor ink,34.87706963727976,0.4,4.0,8.0,0.0,0.0,,,0.0,0.0,0.0,43.27706963727976,C:\Users\Fahad\Downloads\Fasial Work\000_LLM Review3\perovskite_ink_pipeline\perovskite_ink_pipeline\pdfs\2019_10.1038s41560-019-0466-3_Monolithic_all-perovskite_tandem_solar_cells_with_24.8_efficiency_exploiting_comproportionation_to_suppress_Sn.pdf,downloaded_pdf,https://utoronto.scholaris.ca/server/api/core/bitstreams/1657147f-a8ba-4220-8150-73ca5b33a2a5/content
Universal passivation strategy to slot-die printed SnO2 for hysteresis-free efficient flexible perovskite solar module,2018,10.1038/s41467-018-07099-9,https://openalex.org/W2898941509,820,True,https://www.nature.com/articles/s41467-018-07099-9.pdf,https://doi.org/10.1038/s41467-018-07099-9,Nature Communications,10.1038s41467-018-07099-9,universal passivation strategy to slot die printed sno2 for hysteresis free efficient flexible perovskite solar module,33.552615547262135,0.3,4.0,8.0,0.0,0.0,,,0.0,0.0,0.0,41.85261554726213,C:\Users\Fahad\Downloads\Fasial Work\000_LLM Review3\perovskite_ink_pipeline\perovskite_ink_pipeline\pdfs\2018_10.1038s41467-018-07099-9_Universal_passivation_strategy_to_slot-die_printed_SnO2_for_hysteresis-free_efficient_flexible_perovskite_sol.pdf,downloaded_pdf,https://www.nature.com/articles/s41467-018-07099-9.pdf
Inkjet‐Printed Micrometer‐Thick Perovskite Solar Cells with Large Columnar Grains,2019,10.1002/aenm.201903184,https://openalex.org/W2995089958,227,True,https://onlinelibrary.wiley.com/doi/pdfdirect/10.1002/aenm.201903184,https://doi.org/10.1002/aenm.201903184,Advanced Energy Materials,10.1002aenm.201903184,inkjet printed micrometer thick perovskite solar cells with large columnar grains,27.146728144772204,0.4,6.5,13.0,0.0,0.0,,,0.0,0.0,0.0,40.5467281447722,,no_accessible_pdf_found,https://onlinelibrary.wiley.com/doi/pdfdirect/10.1002/aenm.201903184
Development of Greener and Stable Inkjet‐Printable Perovskite Precursor Inks for All‐Printed Annealing‐Free Perovskite Solar Mini‐Modules Manufacturing,2023,10.1002/smtd.202300664,https://openalex.org/W4382502101,41,True,https://onlinelibrary.wiley.com/doi/pdfdirect/10.1002/smtd.202300664,https://doi.org/10.1002/smtd.202300664,Small Methods,10.1002smtd.202300664,development of greener and stable inkjet printable perovskite precursor inks for all printed annealing free perovskite solar mini modules manufacturing,18.68834809141684,0.8,10.5,21.0,0.0,0.0,,,0.0,0.0,0.0,40.48834809141684,,no_accessible_pdf_found,https://onlinelibrary.wiley.com/doi/pdfdirect/10.1002/smtd.202300664
Slot-die coating large-area formamidinium-cesium perovskite film for efficient and stable parallel solar module,2021,10.1126/sciadv.abg3749,https://openalex.org/W3159483471,322,True,,https://doi.org/10.1126/sciadv.abg3749,Science Advances,10.1126sciadv.abg3749,slot die coating large area formamidinium cesium perovskite film for efficient and stable parallel solar module,28.888261616113283,0.6,5.0,10.0,0.0,0.0,,,0.0,0.0,0.0,39.48826161611328,,html_parse_failed,nan
20.8% Slot‐Die Coated MAPbI3 Perovskite Solar Cells by Optimal DMSO‐Content and Age of 2‐ME Based Precursor Inks,2021,10.1002/aenm.202003460,https://openalex.org/W3113214473,204,True,https://onlinelibrary.wiley.com/doi/pdfdirect/10.1002/aenm.202003460,https://doi.org/10.1002/aenm.202003460,Advanced Energy Materials,10.1002aenm.202003460,20 8 slot die coated mapbi3 perovskite solar cells by optimal dmso content and age of 2 me based precursor inks,26.61504989569204,0.6,6.0,12.0,0.0,0.0,,,0.0,0.0,0.0,39.21504989569205,,no_accessible_pdf_found,https://onlinelibrary.wiley.com/doi/pdfdirect/10.1002/aenm.202003460
"Genesis, challenges and opportunities for colloidal lead halide perovskite nanocrystals",2018,10.1038/s41563-018-0018-4,https://openalex.org/W2794107391,2263,True,https://www.dora.lib4ri.ch/empa/dload/empa:16545/PDF2/view,https://www.dora.lib4ri.ch/empa/islandora/object/empa%3A16545,Nature Materials,10.1038s41563-018-0018-4,genesis challenges and opportunities for colloidal lead halide perovskite nanocrystals,38.62444219661537,0.3,0.0,0.0,0.0,0.0,,,0.0,0.0,0.0,38.92444219661537,C:\Users\Fahad\Downloads\Fasial Work\000_LLM Review3\perovskite_ink_pipeline\perovskite_ink_pipeline\pdfs\2018_10.1038s41563-018-0018-4_Genesis_challenges_and_opportunities_for_colloidal_lead_halide_perovskite_nanocrystals.pdf,downloaded_pdf,https://www.dora.lib4ri.ch/empa/dload/empa:16545/PDF2/view
Solution-processed semiconductors for next-generation photodetectors,2017,10.1038/natrevmats.2016.100,https://openalex.org/W2580498825,1531,True,https://utoronto.scholaris.ca/bitstreams/544533a9-d2ba-47fd-bcad-e7a7554dac98/download,http://hdl.handle.net/1807/75852,Nature Reviews Materials,10.1038natrevmats.2016.100,solution processed semiconductors for next generation photodetectors,36.671646751502685,0.2,1.0,2.0,0.0,0.0,,,0.0,0.0,0.0,38.87164675150269,C:\Users\Fahad\Downloads\Fasial Work\000_LLM Review3\perovskite_ink_pipeline\perovskite_ink_pipeline\pdfs\2017_10.1038natrevmats.2016.100_Solution-processed_semiconductors_for_next-generation_photodetectors.pdf,downloaded_pdf,https://utoronto.scholaris.ca/server/api/core/bitstreams/544533a9-d2ba-47fd-bcad-e7a7554dac98/content
Stable Colloidal Quantum Dot Inks Enable Inkjet-Printed High-Sensitivity Infrared Photodetectors,2019,10.1021/acsnano.9b06125,https://openalex.org/W2975774155,160,True,https://utoronto.scholaris.ca/bitstreams/6a8e480f-2bf2-40ae-8fad-53a9d43afd9e/download,http://hdl.handle.net/1807/96973,ACS Nano,10.1021acsnano.9b06125,stable colloidal quantum dot inks enable inkjet printed high sensitivity infrared photodetectors,25.40702182492232,0.4,6.5,13.0,0.0,0.0,,,0.0,0.0,0.0,38.80702182492232,C:\Users\Fahad\Downloads\Fasial Work\000_LLM Review3\perovskite_ink_pipeline\perovskite_ink_pipeline\pdfs\2019_10.1021acsnano.9b06125_Stable_Colloidal_Quantum_Dot_Inks_Enable_Inkjet-Printed_High-Sensitivity_Infrared_Photodetectors.pdf,downloaded_pdf,https://utoronto.scholaris.ca/server/api/core/bitstreams/6a8e480f-2bf2-40ae-8fad-53a9d43afd9e/content
One-Year stable perovskite solar cells by 2D/3D interface engineering,2017,10.1038/ncomms15684,https://openalex.org/W2621222172,2056,True,https://www.nature.com/articles/ncomms15684.pdf,https://doi.org/10.1038/ncomms15684,Nature Communications,10.1038ncomms15684,one year stable perovskite solar cells by 2d 3d interface engineering,38.14501944826479,0.2,0.0,0.0,0.0,0.0,,,0.0,0.0,0.0,38.34501944826479,C:\Users\Fahad\Downloads\Fasial Work\000_LLM Review3\perovskite_ink_pipeline\perovskite_ink_pipeline\pdfs\2017_10.1038ncomms15684_One-Year_stable_perovskite_solar_cells_by_2D3D_interface_engineering.pdf,downloaded_pdf,https://www.nature.com/articles/ncomms15684.pdf
Perovskite ink with wide processing window for scalable high-efficiency solar cells,2017,10.1038/nenergy.2017.38,https://openalex.org/W2603394065,615,True,https://www.osti.gov/servlets/purl/1349021,https://www.osti.gov/biblio/1349021,Nature Energy,10.1038nenergy.2017.38,perovskite ink with wide processing window for scalable high efficiency solar cells,32.1162348176676,0.2,3.0,6.0,0.0,0.0,,,0.0,0.0,0.0,38.3162348176676,,html_parse_failed,https://www.osti.gov/servlets/purl/1349021
High-quality bulk hybrid perovskite single crystals within minutes by inverse temperature crystallization,2015,10.1038/ncomms8586,https://openalex.org/W773815729,1910,True,https://www.nature.com/articles/ncomms8586.pdf,https://doi.org/10.1038/ncomms8586,Nature Communications,10.1038ncomms8586,high quality bulk hybrid perovskite single crystals within minutes by inverse temperature crystallization,37.77690972120136,0.0,0.0,0.0,0.0,0.0,,,0.0,0.0,0.0,37.77690972120136,C:\Users\Fahad\Downloads\Fasial Work\000_LLM Review3\perovskite_ink_pipeline\perovskite_ink_pipeline\pdfs\2015_10.1038ncomms8586_High-quality_bulk_hybrid_perovskite_single_crystals_within_minutes_by_inverse_temperature_crystallization.pdf,downloaded_pdf,https://www.nature.com/articles/ncomms8586.pdf
Methylammonium Chloride Induces Intermediate Phase Stabilization for Efficient Perovskite Solar Cells,2019,10.1016/j.joule.2019.06.014,https://openalex.org/W2952213661,1743,True,http://www.cell.com/article/S2542435119303058/pdf,https://doi.org/10.1016/j.joule.2019.06.014,Joule,10.1016j.joule.2019.06.014,methylammonium chloride induces intermediate phase stabilization for efficient perovskite solar cells,37.31968302234463,0.4,0.0,0.0,0.0,0.0,,,0.0,0.0,0.0,37.71968302234463,,no_accessible_pdf_found,https://www.cell.com/article/S2542435119303058/pdf
Scalable fabrication of perovskite solar cells,2018,10.1038/natrevmats.2018.17,https://openalex.org/W2790131079,1150,True,https://www.osti.gov/servlets/purl/1430821,https://www.osti.gov/biblio/1430821,Nature Reviews Materials,10.1038natrevmats.2018.17,scalable fabrication of perovskite solar cells,35.24193204360942,0.3,1.0,2.0,0.0,0.0,,,0.0,0.0,0.0,37.54193204360941,,html_parse_failed,https://www.osti.gov/servlets/purl/1430821
Perovskite Solar Cells with All‐Inkjet‐Printed Absorber and Charge Transport Layers,2020,10.1002/admt.202000271,https://openalex.org/W3040038687,119,True,https://onlinelibrary.wiley.com/doi/pdfdirect/10.1002/admt.202000271,https://doi.org/10.1002/admt.202000271,Advanced Materials Technologies,10.1002admt.202000271,perovskite solar cells with all inkjet printed absorber and charge transport layers,23.937458713910228,0.5,6.5,13.0,0.0,0.0,,,0.0,0.0,0.0,37.43745871391023,,no_accessible_pdf_found,https://onlinelibrary.wiley.com/doi/pdfdirect/10.1002/admt.202000271
Detection of X-ray photons by solution-processed lead halide perovskites,2015,10.1038/nphoton.2015.82,https://openalex.org/W1517556801,1177,True,https://www.dora.lib4ri.ch/empa/dload/empa:11995/PDF2/view,https://www.dora.lib4ri.ch/empa/islandora/object/empa%3A11995,Nature Photonics,10.1038nphoton.2015.82,detection of x ray photons by solution processed lead halide perovskites,35.35786682105766,0.0,1.0,2.0,0.0,0.0,,,0.0,0.0,0.0,37.35786682105766,C:\Users\Fahad\Downloads\Fasial Work\000_LLM Review3\perovskite_ink_pipeline\perovskite_ink_pipeline\pdfs\2015_10.1038nphoton.2015.82_Detection_of_X-ray_photons_by_solution-processed_lead_halide_perovskites.pdf,downloaded_pdf,https://www.dora.lib4ri.ch/empa/dload/empa:11995/PDF2/view
Advances in Inkjet‐Printed Metal Halide Perovskite Photovoltaic and Optoelectronic Devices,2019,10.1002/ente.201900991,https://openalex.org/W2982978902,117,True,https://onlinelibrary.wiley.com/doi/pdfdirect/10.1002/ente.201900991,https://doi.org/10.1002/ente.201900991,Energy Technology,10.1002ente.201900991,advances in inkjet printed metal halide perovskite photovoltaic and optoelectronic devices,23.853423122328326,0.4,6.5,13.0,0.0,0.0,,,0.0,0.0,0.0,37.25342312232833,,no_accessible_pdf_found,https://onlinelibrary.wiley.com/doi/pdfdirect/10.1002/ente.201900991
Solvent Annealing of Perovskite‐Induced Crystal Growth for Photovoltaic‐Device Efficiency Enhancement,2014,10.1002/adma.201401685,https://openalex.org/W1986717625,1703,True,https://www.osti.gov/servlets/purl/1237997,https://www.osti.gov/biblio/1237997,Advanced Materials,10.1002adma.201401685,solvent annealing of perovskite induced crystal growth for photovoltaic device efficiency enhancement,37.2036685369463,0.0,0.0,0.0,0.0,0.0,,,0.0,0.0,0.0,37.2036685369463,,html_parse_failed,https://www.osti.gov/servlets/purl/1237997
Van der Waals integration before and beyond two-dimensional materials,2019,10.1038/s41586-019-1013-x,https://openalex.org/W2925217409,1534,True,https://www.nature.com/articles/s41586-019-1013-x.pdf,https://doi.org/10.1038/s41586-019-1013-x,Nature,10.1038s41586-019-1013-x,van der waals integration before and beyond two dimensional materials,36.68142830010649,0.4,0.0,0.0,0.0,0.0,,,0.0,0.0,0.0,37.08142830010649,C:\Users\Fahad\Downloads\Fasial Work\000_LLM Review3\perovskite_ink_pipeline\perovskite_ink_pipeline\pdfs\2019_10.1038s41586-019-1013-x_Van_der_Waals_integration_before_and_beyond_two-dimensional_materials.pdf,downloaded_pdf,https://www.nature.com/articles/s41586-019-1013-x.pdf
Improved charge extraction in inverted perovskite solar cells with dual-site-binding ligands,2024,10.1126/science.adm9474,https://openalex.org/W4394728226,1362,True,https://utoronto.scholaris.ca/bitstreams/4aaf4125-1290-4e5c-bf07-9b53ed6c035f/download,http://hdl.handle.net/1807/139363,Science,10.1126science.adm9474,improved charge extraction in inverted perovskite solar cells with dual site binding ligands,36.087217158482666,0.9,0.0,0.0,0.0,0.0,,,0.0,0.0,0.0,36.987217158482665,C:\Users\Fahad\Downloads\Fasial Work\000_LLM Review3\perovskite_ink_pipeline\perovskite_ink_pipeline\pdfs\2024_10.1126science.adm9474_Improved_charge_extraction_in_inverted_perovskite_solar_cells_with_dual-site-binding_ligands.pdf,downloaded_pdf,https://utoronto.scholaris.ca/server/api/core/bitstreams/4aaf4125-1290-4e5c-bf07-9b53ed6c035f/content
Perovskite Materials for Light‐Emitting Diodes and Lasers,2016,10.1002/adma.201600669,https://openalex.org/W2396261957,1468,True,https://onlinelibrary.wiley.com/doi/pdfdirect/10.1002/adma.201600669,https://doi.org/10.1002/adma.201600669,Advanced Materials,10.1002adma.201600669,perovskite materials for light emitting diodes and lasers,36.46168588086938,0.1,0.0,0.0,0.0,0.0,,,0.0,0.0,0.0,36.56168588086938,,no_accessible_pdf_found,https://onlinelibrary.wiley.com/doi/pdfdirect/10.1002/adma.201600669
High efficiency planar-type perovskite solar cells with negligible hysteresis using EDTA-complexed SnO2,2018,10.1038/s41467-018-05760-x,https://openalex.org/W2885088646,1400,True,https://www.nature.com/articles/s41467-018-05760-x.pdf,https://doi.org/10.1038/s41467-018-05760-x,Nature Communications,10.1038s41467-018-05760-x,high efficiency planar type perovskite solar cells with negligible hysteresis using edta complexed sno2,36.22470773168503,0.3,0.0,0.0,0.0,0.0,,,0.0,0.0,0.0,36.52470773168503,C:\Users\Fahad\Downloads\Fasial Work\000_LLM Review3\perovskite_ink_pipeline\perovskite_ink_pipeline\pdfs\2018_10.1038s41467-018-05760-x_High_efficiency_planar-type_perovskite_solar_cells_with_negligible_hysteresis_using_EDTA-complexed_SnO2.pdf,downloaded_pdf,https://www.nature.com/articles/s41467-018-05760-x.pdf
Perovskite-polymer composite cross-linker approach for highly-stable and efficient perovskite solar cells,2019,10.1038/s41467-019-08455-z,https://openalex.org/W2914692117,581,True,https://www.nature.com/articles/s41467-019-08455-z.pdf,https://doi.org/10.1038/s41467-019-08455-z,Nature Communications,10.1038s41467-019-08455-z,perovskite polymer composite cross linker approach for highly stable and efficient perovskite solar cells,31.83235223865719,0.4,2.0,4.0,0.0,0.0,,,0.0,0.0,0.0,36.23235223865719,C:\Users\Fahad\Downloads\Fasial Work\000_LLM Review3\perovskite_ink_pipeline\perovskite_ink_pipeline\pdfs\2019_10.1038s41467-019-08455-z_Perovskite-polymer_composite_cross-linker_approach_for_highly-stable_and_efficient_perovskite_solar_cells.pdf,downloaded_pdf,https://www.nature.com/articles/s41467-019-08455-z.pdf
Managing grains and interfaces via ligand anchoring enables 22.3%-efficiency inverted perovskite solar cells,2020,10.1038/s41560-019-0538-4,https://openalex.org/W2998919826,1246,True,https://utoronto.scholaris.ca/bitstreams/fcd62a5b-5e8b-4735-9ff4-2f030a53834e/download,http://hdl.handle.net/1807/100242,Nature Energy,10.1038s41560-019-0538-4,managing grains and interfaces via ligand anchoring enables 22 3 efficiency inverted perovskite solar cells,35.64247972840018,0.5,0.0,0.0,0.0,0.0,,,0.0,0.0,0.0,36.14247972840018,C:\Users\Fahad\Downloads\Fasial Work\000_LLM Review3\perovskite_ink_pipeline\perovskite_ink_pipeline\pdfs\2020_10.1038s41560-019-0538-4_Managing_grains_and_interfaces_via_ligand_anchoring_enables_22.3-efficiency_inverted_perovskite_solar_cells.pdf,downloaded_pdf,https://utoronto.scholaris.ca/server/api/core/bitstreams/fcd62a5b-5e8b-4735-9ff4-2f030a53834e/content
Highly efficient planar perovskite solar cells through band alignment engineering,2015,10.1039/c5ee02608c,https://openalex.org/W1941396097,1262,True,https://pubs.rsc.org/en/content/articlepdf/2015/ee/c5ee02608c,https://doi.org/10.1039/c5ee02608c,Energy & Environmental Science,10.1039c5ee02608c,highly efficient planar perovskite solar cells through band alignment engineering,35.70622561175246,0.0,0.0,0.0,0.0,0.0,,,0.0,0.0,0.0,35.70622561175246,,no_accessible_pdf_found,https://pubs.rsc.org/en/content/articlepdf/2015/ee/c5ee02608c
Towards stable and commercially available perovskite solar cells,2016,10.1038/nenergy.2016.152,https://openalex.org/W2536873010,1186,True,https://www.osti.gov/servlets/purl/1329525,https://www.osti.gov/biblio/1329525,Nature Energy,10.1038nenergy.2016.152,towards stable and commercially available perovskite solar cells,35.39592197304834,0.1,0.0,0.0,0.0,0.0,,,0.0,0.0,0.0,35.49592197304834,,html_parse_failed,https://www.osti.gov/servlets/purl/1329525
Opportunities and challenges for tandem solar cells using metal halide perovskite semiconductors,2018,10.1038/s41560-018-0190-4,https://openalex.org/W2847347814,1113,True,https://www.osti.gov/servlets/purl/1686155,https://www.osti.gov/biblio/1686155,Nature Energy,10.1038s41560-018-0190-4,opportunities and challenges for tandem solar cells using metal halide perovskite semiconductors,35.07856210243615,0.3,0.0,0.0,0.0,0.0,,,0.0,0.0,0.0,35.37856210243615,,html_parse_failed,https://www.osti.gov/servlets/purl/1686155
A high-conductivity n-type polymeric ink for printed electronics,2021,10.1038/s41467-021-22528-y,https://openalex.org/W3155455451,254,True,https://www.nature.com/articles/s41467-021-22528-y.pdf,https://doi.org/10.1038/s41467-021-22528-y,Nature Communications,10.1038s41467-021-22528-y,a high conductivity n type polymeric ink for printed electronics,27.70631772579213,0.6,3.5,7.0,0.0,0.0,,,0.0,0.0,0.0,35.30631772579213,C:\Users\Fahad\Downloads\Fasial Work\000_LLM Review3\perovskite_ink_pipeline\perovskite_ink_pipeline\pdfs\2021_10.1038s41467-021-22528-y_A_high-conductivity_n-type_polymeric_ink_for_printed_electronics.pdf,downloaded_pdf,https://www.nature.com/articles/s41467-021-22528-y.pdf
"A Review on Printed Electronics: Fabrication Methods, Inks, Substrates, Applications and Environmental Impacts",2021,10.3390/jmmp5030089,https://openalex.org/W3167283458,252,True,https://www.mdpi.com/2504-4494/5/3/89/pdf?version=1628853717,https://doi.org/10.3390/jmmp5030089,Journal of Manufacturing and Materials Processing,10.3390jmmp5030089,a review on printed electronics fabrication methods inks substrates applications and environmental impacts,27.666947443637603,0.6,3.5,7.0,0.0,0.0,,,0.0,0.0,0.0,35.266947443637605,,no_accessible_pdf_found,https://www.mdpi.com/2504-4494/5/3/89/pdf?version=1628853717
Under the spotlight: The organic–inorganic hybrid halide perovskite for optoelectronic applications,2015,10.1016/j.nantod.2015.04.009,https://openalex.org/W2185508523,1144,True,https://www.sciencedirect.com/science/article/pii/S1748013215000560/pdf,https://doi.org/10.1016/j.nantod.2015.04.009,Nano Today,10.1016j.nantod.2015.04.009,under the spotlight the organic inorganic hybrid halide perovskite for optoelectronic applications,35.2157995799417,0.0,0.0,0.0,0.0,0.0,,,0.0,0.0,0.0,35.2157995799417,,no_accessible_pdf_found,https://www.sciencedirect.com/science/article/pii/S1748013215000560/pdf
Slot-die coating of perovskite solar cells: An overview,2019,10.1016/j.mtcomm.2019.100808,https://openalex.org/W2995852576,212,True,https://ars.els-cdn.com/content/image/1-s2.0-S2352492819308414-ga1_lrg.jpg,https://doi.org/10.1016/j.mtcomm.2019.100808,Materials Today Communications,10.1016j.mtcomm.2019.100808,slot die coating of perovskite solar cells an overview,26.806460828547127,0.4,4.0,8.0,0.0,0.0,,,0.0,0.0,0.0,35.20646082854712,,no_accessible_pdf_found,https://ars.els-cdn.com/content/image/1-s2.0-S2352492819308414-ga1_lrg.jpg
20.8% slot-die coated MAPbI3 perovskite solar cells by optimal DMSO-content and age of 2-ME based precursor inks,2020,10.21203/rs.3.rs-93765/v1,https://openalex.org/W4242375312,33,True,https://www.researchsquare.com/article/rs-93765/latest.pdf,https://doi.org/10.21203/rs.3.rs-93765/v1,Research Square,10.21203rs.3.rs-93765v1,20 8 slot die coated mapbi3 perovskite solar cells by optimal dmso content and age of 2 me based precursor inks,17.63180262308081,0.5,8.5,17.0,0.0,0.0,,,0.0,0.0,0.0,35.13180262308081,C:\Users\Fahad\Downloads\Fasial Work\000_LLM Review3\perovskite_ink_pipeline\perovskite_ink_pipeline\pdfs\2020_10.21203rs.3.rs-93765v1_20.8_slot-die_coated_MAPbI3_perovskite_solar_cells_by_optimal_DMSO-content_and_age_of_2-ME_based_precursor_inks.pdf,downloaded_pdf,https://assets-eu.researchsquare.com/files/rs-93765/v1/de7648b6-1779-4224-a1fa-503e4cc3e186.pdf?c=1631858380
Strain engineering in perovskite solar cells and its impacts on carrier dynamics,2019,10.1038/s41467-019-08507-4,https://openalex.org/W2912153941,1037,True,https://www.nature.com/articles/s41467-019-08507-4.pdf,https://doi.org/10.1038/s41467-019-08507-4,Nature Communications,10.1038s41467-019-08507-4,strain engineering in perovskite solar cells and its impacts on carrier dynamics,34.725255318629166,0.4,0.0,0.0,0.0,0.0,,,0.0,0.0,0.0,35.125255318629165,C:\Users\Fahad\Downloads\Fasial Work\000_LLM Review3\perovskite_ink_pipeline\perovskite_ink_pipeline\pdfs\2019_10.1038s41467-019-08507-4_Strain_engineering_in_perovskite_solar_cells_and_its_impacts_on_carrier_dynamics.pdf,downloaded_pdf,https://www.nature.com/articles/s41467-019-08507-4.pdf
Sn(IV)-free tin perovskite films realized by in situ Sn(0) nanoparticle treatment of the precursor solution,2020,10.1038/s41467-020-16726-3,https://openalex.org/W3034736206,296,True,https://www.nature.com/articles/s41467-020-16726-3.pdf,https://doi.org/10.1038/s41467-020-16726-3,Nature Communications,10.1038s41467-020-16726-3,sn iv free tin perovskite films realized by in situ sn 0 nanoparticle treatment of the precursor solution,28.4686606940135,0.5,3.0,6.0,0.0,0.0,,,0.0,0.0,0.0,34.9686606940135,C:\Users\Fahad\Downloads\Fasial Work\000_LLM Review3\perovskite_ink_pipeline\perovskite_ink_pipeline\pdfs\2020_10.1038s41467-020-16726-3_SnIV-free_tin_perovskite_films_realized_by_in_situ_Sn0_nanoparticle_treatment_of_the_precursor_solution.pdf,downloaded_pdf,https://www.nature.com/articles/s41467-020-16726-3.pdf
Perovskites for Next-Generation Optical Sources,2019,10.1021/acs.chemrev.9b00107,https://openalex.org/W2940692781,983,True,https://dr.ntu.edu.sg/bitstream/10356/140305/2/Chem%20Rev_combined_revision%20tedits-Clean.pdf,https://hdl.handle.net/10356/140305,Chemical Reviews,10.1021acs.chemrev.9b00107,perovskites for next generation optical sources,34.45812948526127,0.4,0.0,0.0,0.0,0.0,,,0.0,0.0,0.0,34.858129485261266,,downloaded_but_file_missing,https://dr.ntu.edu.sg/bitstream/10356/140305/2/Chem%20Rev_combined_revision%20tedits-Clean.pdf
Efficient green light-emitting diodes based on quasi-two-dimensional composition and phase engineered perovskite with surface passivation,2018,10.1038/s41467-018-02978-7,https://openalex.org/W2800279715,1000,True,https://www.nature.com/articles/s41467-018-02978-7.pdf,https://doi.org/10.1038/s41467-018-02978-7,Nature Communications,10.1038s41467-018-02978-7,efficient green light emitting diodes based on quasi two dimensional composition and phase engineered perovskite with surface passivation,34.5437738965761,0.3,0.0,0.0,0.0,0.0,,,0.0,0.0,0.0,34.843773896576096,C:\Users\Fahad\Downloads\Fasial Work\000_LLM Review3\perovskite_ink_pipeline\perovskite_ink_pipeline\pdfs\2018_10.1038s41467-018-02978-7_Efficient_green_light-emitting_diodes_based_on_quasi-two-dimensional_composition_and_phase_engineered_perovsk.pdf,downloaded_pdf,https://www.nature.com/articles/s41467-018-02978-7.pdf
Chiral-perovskite optoelectronics,2020,10.1038/s41578-020-0181-5,https://openalex.org/W3011088795,895,True,https://www.nature.com/articles/s41578-020-0181-5.pdf,https://doi.org/10.1038/s41578-020-0181-5,Nature Reviews Materials,10.1038s41578-020-0181-5,chiral perovskite optoelectronics,33.98970206487465,0.5,0.0,0.0,0.0,0.0,,,0.0,0.0,0.0,34.48970206487465,C:\Users\Fahad\Downloads\Fasial Work\000_LLM Review3\perovskite_ink_pipeline\perovskite_ink_pipeline\pdfs\2020_10.1038s41578-020-0181-5_Chiral-perovskite_optoelectronics.pdf,downloaded_from_html_link,https://media.springernature.com/original/springer-static/esm/art%3A10.1038%2Fs41578-020-0181-5/MediaObjects/41578_2020_181_MOESM1_ESM.pdf
Large-area and efficient perovskite light-emitting diodes via low-temperature blade-coating,2021,10.1038/s41467-020-20433-4,https://openalex.org/W3120128877,171,True,https://www.nature.com/articles/s41467-020-20433-4.pdf,https://doi.org/10.1038/s41467-020-20433-4,Nature Communications,10.1038s41467-020-20433-4,large area and efficient perovskite light emitting diodes via low temperature blade coating,25.737472384067264,0.6,4.0,8.0,0.0,0.0,,,0.0,0.0,0.0,34.33747238406727,C:\Users\Fahad\Downloads\Fasial Work\000_LLM Review3\perovskite_ink_pipeline\perovskite_ink_pipeline\pdfs\2021_10.1038s41467-020-20433-4_Large-area_and_efficient_perovskite_light-emitting_diodes_via_low-temperature_blade-coating.pdf,downloaded_pdf,https://www.nature.com/articles/s41467-020-20433-4.pdf
Inkjet printed mesoscopic perovskite solar cells with custom design capability,2020,10.1039/d0ma00077a,https://openalex.org/W3020619809,62,True,https://pubs.rsc.org/en/content/articlepdf/2020/ma/d0ma00077a,https://doi.org/10.1039/d0ma00077a,Materials Advances,10.1039d0ma00077a,inkjet printed mesoscopic perovskite solar cells with custom design capability,20.715673631957664,0.5,6.5,13.0,0.0,0.0,,,0.0,0.0,0.0,34.215673631957664,,no_accessible_pdf_found,https://pubs.rsc.org/en/content/articlepdf/2020/ma/d0ma00077a
Highly Reproducible Sn‐Based Hybrid Perovskite Solar Cells with 9% Efficiency,2017,10.1002/aenm.201702019,https://openalex.org/W2760629443,897,True,https://onlinelibrary.wiley.com/doi/pdfdirect/10.1002/aenm.201702019,https://doi.org/10.1002/aenm.201702019,Advanced Energy Materials,10.1002aenm.201702019,highly reproducible sn based hybrid perovskite solar cells with 9 efficiency,34.000850341511,0.2,0.0,0.0,0.0,0.0,,,0.0,0.0,0.0,34.200850341511,,no_accessible_pdf_found,https://onlinelibrary.wiley.com/doi/pdfdirect/10.1002/aenm.201702019
Band Gap Tuning via Lattice Contraction and Octahedral Tilting in Perovskite Materials for Photovoltaics,2017,10.1021/jacs.7b04981,https://openalex.org/W2735613780,887,True,https://www.osti.gov/servlets/purl/1390619,https://www.osti.gov/biblio/1390619,Journal of the American Chemical Society,10.1021jacs.7b04981,band gap tuning via lattice contraction and octahedral tilting in perovskite materials for photovoltaics,33.94485871496085,0.2,0.0,0.0,0.0,0.0,,,0.0,0.0,0.0,34.144858714960854,,html_parse_failed,https://www.osti.gov/servlets/purl/1390619
Understanding how excess lead iodide precursor improves halide perovskite solar cell performance,2018,10.1038/s41467-018-05583-w,https://openalex.org/W2886506777,388,True,https://www.nature.com/articles/s41467-018-05583-w.pdf,https://doi.org/10.1038/s41467-018-05583-w,Nature Communications,10.1038s41467-018-05583-w,understanding how excess lead iodide precursor improves halide perovskite solar cell performance,29.81789671809223,0.3,2.0,4.0,0.0,0.0,,,0.0,0.0,0.0,34.117896718092226,C:\Users\Fahad\Downloads\Fasial Work\000_LLM Review3\perovskite_ink_pipeline\perovskite_ink_pipeline\pdfs\2018_10.1038s41467-018-05583-w_Understanding_how_excess_lead_iodide_precursor_improves_halide_perovskite_solar_cell_performance.pdf,downloaded_pdf,https://www.nature.com/articles/s41467-018-05583-w.pdf
Highly Oriented Low-Dimensional Tin Halide Perovskites with Enhanced Stability and Photovoltaic Performance,2017,10.1021/jacs.7b01815,https://openalex.org/W2609670982,882,True,https://utoronto.scholaris.ca/bitstreams/077a57f9-1c2e-4414-b5df-965a6fc982ea/download,http://hdl.handle.net/1807/77210,Journal of the American Chemical Society,10.1021jacs.7b01815,highly oriented low dimensional tin halide perovskites with enhanced stability and photovoltaic performance,33.9166260030198,0.2,0.0,0.0,0.0,0.0,,,0.0,0.0,0.0,34.1166260030198,C:\Users\Fahad\Downloads\Fasial Work\000_LLM Review3\perovskite_ink_pipeline\perovskite_ink_pipeline\pdfs\2017_10.1021jacs.7b01815_Highly_Oriented_Low-Dimensional_Tin_Halide_Perovskites_with_Enhanced_Stability_and_Photovoltaic_Performance.pdf,downloaded_pdf,https://utoronto.scholaris.ca/server/api/core/bitstreams/077a57f9-1c2e-4414-b5df-965a6fc982ea/content
"Flexible, Printable Soft‐X‐Ray Detectors Based on All‐Inorganic Perovskite Quantum Dots",2019,10.1002/adma.201901644,https://openalex.org/W2953908119,371,True,https://researchmgt.monash.edu/ws/files/593932048/277933760_oa.pdf,https://research.monash.edu/en/publications/ec16319e-b9d5-45d4-aefd-4d0849e6c4e5,Advanced Materials,10.1002adma.201901644,flexible printable soft x ray detectors based on all inorganic perovskite quantum dots,29.59446927136573,0.4,2.0,4.0,0.0,0.0,,,0.0,0.0,0.0,33.99446927136573,C:\Users\Fahad\Downloads\Fasial Work\000_LLM Review3\perovskite_ink_pipeline\perovskite_ink_pipeline\pdfs\2019_10.1002adma.201901644_Flexible_Printable_SoftXRay_Detectors_Based_on_AllInorganic_Perovskite_Quantum_Dots.pdf,downloaded_pdf,https://researchmgt.monash.edu/ws/files/593932048/277933760_oa.pdf
Ultra-bright and highly efficient inorganic based perovskite light-emitting diodes,2017,10.1038/ncomms15640,https://openalex.org/W2623955189,854,True,https://www.nature.com/articles/ncomms15640.pdf,https://doi.org/10.1038/ncomms15640,Nature Communications,10.1038ncomms15640,ultra bright and highly efficient inorganic based perovskite light emitting diodes,33.7555073446838,0.2,0.0,0.0,0.0,0.0,,,0.0,0.0,0.0,33.9555073446838,C:\Users\Fahad\Downloads\Fasial Work\000_LLM Review3\perovskite_ink_pipeline\perovskite_ink_pipeline\pdfs\2017_10.1038ncomms15640_Ultra-bright_and_highly_efficient_inorganic_based_perovskite_light-emitting_diodes.pdf,downloaded_pdf,https://www.nature.com/articles/ncomms15640.pdf
"Tailored interfaces of unencapsulated perovskite solar cells for >1,000 hour operational stability",2018,10.1038/s41560-017-0067-y,https://openalex.org/W2782219842,826,True,https://www.osti.gov/servlets/purl/1419410,https://www.osti.gov/biblio/1419410,Nature Energy,10.1038s41560-017-0067-y,tailored interfaces of unencapsulated perovskite solar cells for 1 000 hour operational stability,33.58902347511845,0.3,0.0,0.0,0.0,0.0,,,0.0,0.0,0.0,33.88902347511845,,html_parse_failed,https://www.osti.gov/servlets/purl/1419410
Additive Engineering for Efficient and Stable Perovskite Solar Cells,2019,10.1002/aenm.201902579,https://openalex.org/W2977917184,799,True,https://www.osti.gov/servlets/purl/1570188,https://www.osti.gov/biblio/1569293,Advanced Energy Materials,10.1002aenm.201902579,additive engineering for efficient and stable perovskite solar cells,33.42305863833963,0.4,0.0,0.0,0.0,0.0,,,0.0,0.0,0.0,33.82305863833963,,html_parse_failed,https://www.osti.gov/servlets/purl/1570188
Long-term operating stability in perovskite photovoltaics,2023,10.1038/s41578-023-00582-w,https://openalex.org/W4385891984,726,True,https://utoronto.scholaris.ca/bitstreams/14ec58d7-2f78-454f-bf5a-aa32b14331a3/download,http://hdl.handle.net/1807/134282,Nature Reviews Materials,10.1038s41578-023-00582-w,long term operating stability in perovskite photovoltaics,32.9446323876676,0.8,0.0,0.0,0.0,0.0,,,0.0,0.0,0.0,33.74463238766759,C:\Users\Fahad\Downloads\Fasial Work\000_LLM Review3\perovskite_ink_pipeline\perovskite_ink_pipeline\pdfs\2023_10.1038s41578-023-00582-w_Long-term_operating_stability_in_perovskite_photovoltaics.pdf,downloaded_pdf,https://utoronto.scholaris.ca/server/api/core/bitstreams/14ec58d7-2f78-454f-bf5a-aa32b14331a3/content
All-perovskite tandem solar cells with 24.2% certified efficiency and area over 1 cm2 using surface-anchoring zwitterionic antioxidant,2020,10.1038/s41560-020-00705-5,https://openalex.org/W3091827613,763,True,https://utoronto.scholaris.ca/bitstreams/ef3983aa-3f5b-4259-ab80-a33ed6ca25d4/download,https://doi.org/10.1038/s41560-020-00705-5,Nature Energy,10.1038s41560-020-00705-5,all perovskite tandem solar cells with 24 2 certified efficiency and area over 1 cm2 using surface anchoring zwitterionic antioxidant,33.192838945832605,0.5,0.0,0.0,0.0,0.0,,,0.0,0.0,0.0,33.692838945832605,C:\Users\Fahad\Downloads\Fasial Work\000_LLM Review3\perovskite_ink_pipeline\perovskite_ink_pipeline\pdfs\2020_10.1038s41560-020-00705-5_All-perovskite_tandem_solar_cells_with_24.2_certified_efficiency_and_area_over_1_cm2_using_surface-anchoring_.pdf,downloaded_pdf,https://utoronto.scholaris.ca/server/api/core/bitstreams/ef3983aa-3f5b-4259-ab80-a33ed6ca25d4/content
Degradation of Highly Alloyed Metal Halide Perovskite Precursor Inks: Mechanism and Storage Solutions,2018,10.1021/acsenergylett.8b00305,https://openalex.org/W2790258356,103,True,https://www.osti.gov/servlets/purl/1432603,https://www.osti.gov/biblio/1432603,ACS Energy Letters,10.1021acsenergylett.8b00305,degradation of highly alloyed metal halide perovskite precursor inks mechanism and storage solutions,23.22195449570686,0.3,5.0,10.0,0.0,0.0,,,0.0,0.0,0.0,33.521954495706865,,html_parse_failed,https://www.osti.gov/servlets/purl/1432603
Lead halide–templated crystallization of methylamine-free perovskite for efficient photovoltaic modules,2021,10.1126/science.abh1035,https://openalex.org/W3172692239,720,True,https://oist.repo.nii.ac.jp/record/2202/files/Accepted%20Manuscript-TL-20210506.pdf,https://oist.repo.nii.ac.jp/records/2202,Science,10.1126science.abh1035,lead halide templated crystallization of methylamine free perovskite for efficient photovoltaic modules,32.903195686424745,0.6,0.0,0.0,0.0,0.0,,,0.0,0.0,0.0,33.503195686424746,C:\Users\Fahad\Downloads\Fasial Work\000_LLM Review3\perovskite_ink_pipeline\perovskite_ink_pipeline\pdfs\2021_10.1126science.abh1035_Lead_halidetemplated_crystallization_of_methylamine-free_perovskite_for_efficient_photovoltaic_modules.pdf,downloaded_pdf,https://oist.repo.nii.ac.jp/record/2202/files/Accepted%20Manuscript-TL-20210506.pdf
Lead‐Free Inverted Planar Formamidinium Tin Triiodide Perovskite Solar Cells Achieving Power Conversion Efficiencies up to 6.22%,2016,10.1002/adma.201602992,https://openalex.org/W2511864954,790,True,https://www.osti.gov/servlets/purl/1331968,https://www.osti.gov/biblio/1331968,Advanced Materials,10.1002adma.201602992,lead free inverted planar formamidinium tin triiodide perovskite solar cells achieving power conversion efficiencies up to 6 22,33.36648983883827,0.1,0.0,0.0,0.0,0.0,,,0.0,0.0,0.0,33.46648983883827,,html_parse_failed,https://www.osti.gov/servlets/purl/1331968
Engineering Perovskite Precursor Inks for Scalable Production of High‐Efficiency Perovskite Photovoltaic Modules,2023,10.1002/aenm.202300595,https://openalex.org/W4366768377,92,True,https://onlinelibrary.wiley.com/doi/pdfdirect/10.1002/aenm.202300595,https://doi.org/10.1002/aenm.202300595,Advanced Energy Materials,10.1002aenm.202300595,engineering perovskite precursor inks for scalable production of high efficiency perovskite photovoltaic modules,22.66299746576628,0.8,5.0,10.0,0.0,0.0,,,0.0,0.0,0.0,33.46299746576628,,no_accessible_pdf_found,https://onlinelibrary.wiley.com/doi/pdfdirect/10.1002/aenm.202300595
Low-bandgap mixed tin–lead iodide perovskite absorbers with long carrier lifetimes for all-perovskite tandem solar cells,2017,10.1038/nenergy.2017.18,https://openalex.org/W2591756686,772,True,https://www.osti.gov/servlets/purl/1371834,https://www.osti.gov/biblio/1371834,Nature Energy,10.1038nenergy.2017.18,low bandgap mixed tin lead iodide perovskite absorbers with long carrier lifetimes for all perovskite tandem solar cells,33.251395242937114,0.2,0.0,0.0,0.0,0.0,,,0.0,0.0,0.0,33.45139524293712,,html_parse_failed,https://www.osti.gov/servlets/purl/1371834
Acetonitrile based single step slot-die compatible perovskite ink for flexible photovoltaics,2019,10.1039/c9ra06631d,https://openalex.org/W2984398171,54,True,https://pubs.rsc.org/en/content/articlepdf/2019/ra/c9ra06631d,https://doi.org/10.1039/c9ra06631d,RSC Advances,10.1039c9ra06631d,acetonitrile based single step slot die compatible perovskite ink for flexible photovoltaics,20.03666592616236,0.4,6.5,13.0,0.0,0.0,,,0.0,0.0,0.0,33.436665926162355,,no_accessible_pdf_found,https://pubs.rsc.org/en/content/articlepdf/2019/ra/c9ra06631d
Advancements in perovskite solar cells: photophysics behind the photovoltaics,2014,10.1039/c4ee00673a,https://openalex.org/W2123478102,782,True,https://pubs.rsc.org/en/content/articlepdf/2014/ee/c4ee00673a,https://doi.org/10.1039/c4ee00673a,Energy & Environmental Science,10.1039c4ee00673a,advancements in perovskite solar cells photophysics behind the photovoltaics,33.31566347995401,0.0,0.0,0.0,0.0,0.0,,,0.0,0.0,0.0,33.31566347995401,,no_accessible_pdf_found,https://pubs.rsc.org/en/content/articlepdf/2014/ee/c4ee00673a
Solution-processed perovskite light emitting diodes with efficiency exceeding 15% through additive-controlled nanostructure tailoring,2018,10.1038/s41467-018-06425-5,https://openalex.org/W2891879216,489,True,https://www.nature.com/articles/s41467-018-06425-5.pdf,https://doi.org/10.1038/s41467-018-06425-5,Nature Communications,10.1038s41467-018-06425-5,solution processed perovskite light emitting diodes with efficiency exceeding 15 through additive controlled nanostructure tailoring,30.97202695552336,0.3,1.0,2.0,0.0,0.0,,,0.0,0.0,0.0,33.27202695552336,,no_accessible_pdf_found,https://www.nature.com/articles/s41467-018-06425-5.pdf
Color-stable highly luminescent sky-blue perovskite light-emitting diodes,2018,10.1038/s41467-018-05909-8,https://openalex.org/W2888115472,721,True,https://www.nature.com/articles/s41467-018-05909-8.pdf,https://doi.org/10.1038/s41467-018-05909-8,Nature Communications,10.1038s41467-018-05909-8,color stable highly luminescent sky blue perovskite light emitting diodes,32.91012569446413,0.3,0.0,0.0,0.0,0.0,,,0.0,0.0,0.0,33.210125694464125,C:\Users\Fahad\Downloads\Fasial Work\000_LLM Review3\perovskite_ink_pipeline\perovskite_ink_pipeline\pdfs\2018_10.1038s41467-018-05909-8_Color-stable_highly_luminescent_sky-blue_perovskite_light-emitting_diodes.pdf,downloaded_pdf,https://www.nature.com/articles/s41467-018-05909-8.pdf
Ultrahydrophobic 3D/2D fluoroarene bilayer-based water-resistant perovskite solar cells with efficiencies exceeding 22%,2019,10.1126/sciadv.aaw2543,https://openalex.org/W2948992934,706,True,https://advances.sciencemag.org/content/advances/5/6/eaaw2543.full.pdf,https://doi.org/10.1126/sciadv.aaw2543,Science Advances,10.1126sciadv.aaw2543,ultrahydrophobic 3d 2d fluoroarene bilayer based water resistant perovskite solar cells with efficiencies exceeding 22,32.80515332948286,0.4,0.0,0.0,0.0,0.0,,,0.0,0.0,0.0,33.20515332948286,,downloaded_but_file_missing,https://advances.sciencemag.org/content/advances/5/6/eaaw2543.full.pdf
"Research Update: Large-area deposition, coating, printing, and processing techniques for the upscaling of perovskite solar cell technology",2016,10.1063/1.4962478,https://openalex.org/W2521353428,266,True,https://aip.scitation.org/doi/pdf/10.1063/1.4962478,https://doi.org/10.1063/1.4962478,APL Materials,10.10631.4962478,research update large area deposition coating printing and processing techniques for the upscaling of perovskite solar cell technology,27.936243292001247,0.1,2.5,5.0,0.0,0.0,,,0.0,0.0,0.0,33.036243292001245,,no_accessible_pdf_found,https://aip.scitation.org/doi/pdf/10.1063/1.4962478
Highly efficient all-inorganic perovskite solar cells with suppressed non-radiative recombination by a Lewis base,2020,10.1038/s41467-019-13909-5,https://openalex.org/W2999691245,667,True,https://www.nature.com/articles/s41467-019-13909-5.pdf,https://doi.org/10.1038/s41467-019-13909-5,Nature Communications,10.1038s41467-019-13909-5,highly efficient all inorganic perovskite solar cells with suppressed non radiative recombination by a lewis base,32.521440867683225,0.5,0.0,0.0,0.0,0.0,,,0.0,0.0,0.0,33.021440867683225,C:\Users\Fahad\Downloads\Fasial Work\000_LLM Review3\perovskite_ink_pipeline\perovskite_ink_pipeline\pdfs\2020_10.1038s41467-019-13909-5_Highly_efficient_all-inorganic_perovskite_solar_cells_with_suppressed_non-radiative_recombination_by_a_Lewis_.pdf,downloaded_pdf,https://www.nature.com/articles/s41467-019-13909-5.pdf
Roll‐to‐Roll Slot Die Coated Perovskite for Efficient Flexible Solar Cells,2018,10.1002/aenm.201801935,https://openalex.org/W2896268144,252,True,https://onlinelibrary.wiley.com/doi/pdfdirect/10.1002/aenm.201801935,https://doi.org/10.1002/aenm.201801935,Advanced Energy Materials,10.1002aenm.201801935,roll to roll slot die coated perovskite for efficient flexible solar cells,27.666947443637603,0.3,2.5,5.0,0.0,0.0,,,0.0,0.0,0.0,32.96694744363761,,no_accessible_pdf_found,https://onlinelibrary.wiley.com/doi/pdfdirect/10.1002/aenm.201801935
Life cycle assessment of inkjet printed perovskite solar cells,2022,10.1016/j.jclepro.2022.133665,https://openalex.org/W4292396068,46,True,https://ars.els-cdn.com/content/image/1-s2.0-S0959652622032437-ga1_lrg.jpg,https://doi.org/10.1016/j.jclepro.2022.133665,Journal of Cleaner Production,10.1016j.jclepro.2022.133665,life cycle assessment of inkjet printed perovskite solar cells,19.250738008550293,0.7,6.5,13.0,0.0,0.0,,,0.0,0.0,0.0,32.95073800855029,,no_accessible_pdf_found,https://ars.els-cdn.com/content/image/1-s2.0-S0959652622032437-ga1_lrg.jpg
High Quality Inkjet Printed‐Emissive Nanocrystalline Perovskite CsPbBr 3 Layers for Color Conversion Layer and LEDs Applications,2022,10.1002/admt.202101525,https://openalex.org/W4210415694,46,True,https://onlinelibrary.wiley.com/doi/pdfdirect/10.1002/admt.202101525,https://doi.org/10.1002/admt.202101525,Advanced Materials Technologies,10.1002admt.202101525,high quality inkjet printed emissive nanocrystalline perovskite cspbbr 3 layers for color conversion layer and leds applications,19.250738008550293,0.7,6.5,13.0,0.0,0.0,,,0.0,0.0,0.0,32.95073800855029,,no_accessible_pdf_found,https://onlinelibrary.wiley.com/doi/pdfdirect/10.1002/admt.202101525
Surface passivation engineering strategy to fully-inorganic cubic CsPbI3 perovskites for high-performance solar cells,2018,10.1038/s41467-018-03169-0,https://openalex.org/W2789697021,670,True,https://www.nature.com/articles/s41467-018-03169-0.pdf,https://doi.org/10.1038/s41467-018-03169-0,Nature Communications,10.1038s41467-018-03169-0,surface passivation engineering strategy to fully inorganic cubic cspbi3 perovskites for high performance solar cells,32.54384568485841,0.3,0.0,0.0,0.0,0.0,,,0.0,0.0,0.0,32.84384568485841,C:\Users\Fahad\Downloads\Fasial Work\000_LLM Review3\perovskite_ink_pipeline\perovskite_ink_pipeline\pdfs\2018_10.1038s41467-018-03169-0_Surface_passivation_engineering_strategy_to_fully-inorganic_cubic_CsPbI3_perovskites_for_high-performance_sol.pdf,downloaded_pdf,https://www.nature.com/articles/s41467-018-03169-0.pdf
Meniscus-assisted solution printing of large-grained perovskite films for high-efficiency solar cells,2017,10.1038/ncomms16045,https://openalex.org/W2731818310,450,True,https://www.nature.com/articles/ncomms16045.pdf,https://doi.org/10.1038/ncomms16045,Nature Communications,10.1038ncomms16045,meniscus assisted solution printing of large grained perovskite films for high efficiency solar cells,30.557336697513392,0.2,1.0,2.0,0.0,0.0,,,0.0,0.0,0.0,32.757336697513395,C:\Users\Fahad\Downloads\Fasial Work\000_LLM Review3\perovskite_ink_pipeline\perovskite_ink_pipeline\pdfs\2017_10.1038ncomms16045_Meniscus-assisted_solution_printing_of_large-grained_perovskite_films_for_high-efficiency_solar_cells.pdf,downloaded_pdf,https://www.nature.com/articles/ncomms16045.pdf
Regulating surface potential maximizes voltage in all-perovskite tandems,2022,10.1038/s41586-022-05541-z,https://openalex.org/W4309158972,607,True,https://www.osti.gov/servlets/purl/1900407,https://www.osti.gov/biblio/1903181,Nature,10.1038s41586-022-05541-z,regulating surface potential maximizes voltage in all perovskite tandems,32.05087440983084,0.7,0.0,0.0,0.0,0.0,,,0.0,0.0,0.0,32.75087440983084,,html_parse_failed,https://www.osti.gov/servlets/purl/1900407
Advances in two-dimensional organic–inorganic hybrid perovskites,2020,10.1039/c9ee03757h,https://openalex.org/W3008295325,624,True,https://www.osti.gov/servlets/purl/1605081,https://www.osti.gov/biblio/1602077,Energy & Environmental Science,10.1039c9ee03757h,advances in two dimensional organic inorganic hybrid perovskites,32.18875824868201,0.5,0.0,0.0,0.0,0.0,,,0.0,0.0,0.0,32.68875824868201,,html_parse_failed,https://www.osti.gov/servlets/purl/1605081
Solvent-controlled growth of inorganic perovskite films in dry environment for efficient and stable solar cells,2018,10.1038/s41467-018-04636-4,https://openalex.org/W2806673750,640,True,https://www.nature.com/articles/s41467-018-04636-4.pdf,https://doi.org/10.1038/s41467-018-04636-4,Nature Communications,10.1038s41467-018-04636-4,solvent controlled growth of inorganic perovskite films in dry environment for efficient and stable solar cells,32.31514728460335,0.3,0.0,0.0,0.0,0.0,,,0.0,0.0,0.0,32.615147284603346,C:\Users\Fahad\Downloads\Fasial Work\000_LLM Review3\perovskite_ink_pipeline\perovskite_ink_pipeline\pdfs\2018_10.1038s41467-018-04636-4_Solvent-controlled_growth_of_inorganic_perovskite_films_in_dry_environment_for_efficient_and_stable_solar_cel.pdf,downloaded_pdf,https://www.nature.com/articles/s41467-018-04636-4.pdf
A polymer scaffold for self-healing perovskite solar cells,2016,10.1038/ncomms10228,https://openalex.org/W2397919288,666,True,https://www.nature.com/articles/ncomms10228.pdf,https://doi.org/10.1038/ncomms10228,Nature Communications,10.1038ncomms10228,a polymer scaffold for self healing perovskite solar cells,32.513950229578114,0.1,0.0,0.0,0.0,0.0,,,0.0,0.0,0.0,32.61395022957812,C:\Users\Fahad\Downloads\Fasial Work\000_LLM Review3\perovskite_ink_pipeline\perovskite_ink_pipeline\pdfs\2016_10.1038ncomms10228_A_polymer_scaffold_for_self-healing_perovskite_solar_cells.pdf,downloaded_pdf,https://www.nature.com/articles/ncomms10228.pdf
"Solar-Driven Metal Halide Perovskite Photocatalysis: Design, Stability, and Performance",2020,10.1021/acsenergylett.0c00058,https://openalex.org/W3010364008,611,True,,https://doi.org/10.1021/acsenergylett.0c00058,ACS Energy Letters,10.1021acsenergylett.0c00058,solar driven metal halide perovskite photocatalysis design stability and performance,32.08366141256163,0.5,0.0,0.0,0.0,0.0,,,0.0,0.0,0.0,32.58366141256163,,html_parse_failed,nan
Molecular doping enabled scalable blading of efficient hole-transport-layer-free perovskite solar cells,2018,10.1038/s41467-018-04028-8,https://openalex.org/W4239574994,425,True,https://www.nature.com/articles/s41467-018-04028-8.pdf,https://doi.org/10.1038/s41467-018-04028-8,Nature Communications,10.1038s41467-018-04028-8,molecular doping enabled scalable blading of efficient hole transport layer free perovskite solar cells,30.272196731346853,0.3,1.0,2.0,0.0,0.0,,,0.0,0.0,0.0,32.57219673134685,C:\Users\Fahad\Downloads\Fasial Work\000_LLM Review3\perovskite_ink_pipeline\perovskite_ink_pipeline\pdfs\2018_10.1038s41467-018-04028-8_Molecular_doping_enabled_scalable_blading_of_efficient_hole-transport-layer-free_perovskite_solar_cells.pdf,downloaded_pdf,https://www.nature.com/articles/s41467-018-04028-8.pdf
Highly efficient p-i-n perovskite solar cells that endure temperature variations,2023,10.1126/science.add7331,https://openalex.org/W4318263747,568,True,https://cronfa.swan.ac.uk/Record/cronfa62477/Download/62477__26444__eb1b921aa7ef44fd8aefd71b14400751.pdf,https://cronfa.swan.ac.uk/Record/cronfa62477,Science,10.1126science.add7331,highly efficient p i n perovskite solar cells that endure temperature variations,31.719402170631653,0.8,0.0,0.0,0.0,0.0,,,0.0,0.0,0.0,32.51940217063165,,downloaded_but_file_missing,https://cronfa.swan.ac.uk/Record/cronfa62477/Download/62477__26444__eb1b921aa7ef44fd8aefd71b14400751.pdf
Crystallization in one-step solution deposition of perovskite films: Upward or downward?,2021,10.1126/sciadv.abb2412,https://openalex.org/W3125798042,388,True,,https://doi.org/10.1126/sciadv.abb2412,Science Advances,10.1126sciadv.abb2412,crystallization in one step solution deposition of perovskite films upward or downward,29.81789671809223,0.6,1.0,2.0,0.0,0.0,,,0.0,0.0,0.0,32.41789671809223,,html_parse_failed,nan
Droplet Manipulation and Crystallization Regulation in Inkjet-Printed Perovskite Film Formation,2022,10.31635/ccschem.022.202101583,https://openalex.org/W4206560957,41,True,,https://doi.org/10.31635/ccschem.022.202101583,CCS Chemistry,10.31635ccschem.022.202101583,droplet manipulation and crystallization regulation in inkjet printed perovskite film formation,18.68834809141684,0.7,6.5,13.0,0.0,0.0,,,0.0,0.0,0.0,32.388348091416844,,html_parse_failed,nan
Deterministic fabrication of 3D/2D perovskite bilayer stacks for durable and efficient solar cells,2022,10.1126/science.abq7652,https://openalex.org/W4296766770,554,True,https://www.osti.gov/servlets/purl/1909609,https://www.osti.gov/biblio/1909609,Science,10.1126science.abq7652,deterministic fabrication of 3d 2d perovskite bilayer stacks for durable and efficient solar cells,31.59484056873217,0.7,0.0,0.0,0.0,0.0,,,0.0,0.0,0.0,32.29484056873218,,html_parse_failed,https://www.osti.gov/servlets/purl/1909609
Circularly polarized light detection using chiral hybrid perovskite,2019,10.1038/s41467-019-09942-z,https://openalex.org/W2941942848,581,True,https://www.nature.com/articles/s41467-019-09942-z.pdf,https://doi.org/10.1038/s41467-019-09942-z,Nature Communications,10.1038s41467-019-09942-z,circularly polarized light detection using chiral hybrid perovskite,31.83235223865719,0.4,0.0,0.0,0.0,0.0,,,0.0,0.0,0.0,32.23235223865719,C:\Users\Fahad\Downloads\Fasial Work\000_LLM Review3\perovskite_ink_pipeline\perovskite_ink_pipeline\pdfs\2019_10.1038s41467-019-09942-z_Circularly_polarized_light_detection_using_chiral_hybrid_perovskite.pdf,downloaded_pdf,https://www.nature.com/articles/s41467-019-09942-z.pdf
Roll-to-roll gravure-printed flexible perovskite solar cells using eco-friendly antisolvent bathing with wide processing window,2020,10.1038/s41467-020-18940-5,https://openalex.org/W3092176741,312,True,https://www.nature.com/articles/s41467-020-18940-5.pdf,https://doi.org/10.1038/s41467-020-18940-5,Nature Communications,10.1038s41467-020-18940-5,roll to roll gravure printed flexible perovskite solar cells using eco friendly antisolvent bathing with wide processing window,28.73101595270077,0.5,1.5,3.0,0.0,0.0,,,0.0,0.0,0.0,32.231015952700766,C:\Users\Fahad\Downloads\Fasial Work\000_LLM Review3\perovskite_ink_pipeline\perovskite_ink_pipeline\pdfs\2020_10.1038s41467-020-18940-5_Roll-to-roll_gravure-printed_flexible_perovskite_solar_cells_using_eco-friendly_antisolvent_bathing_with_wide.pdf,downloaded_pdf,https://www.nature.com/articles/s41467-020-18940-5.pdf
Harnessing Defect-Tolerance at the Nanoscale: Highly Luminescent Lead Halide Perovskite Nanocrystals in Mesoporous Silica Matrixes,2016,10.1021/acs.nanolett.6b02688,https://openalex.org/W2510601879,614,True,,https://doi.org/10.1021/acs.nanolett.6b02688,Nano Letters,10.1021acs.nanolett.6b02688,harnessing defect tolerance at the nanoscale highly luminescent lead halide perovskite nanocrystals in mesoporous silica matrixes,32.10811133903259,0.1,0.0,0.0,0.0,0.0,,,0.0,0.0,0.0,32.20811133903259,,html_parse_failed,nan
"Printed aerogels: chemistry, processing, and applications",2021,10.1039/c9cs00757a,https://openalex.org/W3128054074,304,True,https://pubs.rsc.org/en/content/articlepdf/2021/cs/c9cs00757a,https://doi.org/10.1039/c9cs00757a,Chemical Society Reviews,10.1039c9cs00757a,printed aerogels chemistry processing and applications,28.601558883037058,0.6,1.5,3.0,0.0,0.0,,,0.0,0.0,0.0,32.20155888303706,,no_accessible_pdf_found,https://pubs.rsc.org/en/content/articlepdf/2021/cs/c9cs00757a
Modulation of recombination zone position for quasi-two-dimensional blue perovskite light-emitting diodes with efficiency exceeding 5%,2019,10.1038/s41467-019-09011-5,https://openalex.org/W2919782722,566,True,https://www.nature.com/articles/s41467-019-09011-5.pdf,https://doi.org/10.1038/s41467-019-09011-5,Nature Communications,10.1038s41467-019-09011-5,modulation of recombination zone position for quasi two dimensional blue perovskite light emitting diodes with efficiency exceeding 5,31.70179651863876,0.4,0.0,0.0,0.0,0.0,,,0.0,0.0,0.0,32.10179651863876,C:\Users\Fahad\Downloads\Fasial Work\000_LLM Review3\perovskite_ink_pipeline\perovskite_ink_pipeline\pdfs\2019_10.1038s41467-019-09011-5_Modulation_of_recombination_zone_position_for_quasi-two-dimensional_blue_perovskite_light-emitting_diodes_wit.pdf,downloaded_pdf,https://www.nature.com/articles/s41467-019-09011-5.pdf
In situ crosslinking-assisted perovskite grain growth for mechanically robust flexible perovskite solar cells with 23.4% efficiency,2023,10.1016/j.joule.2022.12.013,https://openalex.org/W4317038575,233,True,http://www.cell.com/article/S2542435122006122/pdf,https://doi.org/10.1016/j.joule.2022.12.013,Joule,10.1016j.joule.2022.12.013,in situ crosslinking assisted perovskite grain growth for mechanically robust flexible perovskite solar cells with 23 4 efficiency,27.27660557678851,0.8,2.0,4.0,0.0,0.0,,,0.0,0.0,0.0,32.07660557678851,,no_accessible_pdf_found,https://www.cell.com/article/S2542435122006122/pdf
"Synthesis, optoelectronic properties and applications of halide perovskites",2020,10.1039/c9cs00848a,https://openalex.org/W3020144358,545,True,https://pubs.rsc.org/en/content/articlepdf/2020/cs/c9cs00848a,https://doi.org/10.1039/c9cs00848a,Chemical Society Reviews,10.1039c9cs00848a,synthesis optoelectronic properties and applications of halide perovskites,31.513094878724527,0.5,0.0,0.0,0.0,0.0,,,0.0,0.0,0.0,32.01309487872453,,no_accessible_pdf_found,https://pubs.rsc.org/en/content/articlepdf/2020/cs/c9cs00848a
Defects engineering for high-performance perovskite solar cells,2018,10.1038/s41528-018-0035-z,https://openalex.org/W2883938439,562,True,https://www.nature.com/articles/s41528-018-0035-z.pdf,https://doi.org/10.1038/s41528-018-0035-z,npj Flexible Electronics,10.1038s41528-018-0035-z,defects engineering for high performance perovskite solar cells,31.66639814069845,0.3,0.0,0.0,0.0,0.0,,,0.0,0.0,0.0,31.96639814069845,C:\Users\Fahad\Downloads\Fasial Work\000_LLM Review3\perovskite_ink_pipeline\perovskite_ink_pipeline\pdfs\2018_10.1038s41528-018-0035-z_Defects_engineering_for_high-performance_perovskite_solar_cells.pdf,downloaded_pdf,https://www.nature.com/articles/s41528-018-0035-z.pdf
Flexible Perovskite Photovoltaic Modules and Solar Cells Based on Atomic Layer Deposited Compact Layers and UV‐Irradiated TiO2 Scaffolds on Plastic Substrates,2015,10.1002/aenm.201401808,https://openalex.org/W2150690597,594,True,https://onlinelibrary.wiley.com/doi/pdfdirect/10.1002/aenm.201401808,https://doi.org/10.1002/aenm.201401808,Advanced Energy Materials,10.1002aenm.201401808,flexible perovskite photovoltaic modules and solar cells based on atomic layer deposited compact layers and uv irradiated tio2 scaffolds on plastic substrates,31.94280702772815,0.0,0.0,0.0,0.0,0.0,,,0.0,0.0,0.0,31.94280702772815,,no_accessible_pdf_found,https://onlinelibrary.wiley.com/doi/pdfdirect/10.1002/aenm.201401808
Nucleation-controlled growth of superior lead-free perovskite Cs3Bi2I9 single-crystals for high-performance X-ray detection,2020,10.1038/s41467-020-16034-w,https://openalex.org/W3022329226,536,True,https://www.nature.com/articles/s41467-020-16034-w.pdf,https://doi.org/10.1038/s41467-020-16034-w,Nature Communications,10.1038s41467-020-16034-w,nucleation controlled growth of superior lead free perovskite cs3bi2i9 single crystals for high performance x ray detection,31.42999047254433,0.5,0.0,0.0,0.0,0.0,,,0.0,0.0,0.0,31.92999047254433,C:\Users\Fahad\Downloads\Fasial Work\000_LLM Review3\perovskite_ink_pipeline\perovskite_ink_pipeline\pdfs\2020_10.1038s41467-020-16034-w_Nucleation-controlled_growth_of_superior_lead-free_perovskite_Cs3Bi2I9_single-crystals_for_high-performance_X.pdf,downloaded_pdf,https://www.nature.com/articles/s41467-020-16034-w.pdf
Efficient two-terminal all-perovskite tandem solar cells enabled by high-quality low-bandgap absorber layers,2018,10.1038/s41560-018-0278-x,https://openalex.org/W2901015524,550,True,https://www.osti.gov/servlets/purl/1485560,https://www.osti.gov/biblio/1485560,Nature Energy,10.1038s41560-018-0278-x,efficient two terminal all perovskite tandem solar cells enabled by high quality low bandgap absorber layers,31.558674045764576,0.3,0.0,0.0,0.0,0.0,,,0.0,0.0,0.0,31.858674045764577,,html_parse_failed,https://www.osti.gov/servlets/purl/1485560
High-performance quasi-2D perovskite light-emitting diodes: from materials to devices,2021,10.1038/s41377-021-00501-0,https://openalex.org/W3138583285,515,True,https://www.nature.com/articles/s41377-021-00501-0.pdf,https://doi.org/10.1038/s41377-021-00501-0,Light Science & Applications,10.1038s41377-021-00501-0,high performance quasi 2d perovskite light emitting diodes from materials to devices,31.23053382740781,0.6,0.0,0.0,0.0,0.0,,,0.0,0.0,0.0,31.830533827407816,C:\Users\Fahad\Downloads\Fasial Work\000_LLM Review3\perovskite_ink_pipeline\perovskite_ink_pipeline\pdfs\2021_10.1038s41377-021-00501-0_High-performance_quasi-2D_perovskite_light-emitting_diodes_from_materials_to_devices.pdf,downloaded_pdf,https://www.nature.com/articles/s41377-021-00501-0.pdf
Monolithic Perovskite Tandem Solar Cells: A Review of the Present Status and Advanced Characterization Methods Toward 30% Efficiency,2020,10.1002/aenm.201904102,https://openalex.org/W3023269376,523,True,https://onlinelibrary.wiley.com/doi/pdfdirect/10.1002/aenm.201904102,https://doi.org/10.1002/aenm.201904102,Advanced Energy Materials,10.1002aenm.201904102,monolithic perovskite tandem solar cells a review of the present status and advanced characterization methods toward 30 efficiency,31.30745842160521,0.5,0.0,0.0,0.0,0.0,,,0.0,0.0,0.0,31.80745842160521,,no_accessible_pdf_found,https://onlinelibrary.wiley.com/doi/pdfdirect/10.1002/aenm.201904102
Metal halide perovskite light emitters,2016,10.1073/pnas.1607471113,https://openalex.org/W2525292295,549,True,https://www.pnas.org/content/pnas/113/42/11694.full.pdf,https://doi.org/10.1073/pnas.1607471113,Proceedings of the National Academy of Sciences,10.1073pnas.1607471113,metal halide perovskite light emitters,31.54959139113258,0.1,0.0,0.0,0.0,0.0,,,0.0,0.0,0.0,31.64959139113258,,downloaded_but_file_missing,https://www.pnas.org/content/pnas/113/42/11694.full.pdf
Degradation mechanism of hybrid tin-based perovskite solar cells and the critical role of tin (IV) iodide,2021,10.1038/s41467-021-22864-z,https://openalex.org/W3160621054,495,True,https://www.nature.com/articles/s41467-021-22864-z.pdf,https://doi.org/10.1038/s41467-021-22864-z,Nature Communications,10.1038s41467-021-22864-z,degradation mechanism of hybrid tin based perovskite solar cells and the critical role of tin iv iodide,31.03287963362464,0.6,0.0,0.0,0.0,0.0,,,0.0,0.0,0.0,31.63287963362464,C:\Users\Fahad\Downloads\Fasial Work\000_LLM Review3\perovskite_ink_pipeline\perovskite_ink_pipeline\pdfs\2021_10.1038s41467-021-22864-z_Degradation_mechanism_of_hybrid_tin-based_perovskite_solar_cells_and_the_critical_role_of_tin_IV_iodide.pdf,downloaded_pdf,https://www.nature.com/articles/s41467-021-22864-z.pdf
Large guanidinium cation mixed with methylammonium in lead iodide perovskites for 19% efficient solar cells,2017,10.1038/s41560-017-0054-3,https://openalex.org/W2771319237,531,True,https://www.nature.com/articles/s41560-017-0054-3.pdf,https://doi.org/10.1038/s41560-017-0054-3,Nature Energy,10.1038s41560-017-0054-3,large guanidinium cation mixed with methylammonium in lead iodide perovskites for 19 efficient solar cells,31.383217446708223,0.2,0.0,0.0,0.0,0.0,,,0.0,0.0,0.0,31.583217446708225,C:\Users\Fahad\Downloads\Fasial Work\000_LLM Review3\perovskite_ink_pipeline\perovskite_ink_pipeline\pdfs\2017_10.1038s41560-017-0054-3_Large_guanidinium_cation_mixed_with_methylammonium_in_lead_iodide_perovskites_for_19_efficient_solar_cells.pdf,downloaded_pdf,https://www.nature.com/articles/s41560-017-0054-3.pdf
Facile fabrication of large-grain CH3NH3PbI3−xBrx films for high-efficiency solar cells via CH3NH3Br-selective Ostwald ripening,2016,10.1038/ncomms12305,https://openalex.org/W2478184717,541,True,https://www.nature.com/articles/ncomms12305.pdf,https://doi.org/10.1038/ncomms12305,Nature Communications,10.1038ncomms12305,facile fabrication of large grain ch3nh3pbi3 xbrx films for high efficiency solar cells via ch3nh3br selective ostwald ripening,31.476330007198232,0.1,0.0,0.0,0.0,0.0,,,0.0,0.0,0.0,31.57633000719824,C:\Users\Fahad\Downloads\Fasial Work\000_LLM Review3\perovskite_ink_pipeline\perovskite_ink_pipeline\pdfs\2016_10.1038ncomms12305_Facile_fabrication_of_large-grain_CH3NH3PbI3xBrx_films_for_high-efficiency_solar_cells_via_CH3NH3Br-selective_Ostwal.pdf,downloaded_pdf,https://www.nature.com/articles/ncomms12305.pdf
High-performance large-area quasi-2D perovskite light-emitting diodes,2021,10.1038/s41467-021-22529-x,https://openalex.org/W3156248107,327,True,https://www.nature.com/articles/s41467-021-22529-x.pdf,https://doi.org/10.1038/s41467-021-22529-x,Nature Communications,10.1038s41467-021-22529-x,high performance large area quasi 2d perovskite light emitting diodes,28.96506804192072,0.6,1.0,2.0,0.0,0.0,,,0.0,0.0,0.0,31.56506804192072,C:\Users\Fahad\Downloads\Fasial Work\000_LLM Review3\perovskite_ink_pipeline\perovskite_ink_pipeline\pdfs\2021_10.1038s41467-021-22529-x_High-performance_large-area_quasi-2D_perovskite_light-emitting_diodes.pdf,downloaded_pdf,https://www.nature.com/articles/s41467-021-22529-x.pdf
Mixed halide perovskites for spectrally stable and high-efficiency blue light-emitting diodes,2021,10.1038/s41467-020-20582-6,https://openalex.org/W3120423813,488,True,https://www.nature.com/articles/s41467-020-20582-6.pdf,https://doi.org/10.1038/s41467-020-20582-6,Nature Communications,10.1038s41467-020-20582-6,mixed halide perovskites for spectrally stable and high efficiency blue light emitting diodes,30.961812447374363,0.6,0.0,0.0,0.0,0.0,,,0.0,0.0,0.0,31.561812447374365,C:\Users\Fahad\Downloads\Fasial Work\000_LLM Review3\perovskite_ink_pipeline\perovskite_ink_pipeline\pdfs\2021_10.1038s41467-020-20582-6_Mixed_halide_perovskites_for_spectrally_stable_and_high-efficiency_blue_light-emitting_diodes.pdf,downloaded_pdf,https://www.nature.com/articles/s41467-020-20582-6.pdf
Lattice strain causes non-radiative losses in halide perovskites,2019,10.1039/c8ee02751j,https://openalex.org/W2911095050,505,True,https://pubs.rsc.org/en/content/articlepdf/2019/ee/c8ee02751j,https://doi.org/10.1039/c8ee02751j,Energy & Environmental Science,10.1039c8ee02751j,lattice strain causes non radiative losses in halide perovskites,31.13268334643733,0.4,0.0,0.0,0.0,0.0,,,0.0,0.0,0.0,31.532683346437327,,no_accessible_pdf_found,https://pubs.rsc.org/en/content/articlepdf/2019/ee/c8ee02751j
Trifluoroacetate induced small-grained CsPbBr3 perovskite films result in efficient and stable light-emitting devices,2019,10.1038/s41467-019-08425-5,https://openalex.org/W2914440772,503,True,https://www.nature.com/articles/s41467-019-08425-5.pdf,https://doi.org/10.1038/s41467-019-08425-5,Nature Communications,10.1038s41467-019-08425-5,trifluoroacetate induced small grained cspbbr3 perovskite films result in efficient and stable light emitting devices,31.112881340356843,0.4,0.0,0.0,0.0,0.0,,,0.0,0.0,0.0,31.51288134035684,C:\Users\Fahad\Downloads\Fasial Work\000_LLM Review3\perovskite_ink_pipeline\perovskite_ink_pipeline\pdfs\2019_10.1038s41467-019-08425-5_Trifluoroacetate_induced_small-grained_CsPbBr3_perovskite_films_result_in_efficient_and_stable_light-emitting.pdf,downloaded_pdf,https://www.nature.com/articles/s41467-019-08425-5.pdf
All-inorganic cesium lead iodide perovskite solar cells with stabilized efficiency beyond 15%,2018,10.1038/s41467-018-06915-6,https://openalex.org/W2898318364,504,True,https://www.nature.com/articles/s41467-018-06915-6.pdf,https://doi.org/10.1038/s41467-018-06915-6,Nature Communications,10.1038s41467-018-06915-6,all inorganic cesium lead iodide perovskite solar cells with stabilized efficiency beyond 15,31.122792146376803,0.3,0.0,0.0,0.0,0.0,,,0.0,0.0,0.0,31.422792146376803,C:\Users\Fahad\Downloads\Fasial Work\000_LLM Review3\perovskite_ink_pipeline\perovskite_ink_pipeline\pdfs\2018_10.1038s41467-018-06915-6_All-inorganic_cesium_lead_iodide_perovskite_solar_cells_with_stabilized_efficiency_beyond_15.pdf,downloaded_pdf,https://www.nature.com/articles/s41467-018-06915-6.pdf
Conversion of invisible metal-organic frameworks to luminescent perovskite nanocrystals for confidential information encryption and decryption,2017,10.1038/s41467-017-01248-2,https://openalex.org/W2766836967,513,True,https://www.nature.com/articles/s41467-017-01248-2.pdf,https://doi.org/10.1038/s41467-017-01248-2,Nature Communications,10.1038s41467-017-01248-2,conversion of invisible metal organic frameworks to luminescent perovskite nanocrystals for confidential information encryption and decryption,31.21111632727583,0.2,0.0,0.0,0.0,0.0,,,0.0,0.0,0.0,31.411116327275828,C:\Users\Fahad\Downloads\Fasial Work\000_LLM Review3\perovskite_ink_pipeline\perovskite_ink_pipeline\pdfs\2017_10.1038s41467-017-01248-2_Conversion_of_invisible_metal-organic_frameworks_to_luminescent_perovskite_nanocrystals_for_confidential_info.pdf,downloaded_pdf,https://www.nature.com/articles/s41467-017-01248-2.pdf
Tailoring the Energy Landscape in Quasi-2D Halide Perovskites Enables Efficient Green-Light Emission,2017,10.1021/acs.nanolett.7b00976,https://openalex.org/W2611277466,508,True,https://utoronto.scholaris.ca/bitstreams/0a70018f-8027-41f4-be22-a7615d325e66/download,http://hdl.handle.net/1807/77204,Nano Letters,10.1021acs.nanolett.7b00976,tailoring the energy landscape in quasi 2d halide perovskites enables efficient green light emission,31.16224008275261,0.2,0.0,0.0,0.0,0.0,,,0.0,0.0,0.0,31.36224008275261,C:\Users\Fahad\Downloads\Fasial Work\000_LLM Review3\perovskite_ink_pipeline\perovskite_ink_pipeline\pdfs\2017_10.1021acs.nanolett.7b00976_Tailoring_the_Energy_Landscape_in_Quasi-2D_Halide_Perovskites_Enables_Efficient_Green-Light_Emission.pdf,downloaded_pdf,https://utoronto.scholaris.ca/server/api/core/bitstreams/0a70018f-8027-41f4-be22-a7615d325e66/content
Antioxidant Grain Passivation for Air‐Stable Tin‐Based Perovskite Solar Cells,2018,10.1002/anie.201811539,https://openalex.org/W2903026162,496,True,http://ira.lib.polyu.edu.hk/bitstream/10397/100316/1/Tai_Antioxidant_Grain_Passivation.pdf,http://hdl.handle.net/10397/100316,Angewandte Chemie International Edition,10.1002anie.201811539,antioxidant grain passivation for air stable tin based perovskite solar cells,31.042950130483145,0.3,0.0,0.0,0.0,0.0,,,0.0,0.0,0.0,31.342950130483143,,html_parse_failed,http://ira.lib.polyu.edu.hk/bitstream/10397/100316/1/Tai_Antioxidant_Grain_Passivation.pdf
Spectra stable blue perovskite light-emitting diodes,2019,10.1038/s41467-019-09794-7,https://openalex.org/W2940595295,486,True,https://www.nature.com/articles/s41467-019-09794-7.pdf,https://doi.org/10.1038/s41467-019-09794-7,Nature Communications,10.1038s41467-019-09794-7,spectra stable blue perovskite light emitting diodes,30.94132061541295,0.4,0.0,0.0,0.0,0.0,,,0.0,0.0,0.0,31.341320615412947,C:\Users\Fahad\Downloads\Fasial Work\000_LLM Review3\perovskite_ink_pipeline\perovskite_ink_pipeline\pdfs\2019_10.1038s41467-019-09794-7_Spectra_stable_blue_perovskite_light-emitting_diodes.pdf,downloaded_pdf,https://www.nature.com/articles/s41467-019-09794-7.pdf
Green Solvent Enabled Perovskite Ink for Ambient‐Air‐Processed Efficient Inkjet‐Printed Perovskite Solar Cells,2025,10.1002/adfm.202503717,https://openalex.org/W4409810712,31,True,,https://doi.org/10.1002/adfm.202503717,Advanced Functional Materials,10.1002adfm.202503717,green solvent enabled perovskite ink for ambient air processed efficient inkjet printed perovskite solar cells,17.328679513998633,1.0,6.5,13.0,0.0,0.0,,,0.0,0.0,0.0,31.32867951399864,,html_parse_failed,nan
Mixed‐Organic‐Cation Tin Iodide for Lead‐Free Perovskite Solar Cells with an Efficiency of 8.12%,2017,10.1002/advs.201700204,https://openalex.org/W2734778715,503,True,https://onlinelibrary.wiley.com/doi/pdfdirect/10.1002/advs.201700204,https://doi.org/10.1002/advs.201700204,Advanced Science,10.1002advs.201700204,mixed organic cation tin iodide for lead free perovskite solar cells with an efficiency of 8 12,31.112881340356843,0.2,0.0,0.0,0.0,0.0,,,0.0,0.0,0.0,31.31288134035684,,no_accessible_pdf_found,https://onlinelibrary.wiley.com/doi/pdfdirect/10.1002/advs.201700204
Advances in the Application of Perovskite Materials,2023,10.1007/s40820-023-01140-3,https://openalex.org/W4383710709,444,True,https://link.springer.com/content/pdf/10.1007/s40820-023-01140-3.pdf,https://doi.org/10.1007/s40820-023-01140-3,Nano-Micro Letters,10.1007s40820-023-01140-3,advances in the application of perovskite materials,30.4903714108312,0.8,0.0,0.0,0.0,0.0,,,0.0,0.0,0.0,31.2903714108312,C:\Users\Fahad\Downloads\Fasial Work\000_LLM Review3\perovskite_ink_pipeline\perovskite_ink_pipeline\pdfs\2023_10.1007s40820-023-01140-3_Advances_in_the_Application_of_Perovskite_Materials.pdf,downloaded_pdf,https://link.springer.com/content/pdf/10.1007/s40820-023-01140-3.pdf
Stability of perovskite solar cells: issues and prospects,2023,10.1039/d2ra05903g,https://openalex.org/W4313893985,435,True,https://pubs.rsc.org/en/content/articlepdf/2023/ra/d2ra05903g,https://doi.org/10.1039/d2ra05903g,RSC Advances,10.1039d2ra05903g,stability of perovskite solar cells issues and prospects,30.38821121674517,0.8,0.0,0.0,0.0,0.0,,,0.0,0.0,0.0,31.18821121674517,,no_accessible_pdf_found,https://pubs.rsc.org/en/content/articlepdf/2023/ra/d2ra05903g
"Colloidal lead halide perovskite nanocrystals: synthesis, optical properties and applications",2016,10.1038/am.2016.167,https://openalex.org/W2555716431,497,True,https://www.nature.com/articles/am2016167.pdf,https://doi.org/10.1038/am.2016.167,NPG Asia Materials,10.1038am.2016.167,colloidal lead halide perovskite nanocrystals synthesis optical properties and applications,31.053000385123266,0.1,0.0,0.0,0.0,0.0,,,0.0,0.0,0.0,31.153000385123264,C:\Users\Fahad\Downloads\Fasial Work\000_LLM Review3\perovskite_ink_pipeline\perovskite_ink_pipeline\pdfs\2016_10.1038am.2016.167_Colloidal_lead_halide_perovskite_nanocrystals_synthesis_optical_properties_and_applications.pdf,downloaded_pdf,https://www.nature.com/articles/am2016167.pdf
A general approach to high-efficiency perovskite solar cells by any antisolvent,2021,10.1038/s41467-021-22049-8,https://openalex.org/W3129036993,449,True,https://www.nature.com/articles/s41467-021-22049-8.pdf,https://doi.org/10.1038/s41467-021-22049-8,Nature Communications,10.1038s41467-021-22049-8,a general approach to high efficiency perovskite solar cells by any antisolvent,30.546237913821827,0.6,0.0,0.0,0.0,0.0,,,0.0,0.0,0.0,31.146237913821828,C:\Users\Fahad\Downloads\Fasial Work\000_LLM Review3\perovskite_ink_pipeline\perovskite_ink_pipeline\pdfs\2021_10.1038s41467-021-22049-8_A_general_approach_to_high-efficiency_perovskite_solar_cells_by_any_antisolvent.pdf,downloaded_pdf,https://www.nature.com/articles/s41467-021-22049-8.pdf
Enhanced Efficiency and Stability of Inverted Perovskite Solar Cells Using Highly Crystalline SnO 2 Nanocrystals as the Robust Electron‐Transporting Layer,2016,10.1002/adma.201600619,https://openalex.org/W2390031586,496,True,https://www.osti.gov/servlets/purl/1343586,https://www.osti.gov/biblio/1343586,Advanced Materials,10.1002adma.201600619,enhanced efficiency and stability of inverted perovskite solar cells using highly crystalline sno 2 nanocrystals as the robust electron transporting layer,31.042950130483145,0.1,0.0,0.0,0.0,0.0,,,0.0,0.0,0.0,31.142950130483147,,html_parse_failed,https://www.osti.gov/servlets/purl/1343586
Compositional Engineering for Efficient Wide Band Gap Perovskites with Improved Stability to Photoinduced Phase Segregation,2018,10.1021/acsenergylett.7b01255,https://openalex.org/W2785057478,476,True,https://www.osti.gov/servlets/purl/1693733,https://www.osti.gov/biblio/1693733,ACS Energy Letters,10.1021acsenergylett.7b01255,compositional engineering for efficient wide band gap perovskites with improved stability to photoinduced phase segregation,30.83758245444171,0.3,0.0,0.0,0.0,0.0,,,0.0,0.0,0.0,31.13758245444171,,html_parse_failed,https://www.osti.gov/servlets/purl/1693733
High-performance semitransparent perovskite solar cells with solution-processed silver nanowires as top electrodes,2014,10.1039/c4nr06033d,https://openalex.org/W2048098095,336,True,https://open.fau.de/bitstreams/4c6f355b-d39c-488e-bbab-5774024f7357/download,https://nbn-resolving.org/urn:nbn:de:bvb:29-opus4-83586,Nanoscale,10.1039c4nr06033d,high performance semitransparent perovskite solar cells with solution processed silver nanowires as top electrodes,29.10041465176181,0.0,1.0,2.0,0.0,0.0,,,0.0,0.0,0.0,31.10041465176181,,no_accessible_pdf_found,https://open.fau.de/bitstreams/4c6f355b-d39c-488e-bbab-5774024f7357/download
Impact of H 2 O on organic–inorganic hybrid perovskite solar cells,2017,10.1039/c7ee01674c,https://openalex.org/W2758692133,481,True,,https://doi.org/10.1039/c7ee01674c,Energy & Environmental Science,10.1039c7ee01674c,impact of h 2 o on organic inorganic hybrid perovskite solar cells,30.889720570253,0.2,0.0,0.0,0.0,0.0,,,0.0,0.0,0.0,31.089720570253,,html_parse_failed,nan
Lead halide perovskites for photocatalytic organic synthesis,2019,10.1038/s41467-019-10634-x,https://openalex.org/W2955361498,456,True,https://www.nature.com/articles/s41467-019-10634-x.pdf,https://doi.org/10.1038/s41467-019-10634-x,Nature Communications,10.1038s41467-019-10634-x,lead halide perovskites for photocatalytic organic synthesis,30.623416954471026,0.4,0.0,0.0,0.0,0.0,,,0.0,0.0,0.0,31.023416954471024,C:\Users\Fahad\Downloads\Fasial Work\000_LLM Review3\perovskite_ink_pipeline\perovskite_ink_pipeline\pdfs\2019_10.1038s41467-019-10634-x_Lead_halide_perovskites_for_photocatalytic_organic_synthesis.pdf,downloaded_pdf,https://www.nature.com/articles/s41467-019-10634-x.pdf
Recent Advances in Flexible Perovskite Solar Cells: Fabrication and Applications,2018,10.1002/anie.201809781,https://openalex.org/W2937886105,457,True,https://onlinelibrary.wiley.com/doi/pdfdirect/10.1002/anie.201809781,https://doi.org/10.1002/anie.201809781,Angewandte Chemie International Edition,10.1002anie.201809781,recent advances in flexible perovskite solar cells fabrication and applications,30.63434592057093,0.3,0.0,0.0,0.0,0.0,,,0.0,0.0,0.0,30.934345920570927,,no_accessible_pdf_found,https://onlinelibrary.wiley.com/doi/pdfdirect/10.1002/anie.201809781
Smoothing the energy transfer pathway in quasi-2D perovskite films using methanesulfonate leads to highly efficient light-emitting devices,2021,10.1038/s41467-021-21522-8,https://openalex.org/W3131699578,430,True,https://www.nature.com/articles/s41467-021-21522-8.pdf,https://doi.org/10.1038/s41467-021-21522-8,Nature Communications,10.1038s41467-021-21522-8,smoothing the energy transfer pathway in quasi 2d perovskite films using methanesulfonate leads to highly efficient light emitting devices,30.330540450518736,0.6,0.0,0.0,0.0,0.0,,,0.0,0.0,0.0,30.930540450518738,C:\Users\Fahad\Downloads\Fasial Work\000_LLM Review3\perovskite_ink_pipeline\perovskite_ink_pipeline\pdfs\2021_10.1038s41467-021-21522-8_Smoothing_the_energy_transfer_pathway_in_quasi-2D_perovskite_films_using_methanesulfonate_leads_to_highly_eff.pdf,downloaded_pdf,https://www.nature.com/articles/s41467-021-21522-8.pdf
Recent Progress on the Long‐Term Stability of Perovskite Solar Cells,2018,10.1002/advs.201700387,https://openalex.org/W2790911031,450,True,https://onlinelibrary.wiley.com/doi/pdfdirect/10.1002/advs.201700387,https://doi.org/10.1002/advs.201700387,Advanced Science,10.1002advs.201700387,recent progress on the long term stability of perovskite solar cells,30.557336697513392,0.3,0.0,0.0,0.0,0.0,,,0.0,0.0,0.0,30.8573366975134,,no_accessible_pdf_found,https://onlinelibrary.wiley.com/doi/pdfdirect/10.1002/advs.201700387
Stable and low-photovoltage-loss perovskite solar cells by multifunctional passivation,2021,10.1038/s41566-021-00829-4,https://openalex.org/W3179103525,423,True,http://ira.lib.polyu.edu.hk/bitstream/10397/103581/1/Yang_Stable_Low_Photovoltage.pdf,http://hdl.handle.net/10397/103581,Nature Photonics,10.1038s41566-021-00829-4,stable and low photovoltage loss perovskite solar cells by multifunctional passivation,30.24866727615979,0.6,0.0,0.0,0.0,0.0,,,0.0,0.0,0.0,30.84866727615979,,html_parse_failed,http://ira.lib.polyu.edu.hk/bitstream/10397/103581/1/Yang_Stable_Low_Photovoltage.pdf
Lead-Free Perovskite Materials for Solar Cells,2021,10.1007/s40820-020-00578-z,https://openalex.org/W3125938257,416,True,https://link.springer.com/content/pdf/10.1007/s40820-020-00578-z.pdf,https://doi.org/10.1007/s40820-020-00578-z,Nano-Micro Letters,10.1007s40820-020-00578-z,lead free perovskite materials for solar cells,30.165431108994007,0.6,0.0,0.0,0.0,0.0,,,0.0,0.0,0.0,30.765431108994008,C:\Users\Fahad\Downloads\Fasial Work\000_LLM Review3\perovskite_ink_pipeline\perovskite_ink_pipeline\pdfs\2021_10.1007s40820-020-00578-z_Lead-Free_Perovskite_Materials_for_Solar_Cells.pdf,downloaded_pdf,https://link.springer.com/content/pdf/10.1007/s40820-020-00578-z.pdf
Advances in hole transport materials engineering for stable and efficient perovskite solar cells,2017,10.1016/j.nanoen.2017.02.025,https://openalex.org/W2589370404,448,True,https://kops.uni-konstanz.de/server/api/core/bitstreams/5193df29-6b1b-4c44-b073-3e1ac3ba91dc/content,http://nbn-resolving.de/urn:nbn:de:bsz:352-0-411364,Nano Energy,10.1016j.nanoen.2017.02.025,advances in hole transport materials engineering for stable and efficient perovskite solar cells,30.535114438711272,0.2,0.0,0.0,0.0,0.0,,,0.0,0.0,0.0,30.73511443871127,C:\Users\Fahad\Downloads\Fasial Work\000_LLM Review3\perovskite_ink_pipeline\perovskite_ink_pipeline\pdfs\2017_10.1016j.nanoen.2017.02.025_Advances_in_hole_transport_materials_engineering_for_stable_and_efficient_perovskite_solar_cells.pdf,downloaded_pdf,https://kops.uni-konstanz.de/server/api/core/bitstreams/5193df29-6b1b-4c44-b073-3e1ac3ba91dc/content
Perovskite Solar Cells with ZnO Electron‐Transporting Materials,2017,10.1002/adma.201703737,https://openalex.org/W2767493122,446,True,https://discovery.ucl.ac.uk/10051643/1/final%20accepted.pdf,https://discovery.ucl.ac.uk/id/eprint/10051643/,Advanced Materials,10.1002adma.201703737,perovskite solar cells with zno electron transporting materials,30.51279297306785,0.2,0.0,0.0,0.0,0.0,,,0.0,0.0,0.0,30.712792973067845,C:\Users\Fahad\Downloads\Fasial Work\000_LLM Review3\perovskite_ink_pipeline\perovskite_ink_pipeline\pdfs\2017_10.1002adma.201703737_Perovskite_Solar_Cells_with_ZnO_ElectronTransporting_Materials.pdf,downloaded_pdf,https://discovery.ucl.ac.uk/id/eprint/10051643/1/final%20accepted.pdf
Unveiling the synergistic effect of precursor stoichiometry and interfacial reactions for perovskite light-emitting diodes,2019,10.1038/s41467-019-10612-3,https://openalex.org/W2955901718,191,True,https://www.nature.com/articles/s41467-019-10612-3.pdf,https://doi.org/10.1038/s41467-019-10612-3,Nature Communications,10.1038s41467-019-10612-3,unveiling the synergistic effect of precursor stoichiometry and interfacial reactions for perovskite light emitting diodes,26.28747686013891,0.4,2.0,4.0,0.0,0.0,,,0.0,0.0,0.0,30.687476860138908,C:\Users\Fahad\Downloads\Fasial Work\000_LLM Review3\perovskite_ink_pipeline\perovskite_ink_pipeline\pdfs\2019_10.1038s41467-019-10612-3_Unveiling_the_synergistic_effect_of_precursor_stoichiometry_and_interfacial_reactions_for_perovskite_light-em.pdf,downloaded_pdf,https://www.nature.com/articles/s41467-019-10612-3.pdf
Zwitterionic-Surfactant-Assisted Room-Temperature Coating of Efficient Perovskite Solar Cells,2020,10.1016/j.joule.2020.09.011,https://openalex.org/W3093252872,227,True,http://www.cell.com/article/S2542435120304475/pdf,https://doi.org/10.1016/j.joule.2020.09.011,Joule,10.1016j.joule.2020.09.011,zwitterionic surfactant assisted room temperature coating of efficient perovskite solar cells,27.146728144772204,0.5,1.5,3.0,0.0,0.0,,,0.0,0.0,0.0,30.646728144772204,,no_accessible_pdf_found,https://www.cell.com/article/S2542435120304475/pdf
Nucleation and crystal growth control for scalable solution-processed organic–inorganic hybrid perovskite solar cells,2019,10.1039/c9ta11245f,https://openalex.org/W2995914256,189,True,https://escholarship.org/content/qt3ns8d73z/qt3ns8d73z.pdf?t=r30r1b,https://escholarship.org/uc/item/3ns8d73z,Journal of Materials Chemistry A,10.1039c9ta11245f,nucleation and crystal growth control for scalable solution processed organic inorganic hybrid perovskite solar cells,26.23512036080243,0.4,2.0,4.0,0.0,0.0,,,0.0,0.0,0.0,30.63512036080243,C:\Users\Fahad\Downloads\Fasial Work\000_LLM Review3\perovskite_ink_pipeline\perovskite_ink_pipeline\pdfs\2019_10.1039c9ta11245f_Nucleation_and_crystal_growth_control_for_scalable_solution-processed_organicinorganic_hybrid_perovskite_solar_cells.pdf,downloaded_pdf,https://escholarship.org/content/qt3ns8d73z/qt3ns8d73z.pdf?t=r30r1b
Bio-inspired vertebral design for scalable and flexible perovskite solar cells,2020,10.1038/s41467-020-16831-3,https://openalex.org/W3034870143,274,True,https://www.nature.com/articles/s41467-020-16831-3.pdf,https://doi.org/10.1038/s41467-020-16831-3,Nature Communications,10.1038s41467-020-16831-3,bio inspired vertebral design for scalable and flexible perovskite solar cells,28.08385548833286,0.5,1.0,2.0,0.0,0.0,,,0.0,0.0,0.0,30.58385548833286,C:\Users\Fahad\Downloads\Fasial Work\000_LLM Review3\perovskite_ink_pipeline\perovskite_ink_pipeline\pdfs\2020_10.1038s41467-020-16831-3_Bio-inspired_vertebral_design_for_scalable_and_flexible_perovskite_solar_cells.pdf,downloaded_pdf,https://www.nature.com/articles/s41467-020-16831-3.pdf
3D-printed epifluidic electronic skin for machine learning–powered multimodal health surveillance,2023,10.1126/sciadv.adi6492,https://openalex.org/W4386706498,211,True,,https://doi.org/10.1126/sciadv.adi6492,Science Advances,10.1126sciadv.adi6492,3d printed epifluidic electronic skin for machine learning powered multimodal health surveillance,26.78293137336006,0.8,1.5,3.0,0.0,0.0,,,0.0,0.0,0.0,30.58293137336006,,html_parse_failed,nan
Highly efficient oxygen evolution reaction via facile bubble transport realized by three-dimensionally stack-printed catalysts,2020,10.1038/s41467-020-18686-0,https://openalex.org/W3089918156,222,True,https://www.nature.com/articles/s41467-020-18686-0.pdf,https://doi.org/10.1038/s41467-020-18686-0,Nature Communications,10.1038s41467-020-18686-0,highly efficient oxygen evolution reaction via facile bubble transport realized by three dimensionally stack printed catalysts,27.0358588573006,0.5,1.5,3.0,0.0,0.0,,,0.0,0.0,0.0,30.5358588573006,C:\Users\Fahad\Downloads\Fasial Work\000_LLM Review3\perovskite_ink_pipeline\perovskite_ink_pipeline\pdfs\2020_10.1038s41467-020-18686-0_Highly_efficient_oxygen_evolution_reaction_via_facile_bubble_transport_realized_by_three-dimensionally_stack-.pdf,downloaded_pdf,https://www.nature.com/articles/s41467-020-18686-0.pdf
"Achievements, challenges, and future prospects for industrialization of perovskite solar cells",2024,10.1038/s41377-024-01461-x,https://openalex.org/W4402202469,372,True,https://www.nature.com/articles/s41377-024-01461-x.pdf,https://doi.org/10.1038/s41377-024-01461-x,Light Science & Applications,10.1038s41377-024-01461-x,achievements challenges and future prospects for industrialization of perovskite solar cells,29.60789209821908,0.9,0.0,0.0,0.0,0.0,,,0.0,0.0,0.0,30.50789209821908,C:\Users\Fahad\Downloads\Fasial Work\000_LLM Review3\perovskite_ink_pipeline\perovskite_ink_pipeline\pdfs\2024_10.1038s41377-024-01461-x_Achievements_challenges_and_future_prospects_for_industrialization_of_perovskite_solar_cells.pdf,downloaded_pdf,https://www.nature.com/articles/s41377-024-01461-x.pdf
Perovskite seeding growth of formamidinium-lead-iodide-based perovskites for efficient and stable solar cells,2018,10.1038/s41467-018-04029-7,https://openalex.org/W2801523206,414,True,https://www.nature.com/articles/s41467-018-04029-7.pdf,https://doi.org/10.1038/s41467-018-04029-7,Nature Communications,10.1038s41467-018-04029-7,perovskite seeding growth of formamidinium lead iodide based perovskites for efficient and stable solar cells,30.14139260115349,0.3,0.0,0.0,0.0,0.0,,,0.0,0.0,0.0,30.44139260115349,C:\Users\Fahad\Downloads\Fasial Work\000_LLM Review3\perovskite_ink_pipeline\perovskite_ink_pipeline\pdfs\2018_10.1038s41467-018-04029-7_Perovskite_seeding_growth_of_formamidinium-lead-iodide-based_perovskites_for_efficient_and_stable_solar_cells.pdf,downloaded_pdf,https://www.nature.com/articles/s41467-018-04029-7.pdf
"Progress, challenges and perspectives in flexible perovskite solar cells",2016,10.1039/c6ee01137c,https://openalex.org/W2516530664,430,True,https://pubs.rsc.org/en/content/articlepdf/2016/ee/c6ee01137c,https://doi.org/10.1039/c6ee01137c,Energy & Environmental Science,10.1039c6ee01137c,progress challenges and perspectives in flexible perovskite solar cells,30.330540450518736,0.1,0.0,0.0,0.0,0.0,,,0.0,0.0,0.0,30.430540450518738,,no_accessible_pdf_found,https://pubs.rsc.org/en/content/articlepdf/2016/ee/c6ee01137c
Broadband Emission in Two-Dimensional Hybrid Perovskites: The Role of Structural Deformation,2016,10.1021/jacs.6b10390,https://openalex.org/W2562952133,427,True,https://dr.ntu.edu.sg/bitstream/10356/86312/2/Broadband%20Emission%20in%20Two-Dimensional%20Hybrid%20Perovskites%20_%20The%20Role%20of%20Structural%20Deformation.pdf,http://hdl.handle.net/10220/43965,Journal of the American Chemical Society,10.1021jacs.6b10390,broadband emission in two dimensional hybrid perovskites the role of structural deformation,30.295615977908984,0.1,0.0,0.0,0.0,0.0,,,0.0,0.0,0.0,30.395615977908985,,downloaded_but_file_missing,https://dr.ntu.edu.sg/bitstream/10356/86312/2/Broadband%20Emission%20in%20Two-Dimensional%20Hybrid%20Perovskites%20_%20The%20Role%20of%20Structural%20Deformation.pdf
"Multifunctional Crosslinking‐Enabled Strain‐Regulating Crystallization for Stable, Efficient α‐FAPbI3‐Based Perovskite Solar Cells",2021,10.1002/adma.202008487,https://openalex.org/W3164199357,173,True,http://ira.lib.polyu.edu.hk/bitstream/10397/103582/1/Zhang_Multi-Functional_Cross-Linking.pdf,http://hdl.handle.net/10397/103582,Advanced Materials,10.1002adma.202008487,multifunctional crosslinking enabled strain regulating crystallization for stable efficient fapbi3 based perovskite solar cells,25.79527649607265,0.6,2.0,4.0,0.0,0.0,,,0.0,0.0,0.0,30.395276496072647,,html_parse_failed,http://ira.lib.polyu.edu.hk/bitstream/10397/103582/1/Zhang_Multi-Functional_Cross-Linking.pdf
Device stability of perovskite solar cells – A review,2017,10.1016/j.rser.2017.04.003,https://openalex.org/W2606544528,418,True,https://research.aalto.fi/files/13407053/Device_stability_of_perovskite_solar_cells_last_version.pdf,https://research.aalto.fi/en/publications/dc9a93ea-feb9-4c40-9b38-70f484266bab,Renewable and Sustainable Energy Reviews,10.1016j.rser.2017.04.003,device stability of perovskite solar cells a review,30.189354599610688,0.2,0.0,0.0,0.0,0.0,,,0.0,0.0,0.0,30.389354599610687,,downloaded_but_file_missing,https://research.aalto.fi/files/13407053/Device_stability_of_perovskite_solar_cells_last_version.pdf
The 2021 flexible and printed electronics roadmap,2021,10.1088/2058-8585/abf986,https://openalex.org/W3175071746,210,True,https://iopscience.iop.org/article/10.1088/2058-8585/abf986/pdf,https://doi.org/10.1088/2058-8585/abf986,Flexible and Printed Electronics,10.10882058-8585abf986,the 2021 flexible and printed electronics roadmap,26.75929066738033,0.6,1.5,3.0,0.0,0.0,,,0.0,0.0,0.0,30.359290667380336,C:\Users\Fahad\Downloads\Fasial Work\000_LLM Review3\perovskite_ink_pipeline\perovskite_ink_pipeline\pdfs\2021_10.10882058-8585abf986_The_2021_flexible_and_printed_electronics_roadmap.pdf,downloaded_pdf,https://iopscience.iop.org/article/10.1088/2058-8585/abf986/pdf
Bifunctional Surface Engineering on SnO2 Reduces Energy Loss in Perovskite Solar Cells,2020,10.1021/acsenergylett.0c01566,https://openalex.org/W3047518622,390,True,https://utoronto.scholaris.ca/bitstreams/44c4f0d7-bc73-4891-a3f6-4826fb7468ac/download,http://hdl.handle.net/1807/104149,ACS Energy Letters,10.1021acsenergylett.0c01566,bifunctional surface engineering on sno2 reduces energy loss in perovskite solar cells,29.84353779992683,0.5,0.0,0.0,0.0,0.0,,,0.0,0.0,0.0,30.34353779992683,C:\Users\Fahad\Downloads\Fasial Work\000_LLM Review3\perovskite_ink_pipeline\perovskite_ink_pipeline\pdfs\2020_10.1021acsenergylett.0c01566_Bifunctional_Surface_Engineering_on_SnO2_Reduces_Energy_Loss_in_Perovskite_Solar_Cells.pdf,downloaded_pdf,https://utoronto.scholaris.ca/server/api/core/bitstreams/44c4f0d7-bc73-4891-a3f6-4826fb7468ac/content
Enhanced photovoltaic performance and stability with a new type of hollow 3D perovskite {en}FASnI 3,2017,10.1126/sciadv.1701293,https://openalex.org/W2752922284,409,True,https://advances.sciencemag.org/content/advances/3/8/e1701293.full.pdf,https://doi.org/10.1126/sciadv.1701293,Science Advances,10.1126sciadv.1701293,enhanced photovoltaic performance and stability with a new type of hollow 3d perovskite en fasni 3,30.080785798491767,0.2,0.0,0.0,0.0,0.0,,,0.0,0.0,0.0,30.280785798491767,,downloaded_but_file_missing,https://advances.sciencemag.org/content/advances/3/8/e1701293.full.pdf
Lead-chelating hole-transport layers for efficient and stable perovskite minimodules,2023,10.1126/science.ade9463,https://openalex.org/W4378194809,362,True,https://www.osti.gov/servlets/purl/2337955,https://www.osti.gov/biblio/2337955,Science,10.1126science.ade9463,lead chelating hole transport layers for efficient and stable perovskite minimodules,29.47201417132425,0.8,0.0,0.0,0.0,0.0,,,0.0,0.0,0.0,30.27201417132425,,html_parse_failed,https://www.osti.gov/servlets/purl/2337955
Facile all-dip-coating deposition of highly efficient (CH 3 ) 3 NPbI 3−x Cl x perovskite materials from aqueous non-halide lead precursor,2020,10.1039/d0ra06074g,https://openalex.org/W3047204446,94,True,https://pubs.rsc.org/en/content/articlepdf/2020/ra/d0ra06074g,https://doi.org/10.1039/d0ra06074g,RSC Advances,10.1039d0ra06074g,facile all dip coating deposition of highly efficient ch 3 3 npbi 3 x cl x perovskite materials from aqueous non halide lead precursor,22.769384458002705,0.5,3.5,7.0,0.0,0.0,,,0.0,0.0,0.0,30.269384458002705,,no_accessible_pdf_found,https://pubs.rsc.org/en/content/articlepdf/2020/ra/d0ra06074g
Inorganic wide-bandgap perovskite subcells with dipole bridge for all-perovskite tandems,2023,10.1038/s41560-023-01250-7,https://openalex.org/W4365446710,361,True,https://utoronto.scholaris.ca/bitstreams/60c4d7cf-d8af-487d-a806-450bdaf2db9d/download,http://hdl.handle.net/1807/133809,Nature Energy,10.1038s41560-023-01250-7,inorganic wide bandgap perovskite subcells with dipole bridge for all perovskite tandems,29.458221059128856,0.8,0.0,0.0,0.0,0.0,,,0.0,0.0,0.0,30.258221059128857,C:\Users\Fahad\Downloads\Fasial Work\000_LLM Review3\perovskite_ink_pipeline\perovskite_ink_pipeline\pdfs\2023_10.1038s41560-023-01250-7_Inorganic_wide-bandgap_perovskite_subcells_with_dipole_bridge_for_all-perovskite_tandems.pdf,downloaded_pdf,https://utoronto.scholaris.ca/server/api/core/bitstreams/60c4d7cf-d8af-487d-a806-450bdaf2db9d/content
Co-deposition of hole-selective contact and absorber for improving the processability of perovskite solar cells,2023,10.1038/s41560-023-01227-6,https://openalex.org/W4327568952,356,True,https://www.osti.gov/servlets/purl/1969259,https://www.osti.gov/biblio/1969259,Nature Energy,10.1038s41560-023-01227-6,co deposition of hole selective contact and absorber for improving the processability of perovskite solar cells,29.3886789088982,0.8,0.0,0.0,0.0,0.0,,,0.0,0.0,0.0,30.1886789088982,,html_parse_failed,https://www.osti.gov/servlets/purl/1969259
Performance-limiting nanoscale trap clusters at grain junctions in halide perovskites,2020,10.1038/s41586-020-2184-1,https://openalex.org/W3016443946,377,True,https://oist.repo.nii.ac.jp/record/1643/files/combined_paper_20200708_Final%20Version_with%20fig.pdf,https://oist.repo.nii.ac.jp/records/1643,Nature,10.1038s41586-020-2184-1,performance limiting nanoscale trap clusters at grain junctions in halide perovskites,29.67447097809794,0.5,0.0,0.0,0.0,0.0,,,0.0,0.0,0.0,30.17447097809794,C:\Users\Fahad\Downloads\Fasial Work\000_LLM Review3\perovskite_ink_pipeline\perovskite_ink_pipeline\pdfs\2020_10.1038s41586-020-2184-1_Performance-limiting_nanoscale_trap_clusters_at_grain_junctions_in_halide_perovskites.pdf,downloaded_pdf,https://oist.repo.nii.ac.jp/record/1643/files/combined_paper_20200708_Final%20Version_with%20fig.pdf
"Fractional deviations in precursor stoichiometry dictate the properties, performance and stability of perovskite photovoltaic devices",2018,10.1039/c8ee01136b,https://openalex.org/W2891680217,174,True,https://pubs.rsc.org/en/content/articlepdf/2018/ee/c8ee01136b,https://doi.org/10.1039/c8ee01136b,Energy & Environmental Science,10.1039c8ee01136b,fractional deviations in precursor stoichiometry dictate the properties performance and stability of perovskite photovoltaic devices,25.82392986961757,0.3,2.0,4.0,0.0,0.0,,,0.0,0.0,0.0,30.123929869617573,,no_accessible_pdf_found,https://pubs.rsc.org/en/content/articlepdf/2018/ee/c8ee01136b
High-Efficiency Light-Emitting Diodes of Organometal Halide Perovskite Amorphous Nanoparticles,2016,10.1021/acsnano.6b01540,https://openalex.org/W2418723742,403,True,https://repository.bilkent.edu.tr/bitstreams/2d522915-02cd-4784-b1a3-119b2b33f67b/download,http://hdl.handle.net/11693/36721,ACS Nano,10.1021acsnano.6b01540,high efficiency light emitting diodes of organometal halide perovskite amorphous nanoparticles,30.00707438980575,0.1,0.0,0.0,0.0,0.0,,,0.0,0.0,0.0,30.10707438980576,C:\Users\Fahad\Downloads\Fasial Work\000_LLM Review3\perovskite_ink_pipeline\perovskite_ink_pipeline\pdfs\2016_10.1021acsnano.6b01540_High-Efficiency_Light-Emitting_Diodes_of_Organometal_Halide_Perovskite_Amorphous_Nanoparticles.pdf,downloaded_pdf,https://repository.bilkent.edu.tr/server/api/core/bitstreams/2d522915-02cd-4784-b1a3-119b2b33f67b/content
A chemically inert bismuth interlayer enhances long-term stability of inverted perovskite solar cells,2019,10.1038/s41467-019-09167-0,https://openalex.org/W2922321003,378,True,https://www.nature.com/articles/s41467-019-09167-0.pdf,https://doi.org/10.1038/s41467-019-09167-0,Nature Communications,10.1038s41467-019-09167-0,a chemically inert bismuth interlayer enhances long term stability of inverted perovskite solar cells,29.68768102541213,0.4,0.0,0.0,0.0,0.0,,,0.0,0.0,0.0,30.08768102541213,C:\Users\Fahad\Downloads\Fasial Work\000_LLM Review3\perovskite_ink_pipeline\perovskite_ink_pipeline\pdfs\2019_10.1038s41467-019-09167-0_A_chemically_inert_bismuth_interlayer_enhances_long-term_stability_of_inverted_perovskite_solar_cells.pdf,downloaded_pdf,https://www.nature.com/articles/s41467-019-09167-0.pdf
Enhanced Charge Transport in 2D Perovskites via Fluorination of Organic Cation,2019,10.1021/jacs.9b00972,https://openalex.org/W2921931225,376,True,https://www.osti.gov/servlets/purl/1506616,https://www.osti.gov/biblio/1506616,Journal of the American Chemical Society,10.1021jacs.9b00972,enhanced charge transport in 2d perovskites via fluorination of organic cation,29.66122593724005,0.4,0.0,0.0,0.0,0.0,,,0.0,0.0,0.0,30.061225937240053,,html_parse_failed,https://www.osti.gov/servlets/purl/1506616
An open-access database and analysis tool for perovskite solar cells based on the FAIR data principles,2021,10.1038/s41560-021-00941-3,https://openalex.org/W4200394152,361,True,https://www.nature.com/articles/s41560-021-00941-3.pdf,https://doi.org/10.1038/s41560-021-00941-3,Nature Energy,10.1038s41560-021-00941-3,an open access database and analysis tool for perovskite solar cells based on the fair data principles,29.458221059128856,0.6,0.0,0.0,0.0,0.0,,,0.0,0.0,0.0,30.05822105912885,C:\Users\Fahad\Downloads\Fasial Work\000_LLM Review3\perovskite_ink_pipeline\perovskite_ink_pipeline\pdfs\2021_10.1038s41560-021-00941-3_An_open-access_database_and_analysis_tool_for_perovskite_solar_cells_based_on_the_FAIR_data_principles.pdf,downloaded_pdf,https://www.nature.com/articles/s41560-021-00941-3.pdf
Recent developments in perovskite-based precursor inks for scalable architectures of perovskite solar cell technology,2022,10.1039/d2se00162d,https://openalex.org/W4285206697,47,True,https://pubs.rsc.org/en/content/articlepdf/2022/se/d2se00162d,https://doi.org/10.1039/d2se00162d,Sustainable Energy & Fuels,10.1039d2se00162d,recent developments in perovskite based precursor inks for scalable architectures of perovskite solar cell technology,19.35600505453945,0.7,5.0,10.0,0.0,0.0,,,0.0,0.0,0.0,30.05600505453945,,no_accessible_pdf_found,https://pubs.rsc.org/en/content/articlepdf/2022/se/d2se00162d
Solution‐Processed Tin‐Based Perovskite for Near‐Infrared Lasing,2016,10.1002/adma.201601418,https://openalex.org/W2463375370,267,True,https://onlinelibrary.wiley.com/doi/pdfdirect/10.1002/adma.201601418,https://doi.org/10.1002/adma.201601418,Advanced Materials,10.1002adma.201601418,solution processed tin based perovskite for near infrared lasing,27.95493490255428,0.1,1.0,2.0,0.0,0.0,,,0.0,0.0,0.0,30.054934902554283,,no_accessible_pdf_found,https://onlinelibrary.wiley.com/doi/pdfdirect/10.1002/adma.201601418
Reducing Saturation‐Current Density to Realize High‐Efficiency Low‐Bandgap Mixed Tin–Lead Halide Perovskite Solar Cells,2018,10.1002/aenm.201803135,https://openalex.org/W2903393784,381,True,https://www.osti.gov/servlets/purl/1487330,https://www.osti.gov/biblio/1487330,Advanced Energy Materials,10.1002aenm.201803135,reducing saturation current density to realize high efficiency low bandgap mixed tin lead halide perovskite solar cells,29.72710304303288,0.3,0.0,0.0,0.0,0.0,,,0.0,0.0,0.0,30.02710304303288,,html_parse_failed,https://www.osti.gov/servlets/purl/1487330
A Photonic Crystal Laser from Solution Based Organo-Lead Iodide Perovskite Thin Films,2016,10.1021/acsnano.5b08153,https://openalex.org/W2306803460,265,True,https://dr.ntu.edu.sg/bitstream/10356/141273/2/Manuscript.pdf,https://hdl.handle.net/10356/141273,ACS Nano,10.1021acsnano.5b08153,a photonic crystal laser from solution based organo lead iodide perovskite thin films,27.91748154390849,0.1,1.0,2.0,0.0,0.0,,,0.0,0.0,0.0,30.01748154390849,,downloaded_but_file_missing,https://dr.ntu.edu.sg/bitstream/10356/141273/2/Manuscript.pdf
Strain effects on halide perovskite solar cells,2022,10.1039/d2cs00278g,https://openalex.org/W4289868437,347,True,https://pubs.rsc.org/en/content/articlepdf/2022/cs/d2cs00278g,https://doi.org/10.1039/d2cs00278g,Chemical Society Reviews,10.1039d2cs00278g,strain effects on halide perovskite solar cells,29.26101239887237,0.7,0.0,0.0,0.0,0.0,,,0.0,0.0,0.0,29.961012398872374,,no_accessible_pdf_found,https://pubs.rsc.org/en/content/articlepdf/2022/cs/d2cs00278g
